cian_id,deal_type,rooms,is_studio,price_rub,price_per_m2,total_area,living_area,kitchen_area,floor,floors_total,build_year,material,district,microdistrict,sale_type,is_newbuild,jk_name,address,metro,metro_time,metro_transport,lat,lng,deposit,utilities_included,client_fee_pct,lease_term,added,url,subcategory,collected_at,subcat_label,deal_label,is_first_floor,is_last_floor,age
331386095,rent,1,False,170000,5862.07,29.0,,,5,6,,monolith,Хамовники,,,False,Roza Rossa,"Москва, Зубовская улица, 7",Парк Культуры,10,пешком,55.736934,37.583365,170000.0,True,0.0,longTerm,2026-09-04,https://www.cian.ru/rent/flat/331386095/,1,2026-09-05 11:26,1-комнатные,Аренда,False,False,
333443253,rent,1,False,130000,3095.24,42.0,24.0,11.0,7,9,1963.0,brick,Хамовники,,,False,,"Россия, Москва, Комсомольский проспект, 25к3",Фрунзенская,3,пешком,55.726071,37.582942,130000.0,True,0.0,longTerm,2026-09-04,https://www.cian.ru/rent/flat/333443253/,1,2026-09-05 11:26,1-комнатные,Аренда,False,False,63.0
333592492,rent,1,False,90000,1800.0,50.0,25.0,16.0,3,5,1922.0,brick,Хамовники,,,False,,"Россия, Москва, улица Бурденко, 16/12",Парк Культуры,11,пешком,55.738875,37.580571,90000.0,True,30.0,longTerm,2026-09-04,https://www.cian.ru/rent/flat/333592492/,1,2026-09-05 11:26,1-комнатные,Аренда,False,False,104.0
333089404,rent,1,False,99990,3124.69,32.0,,,5,5,1961.0,panel,Хамовники,,,False,,"Россия, Москва, Новодевичий проезд, 8",Спортивная,11,пешком,55.730081,37.558463,100000.0,True,50.0,longTerm,2026-08-24,https://www.cian.ru/rent/flat/333089404/,1,2026-09-05 11:26,1-комнатные,Аренда,False,True,65.0
333441274,rent,1,False,67000,2233.33,30.0,18.0,7.0,1,8,1960.0,brick,Хамовники,,,False,,"Россия, Москва, 1-я Фрунзенская улица, 5",Фрунзенская,6,пешком,55.72636,37.585134,67000.0,True,70.0,longTerm,2026-09-02,https://www.cian.ru/rent/flat/333441274/,1,2026-09-05 11:26,1-комнатные,Аренда,True,False,66.0
331911968,rent,1,False,150000,2884.62,52.0,31.0,6.0,8,11,1956.0,brick,Хамовники,,,False,,"Россия, Москва, Смоленская-Сенная площадь, 23/25",Смоленская,7,пешком,55.743923,37.582655,150000.0,True,50.0,longTerm,2026-09-04,https://www.cian.ru/rent/flat/331911968/,1,2026-09-05 11:26,1-комнатные,Аренда,False,False,70.0
332160205,rent,1,False,110000,3142.86,35.0,19.3,10.8,2,10,2021.0,monolith,Хамовники,,,False,,"Россия, Москва, Ростовская набережная, 3",Смоленская,10,пешком,55.744064,37.576196,50000.0,True,50.0,longTerm,2026-09-04,https://www.cian.ru/rent/flat/332160205/,1,2026-09-05 11:26,1-комнатные,Аренда,False,False,5.0
329387975,rent,1,False,150000,3061.22,49.0,25.0,15.0,7,8,1931.0,brick,Хамовники,,,False,,"Россия, Москва, Гоголевский бульвар, 8",Кропоткинская,2,пешком,55.746243,37.600711,150000.0,True,0.0,longTerm,2026-09-04,https://www.cian.ru/rent/flat/329387975/,1,2026-09-05 11:26,1-комнатные,Аренда,False,False,95.0
325263392,rent,1,False,125000,3396.74,36.8,16.0,9.0,1,5,1914.0,brick,Хамовники,,,False,,"Россия, Москва, Плотников переулок, 6/8",Смоленская,8,пешком,55.744667,37.588799,125000.0,True,0.0,longTerm,2026-09-04,https://www.cian.ru/rent/flat/325263392/,1,2026-09-05 11:26,1-комнатные,Аренда,True,False,112.0
333468486,rent,1,False,150000,3409.09,44.0,35.0,7.0,8,9,1961.0,brick,Хамовники,,,False,,"Россия, Москва, Комсомольский проспект, 30",Фрунзенская,4,пешком,55.725225,37.578487,300000.0,True,0.0,longTerm,2026-09-03,https://www.cian.ru/rent/flat/333468486/,1,2026-09-05 11:26,1-комнатные,Аренда,False,False,65.0
331928971,rent,1,False,85000,2833.33,30.0,15.0,7.0,11,12,1974.0,panel,Хамовники,,,False,,"Россия, Москва, Погодинская улица, 14",Спортивная,15,пешком,55.731642,37.565614,85000.0,True,0.0,longTerm,2026-07-12,https://www.cian.ru/rent/flat/331928971/,1,2026-09-05 11:26,1-комнатные,Аренда,False,False,52.0
333101992,rent,1,False,75000,1875.0,40.0,16.0,9.0,3,5,,stalin,Хамовники,,,False,,"Россия, Москва, улица Усачёва, 29к1",Спортивная,2,пешком,55.724429,37.563817,75000.0,True,50.0,longTerm,2026-09-04,https://www.cian.ru/rent/flat/333101992/,1,2026-09-05 11:26,1-комнатные,Аренда,False,False,
333207889,rent,1,False,75000,2142.86,35.0,19.0,6.0,7,8,1962.0,brick,Хамовники,,,False,,"Россия, Москва, Новодевичий проезд, 4",Спортивная,10,пешком,55.728976,37.558688,75000.0,True,60.0,longTerm,2026-08-31,https://www.cian.ru/rent/flat/333207889/,1,2026-09-05 11:26,1-комнатные,Аренда,False,False,64.0
227840989,rent,1,False,75000,1923.08,39.0,21.0,10.0,4,10,1967.0,brick,Хамовники,,,False,,"Россия, Москва, улица Льва Толстого, 3",Парк Культуры,7,пешком,55.731881,37.589743,75000.0,True,70.0,longTerm,2026-09-02,https://www.cian.ru/rent/flat/227840989/,1,2026-09-05 11:26,1-комнатные,Аренда,False,False,59.0
333479422,rent,1,False,140000,3181.82,44.0,24.0,,2,9,1946.0,brick,Хамовники,,,False,,"Россия, Москва, Саввинская набережная, 3",Киевская,10,пешком,55.738799,37.570977,140000.0,True,50.0,longTerm,2026-09-02,https://www.cian.ru/rent/flat/333479422/,1,2026-09-05 11:26,1-комнатные,Аренда,False,False,80.0
333511108,rent,1,False,86000,2457.14,35.0,21.0,6.0,1,5,1960.0,brick,Хамовники,,,False,,"Россия, Москва, Малая Пироговская улица, 23",Спортивная,8,пешком,55.727192,37.565784,86000.0,True,50.0,longTerm,2026-09-02,https://www.cian.ru/rent/flat/333511108/,1,2026-09-05 11:26,1-комнатные,Аренда,True,False,66.0
331645948,rent,1,False,80000,2051.28,39.0,25.0,8.0,7,12,1976.0,brick,Хамовники,,,False,,"Россия, Москва, улица Тимура Фрунзе, 30",Парк Культуры,7,пешком,55.736716,37.586634,80000.0,True,50.0,longTerm,2026-08-15,https://www.cian.ru/rent/flat/331645948/,1,2026-09-05 11:26,1-комнатные,Аренда,False,False,50.0
191702214,rent,1,False,80000,2162.16,37.0,19.0,7.0,10,10,1964.0,brick,Хамовники,,,False,,"Россия, Москва, 1-я Фрунзенская улица, 8",Фрунзенская,5,пешком,55.727886,37.585404,80000.0,True,50.0,longTerm,2026-08-31,https://www.cian.ru/rent/flat/191702214/,1,2026-09-05 11:26,1-комнатные,Аренда,False,True,62.0
333241127,rent,1,False,105000,2625.0,40.0,18.0,12.0,8,8,1961.0,brick,Хамовники,,,False,,"Россия, Москва, Комсомольский проспект, 9",Парк Культуры,7,пешком,55.730477,37.590749,105000.0,True,50.0,longTerm,2026-09-01,https://www.cian.ru/rent/flat/333241127/,1,2026-09-05 11:26,1-комнатные,Аренда,False,True,65.0
318442905,rent,1,False,95000,2467.53,38.5,18.0,9.0,2,9,,,Хамовники,,,False,,"Россия, Москва, Несвижский переулок, 4",Фрунзенская,9,пешком,55.731516,37.58632,100000.0,True,0.0,longTerm,2026-09-04,https://www.cian.ru/rent/flat/318442905/,1,2026-09-05 11:26,1-комнатные,Аренда,False,False,
329981382,rent,1,False,85000,2297.3,37.0,18.0,10.0,2,10,1963.0,brick,Хамовники,,,False,,"Россия, Москва, Комсомольский проспект, 25к3",Фрунзенская,3,пешком,55.726071,37.582942,85000.0,True,70.0,longTerm,2026-09-02,https://www.cian.ru/rent/flat/329981382/,1,2026-09-05 11:26,1-комнатные,Аренда,False,False,63.0
333580393,rent,1,False,85000,2672.96,31.8,21.5,6.0,8,9,1964.0,block,Хамовники,,,False,,"Россия, Москва, Усачёва улица, 21",Спортивная,4,пешком,55.725569,37.566216,85000.0,True,50.0,longTerm,2026-09-03,https://www.cian.ru/rent/flat/333580393/,1,2026-09-05 11:26,1-комнатные,Аренда,False,False,62.0
298970024,rent,1,False,80000,2424.24,33.0,20.0,7.0,3,8,1960.0,brick,Хамовники,,,False,,"Россия, Москва, 1-я Фрунзенская улица, 5",Фрунзенская,6,пешком,55.72636,37.585134,80000.0,True,50.0,longTerm,2026-08-24,https://www.cian.ru/rent/flat/298970024/,1,2026-09-05 11:26,1-комнатные,Аренда,False,False,66.0
320847418,rent,1,False,200000,3921.57,51.0,,15.0,3,7,,,Хамовники,,,False,Clerkenwell House,"Россия, Москва, Комсомольский проспект, 42с2",Спортивная,8,пешком,55.721731,37.572899,200000.0,True,50.0,longTerm,2026-09-02,https://www.cian.ru/rent/flat/320847418/,1,2026-09-05 11:26,1-комнатные,Аренда,False,False,
333194436,rent,1,False,95000,2878.79,33.0,17.0,5.7,2,8,,brick,Хамовники,,,False,,"Россия, Москва, Комсомольский проспект, 11",Парк Культуры,8,пешком,55.730112,37.590156,95000.0,True,0.0,longTerm,2026-09-04,https://www.cian.ru/rent/flat/333194436/,1,2026-09-05 11:26,1-комнатные,Аренда,False,False,
333178653,rent,1,False,90000,2222.22,40.5,19.0,8.0,6,9,1975.0,,Хамовники,,,False,,"Россия, Москва, Ружейный переулок, 4с3",Смоленская,9,пешком,55.743132,37.578765,90000.0,True,50.0,longTerm,2026-08-31,https://www.cian.ru/rent/flat/333178653/,1,2026-09-05 11:26,1-комнатные,Аренда,False,False,51.0
333467414,rent,1,False,130000,3250.0,40.0,22.0,8.0,11,12,1976.0,brick,Хамовники,,,False,,"Россия, Москва, улица Тимура Фрунзе, 30",Парк Культуры,7,пешком,55.736716,37.586634,130000.0,True,50.0,longTerm,2026-09-01,https://www.cian.ru/rent/flat/333467414/,1,2026-09-05 11:26,1-комнатные,Аренда,False,False,50.0
332993460,rent,1,False,90000,2812.5,32.0,,6.0,7,8,1961.0,brick,Хамовники,,,False,,"Россия, Москва, Комсомольский проспект, 9",Парк Культуры,7,пешком,55.730477,37.590749,90000.0,True,50.0,longTerm,2026-09-02,https://www.cian.ru/rent/flat/332993460/,1,2026-09-05 11:26,1-комнатные,Аренда,False,False,65.0
333574176,rent,1,False,120000,3076.92,39.0,20.0,8.0,8,12,1975.0,,Хамовники,,,False,,"Россия, Москва, Зубовский проезд, 3",Парк Культуры,6,пешком,55.735941,37.588027,120000.0,True,50.0,longTerm,2026-09-03,https://www.cian.ru/rent/flat/333574176/,1,2026-09-05 11:26,1-комнатные,Аренда,False,False,51.0
324859426,rent,1,False,145000,3222.22,45.0,20.0,9.0,7,9,1969.0,,Хамовники,,,False,,"Россия, Москва, Учебный переулок, 1",Спортивная,5,пешком,55.724642,37.558796,145000.0,True,50.0,longTerm,2026-09-03,https://www.cian.ru/rent/flat/324859426/,1,2026-09-05 11:26,1-комнатные,Аренда,False,False,57.0
306608571,rent,1,False,290000,4142.86,70.0,,,8,15,2015.0,monolith,Хамовники,,,False,Barrin House,"Россия, Москва, Малая Пироговская улица, 8",Спортивная,11,пешком,55.72961,37.570474,290000.0,True,50.0,longTerm,2026-08-11,https://www.cian.ru/rent/flat/306608571/,1,2026-09-05 11:26,1-комнатные,Аренда,False,False,11.0
332994330,rent,1,False,100000,3921.57,25.5,20.0,5.0,3,5,,,Хамовники,,,False,Roza Rossa,"Россия, Москва, Зубовская улица, 7",Парк Культуры,10,пешком,55.736934,37.583365,100000.0,True,100.0,longTerm,2026-08-31,https://www.cian.ru/rent/flat/332994330/,1,2026-09-05 11:26,1-комнатные,Аренда,False,False,
331987383,rent,1,False,85000,1931.82,44.0,20.0,12.0,1,12,,brick,Хамовники,,,False,,"Россия, Москва, улица Усачёва, 40",Спортивная,7,пешком,55.726669,37.565883,85000.0,True,50.0,longTerm,2026-09-04,https://www.cian.ru/rent/flat/331987383/,1,2026-09-05 11:26,1-комнатные,Аренда,True,False,
333260760,rent,1,False,135000,3000.0,45.0,,10.0,4,9,1973.0,brick,Хамовники,,,False,,"Россия, Москва, улица Плющиха, 42",Киевская,11,пешком,55.741029,37.576313,135000.0,True,100.0,longTerm,2026-08-25,https://www.cian.ru/rent/flat/333260760/,1,2026-09-05 11:26,1-комнатные,Аренда,False,False,53.0
274091056,rent,1,False,95000,2714.29,35.0,18.0,10.0,7,9,1979.0,panel,Хамовники,,,False,,"Россия, Москва, Ростовская набережная, 1",Киевская,9,пешком,55.744723,37.576744,95000.0,True,100.0,longTerm,2026-09-03,https://www.cian.ru/rent/flat/274091056/,1,2026-09-05 11:26,1-комнатные,Аренда,False,False,47.0
333011412,rent,1,False,80000,1851.85,43.2,19.0,8.5,6,10,1959.0,brick,Хамовники,,,False,,"Россия, Москва, Фрунзенская набережная, 44с2",Фрунзенская,14,пешком,55.719647,37.582242,80000.0,True,50.0,longTerm,2026-08-31,https://www.cian.ru/rent/flat/333011412/,1,2026-09-05 11:26,1-комнатные,Аренда,False,False,67.0
330783738,rent,1,False,130000,4262.3,30.5,,6.0,2,5,1962.0,,Хамовники,,,False,,"Россия, Москва, Комсомольский проспект, 17",Фрунзенская,6,пешком,55.729432,37.587084,135000.0,True,50.0,longTerm,2026-09-02,https://www.cian.ru/rent/flat/330783738/,1,2026-09-05 11:26,1-комнатные,Аренда,False,False,64.0
332956736,rent,1,False,80000,1739.13,46.0,30.0,10.0,9,16,1988.0,block,Хамовники,,,False,,"Россия, Москва, Большой Саввинский переулок, 1",Киевская,15,пешком,55.73591,37.570788,80000.0,True,0.0,longTerm,2026-09-02,https://www.cian.ru/rent/flat/332956736/,1,2026-09-05 11:26,1-комнатные,Аренда,False,False,38.0
279175345,rent,1,False,83000,2075.0,40.0,25.0,7.0,10,10,1976.0,brick,Хамовники,,,False,,"Россия, Москва, Смоленская улица, 7",Смоленская,8,пешком,55.745199,37.578352,83000.0,True,50.0,longTerm,2026-09-03,https://www.cian.ru/rent/flat/279175345/,1,2026-09-05 11:26,1-комнатные,Аренда,False,True,50.0
333118768,rent,1,False,70000,2187.5,32.0,16.0,9.0,5,5,1960.0,brick,Хамовники,,,False,,"Россия, Москва, Малая Пироговская улица, 23",Спортивная,8,пешком,55.727192,37.565784,70000.0,True,60.0,longTerm,2026-08-20,https://www.cian.ru/rent/flat/333118768/,1,2026-09-05 11:26,1-комнатные,Аренда,False,True,66.0
333223187,rent,1,False,110000,2917.77,37.7,20.0,10.0,3,6,2014.0,brick,Хамовники,,,False,Николаевский дом,"Россия, Москва, Комсомольский проспект, 9А",Парк Культуры,7,пешком,55.730943,37.591189,110000.0,True,0.0,longTerm,2026-09-04,https://www.cian.ru/rent/flat/333223187/,1,2026-09-05 11:26,1-комнатные,Аренда,False,False,12.0
332721916,rent,1,False,98000,2390.24,41.0,20.0,8.5,8,14,1969.0,brick,Хамовники,,,False,,"Россия, Москва, Гагаринский переулок, 31",Кропоткинская,10,пешком,55.74449,37.590982,98000.0,True,0.0,longTerm,2026-09-02,https://www.cian.ru/rent/flat/332721916/,1,2026-09-05 11:26,1-комнатные,Аренда,False,False,57.0
333247692,rent,1,False,145000,5370.37,27.0,22.0,,2,4,1866.0,monolith,Хамовники,,,False,,"Россия, Москва, улица Волхонка, 5/6с9",Кропоткинская,4,пешком,55.747551,37.609443,145000.0,True,50.0,longTerm,2026-09-04,https://www.cian.ru/rent/flat/333247692/,1,2026-09-05 11:26,1-комнатные,Аренда,False,False,160.0
333460318,rent,1,False,100000,3225.81,31.0,,,2,5,1960.0,brick,Хамовники,,,False,,"Россия, Москва, Малая Пироговская улица, 23",Спортивная,8,пешком,55.727192,37.565784,100000.0,True,0.0,longTerm,2026-08-31,https://www.cian.ru/rent/flat/333460318/,1,2026-09-05 11:26,1-комнатные,Аренда,False,False,66.0
329273781,rent,1,False,85000,2361.11,36.0,20.0,6.0,2,8,1961.0,brick,Хамовники,,,False,,"Россия, Москва, Комсомольский проспект, 34",Фрунзенская,6,пешком,55.724287,37.577265,85000.0,True,50.0,longTerm,2026-09-02,https://www.cian.ru/rent/flat/329273781/,1,2026-09-05 11:26,1-комнатные,Аренда,False,False,65.0
319768330,rent,1,False,100000,3333.33,30.0,,8.0,3,7,,brick,Хамовники,,,False,,"Россия, Москва, Смоленская-Сенная площадь, 27с1А",Смоленская,6,пешком,55.745123,37.582484,100000.0,True,0.0,longTerm,2026-08-29,https://www.cian.ru/rent/flat/319768330/,1,2026-09-05 11:26,1-комнатные,Аренда,False,False,
333505765,rent,1,False,90000,2812.5,32.0,17.0,7.5,3,11,1966.0,brick,Хамовники,,,False,,"Россия, Москва, Несвижский переулок, 12",Фрунзенская,5,пешком,55.730335,37.582035,90000.0,True,40.0,longTerm,2026-09-04,https://www.cian.ru/rent/flat/333505765/,1,2026-09-05 11:26,1-комнатные,Аренда,False,False,60.0
330026280,rent,1,False,110000,3142.86,35.0,20.0,9.0,14,14,1973.0,block,Хамовники,,,False,,"Россия, Москва, Большой Саввинский переулок, 10с1",Киевская,16,пешком,55.733751,37.565802,110000.0,True,50.0,longTerm,2026-08-29,https://www.cian.ru/rent/flat/330026280/,1,2026-09-05 11:26,1-комнатные,Аренда,False,True,53.0
330469283,rent,1,False,135000,3824.36,35.3,20.0,9.0,2,9,2005.0,brick,Хамовники,,,False,,"Россия, Москва, Большой Саввинский переулок, 3",Фрунзенская,17,пешком,55.735581,37.570105,135000.0,True,0.0,longTerm,2026-08-28,https://www.cian.ru/rent/flat/330469283/,1,2026-09-05 11:26,1-комнатные,Аренда,False,False,21.0
242239052,rent,1,False,110000,3055.56,36.0,19.0,9.0,6,14,1972.0,brick,Хамовники,,,False,,"Москва, Хамовники, улица Большая Пироговская, д. 29/31",Спортивная,10,пешком,55.729594,37.56688,110000.0,True,0.0,longTerm,2026-08-25,https://www.cian.ru/rent/flat/242239052/,1,2026-09-05 11:26,1-комнатные,Аренда,False,False,54.0
333276938,rent,1,False,160000,3636.36,44.0,32.0,7.0,8,9,,brick,Хамовники,,,False,,"Москва, Хамовники район, Комсомольский пр-кт., д.30",Фрунзенская,4,пешком,55.725225,37.578487,320000.0,True,80.0,longTerm,2026-09-03,https://www.cian.ru/rent/flat/333276938/,1,2026-09-05 11:26,1-комнатные,Аренда,False,False,
332900536,rent,2,False,450000,4285.71,105.0,70.0,17.0,3,11,2008.0,brick,Хамовники,,,False,Фьюжн парк,"Москва, улица Усачева, 2 с 3",Фрунзенская,12,пешком,55.730426,37.574067,450000.0,True,0.0,longTerm,2026-09-03,https://www.cian.ru/rent/flat/332900536/,2,2026-09-05 11:26,2-комнатные,Аренда,False,False,18.0
333368993,rent,2,False,225000,2884.62,78.0,,16.0,3,5,1932.0,brick,Хамовники,,,False,,"Россия, Москва, Мансуровский переулок, 6",Парк Культуры,6,пешком,55.74033,37.595258,225000.0,True,50.0,longTerm,2026-09-04,https://www.cian.ru/rent/flat/333368993/,2,2026-09-05 11:26,2-комнатные,Аренда,False,False,94.0
333401015,rent,2,False,100000,1851.85,54.0,38.0,7.0,3,8,1961.0,brick,Хамовники,,,False,,"Россия, Москва, Комсомольский проспект, 11",Парк Культуры,8,пешком,55.730112,37.590156,100000.0,True,50.0,longTerm,2026-09-04,https://www.cian.ru/rent/flat/333401015/,2,2026-09-05 11:26,2-комнатные,Аренда,False,False,65.0
332535691,rent,2,False,200000,3846.15,52.0,28.0,5.0,7,9,,stalin,Хамовники,,,False,,"Москва, Фрунзенская набережная, 52",Спортивная,15,пешком,55.717046,37.578954,200000.0,True,0.0,longTerm,2026-09-04,https://www.cian.ru/rent/flat/332535691/,2,2026-09-05 11:26,2-комнатные,Аренда,False,False,
333141931,rent,2,False,135000,1800.0,75.0,61.0,9.0,2,2,,brick,Хамовники,,,False,,"г Москва, переулок Большой Знаменский, д 8/12 стр 4",Боровицкая,4,пешком,55.749228,37.605508,135000.0,True,0.0,longTerm,2026-09-04,https://www.cian.ru/rent/flat/333141931/,2,2026-09-05 11:26,2-комнатные,Аренда,False,True,
332023353,rent,2,False,115000,2483.8,46.3,,,8,8,1932.0,brick,Хамовники,,,False,,"Россия, Москва, переулок Сивцев Вражек, 15/25",Кропоткинская,8,пешком,55.747363,37.594486,125000.0,True,70.0,longTerm,2026-08-13,https://www.cian.ru/rent/flat/332023353/,2,2026-09-05 11:26,2-комнатные,Аренда,False,True,94.0
298936760,rent,2,False,550000,5500.0,100.0,75.0,10.0,6,8,,,Хамовники,,,False,Садовые кварталы,"Россия, Москва, улица Ефремова, 10с1",Спортивная,7,пешком,55.725955,37.573133,550000.0,True,30.0,longTerm,2026-09-04,https://www.cian.ru/rent/flat/298936760/,2,2026-09-05 11:26,2-комнатные,Аренда,False,False,
333286593,rent,2,False,125000,2155.17,58.0,,10.0,1,16,1957.0,brick,Хамовники,,,False,,"Россия, Москва, Фрунзенская набережная, 50",Спортивная,14,пешком,55.718633,37.576879,130000.0,True,50.0,longTerm,2026-09-04,https://www.cian.ru/rent/flat/333286593/,2,2026-09-05 11:26,2-комнатные,Аренда,True,False,69.0
333531479,rent,2,False,120000,2142.86,56.0,33.0,8.0,2,4,1926.0,,Хамовники,,,False,,"Россия, Москва, Языковский переулок, 5к5",Фрунзенская,7,пешком,55.731404,37.583248,120000.0,True,0.0,longTerm,2026-09-02,https://www.cian.ru/rent/flat/333531479/,2,2026-09-05 11:26,2-комнатные,Аренда,False,False,100.0
332447323,rent,2,False,300000,3703.7,81.0,,,1,2,1900.0,,Хамовники,,,False,,"Россия, Москва, улица Пречистенка, 8с2",Кропоткинская,1,пешком,55.744531,37.599381,300000.0,True,0.0,longTerm,2026-09-05,https://www.cian.ru/rent/flat/332447323/,2,2026-09-05 11:26,2-комнатные,Аренда,True,False,126.0
333436860,rent,2,False,325000,3611.11,90.0,60.0,15.0,10,15,2007.0,,Хамовники,,,False,,"Россия, Москва, Саввинская набережная, 9",Киевская,11,пешком,55.736914,37.569396,325000.0,True,0.0,longTerm,2026-09-04,https://www.cian.ru/rent/flat/333436860/,2,2026-09-05 11:26,2-комнатные,Аренда,False,False,19.0
333327040,rent,2,False,85000,1416.67,60.0,37.0,10.0,2,11,1956.0,brick,Хамовники,,,False,,"Россия, Москва, улица Хамовнический Вал, 2",Спортивная,15,пешком,55.716133,37.576492,85000.0,True,70.0,longTerm,2026-09-02,https://www.cian.ru/rent/flat/333327040/,2,2026-09-05 11:26,2-комнатные,Аренда,False,False,70.0
331229439,rent,2,False,230000,4339.62,53.0,,,7,9,1939.0,brick,Хамовники,,,False,,"Россия, Москва, Фрунзенская набережная, 48",Спортивная,18,пешком,55.717873,37.579681,,True,0.0,longTerm,2026-09-05,https://www.cian.ru/rent/flat/331229439/,2,2026-09-05 11:26,2-комнатные,Аренда,False,False,87.0
317147894,rent,2,False,145000,2530.54,57.3,34.5,12.0,7,8,1960.0,brick,Хамовники,,,False,,"Россия, Москва, Фрунзенская набережная, 16к1",Парк Культуры,8,пешком,55.730177,37.592446,145000.0,True,50.0,longTerm,2026-09-02,https://www.cian.ru/rent/flat/317147894/,2,2026-09-05 11:26,2-комнатные,Аренда,False,False,66.0
333406880,rent,2,False,95000,2111.11,45.0,,,5,8,1960.0,brick,Хамовники,,,False,,"Россия, Москва, Новодевичий проезд, 6",Спортивная,11,пешком,55.729564,37.558463,90000.0,True,50.0,longTerm,2026-08-30,https://www.cian.ru/rent/flat/333406880/,2,2026-09-05 11:26,2-комнатные,Аренда,False,False,66.0
332875094,rent,2,False,380000,6333.33,60.0,31.0,13.0,8,15,,,Хамовники,,,False,Садовые кварталы,"Москва, Усачева ул., 15",Фрунзенская,14,пешком,55.726836,37.570357,380000.0,True,0.0,longTerm,2026-09-05,https://www.cian.ru/rent/flat/332875094/,2,2026-09-05 11:26,2-комнатные,Аренда,False,False,
333471459,rent,2,False,120000,2181.82,55.0,36.0,6.0,5,5,1925.0,brick,Хамовники,,,False,,"Россия, Москва, 1-й переулок Тружеников, 19/4с3",Фрунзенская,15,пешком,55.736493,37.572684,120000.0,True,100.0,longTerm,2026-09-05,https://www.cian.ru/rent/flat/333471459/,2,2026-09-05 11:26,2-комнатные,Аренда,False,True,101.0
333565508,rent,2,False,110000,2291.67,48.0,,,3,10,1973.0,brick,Хамовники,,,False,,"Россия, Москва, Смоленская улица, 7",Смоленская,8,пешком,55.745199,37.578352,110000.0,True,50.0,longTerm,2026-09-03,https://www.cian.ru/rent/flat/333565508/,2,2026-09-05 11:26,2-комнатные,Аренда,False,False,53.0
333327832,rent,2,False,155000,2818.18,55.0,30.0,12.0,4,8,1960.0,brick,Хамовники,,,False,,"Россия, Москва, 1-я Фрунзенская улица, 5",Фрунзенская,6,пешком,55.72636,37.585134,,True,50.0,longTerm,2026-09-02,https://www.cian.ru/rent/flat/333327832/,2,2026-09-05 11:26,2-комнатные,Аренда,False,False,66.0
330330951,rent,2,False,200000,2816.9,71.0,40.0,10.0,3,7,1961.0,brick,Хамовники,,,False,,"Москва, Малая Пироговская улица, 21",Спортивная,7,пешком,55.727166,37.566818,200000.0,True,50.0,longTerm,2026-08-28,https://www.cian.ru/rent/flat/330330951/,2,2026-09-05 11:26,2-комнатные,Аренда,False,False,65.0
333441204,rent,2,False,120000,1951.22,61.5,40.0,15.0,12,12,1970.0,brick,Хамовники,,,False,,"Россия, Москва, улица Льва Толстого, 7",Парк Культуры,9,пешком,55.732656,37.587919,120000.0,True,50.0,longTerm,2026-08-31,https://www.cian.ru/rent/flat/333441204/,2,2026-09-05 11:26,2-комнатные,Аренда,False,True,56.0
331881061,rent,2,False,250000,5000.0,50.0,27.0,8.0,3,6,2022.0,monolithBrick,Хамовники,,,False,Roza Rossa,"Россия, Москва город, улица Зубовская, дом 7",Фрунзенская,16,пешком,55.736934,37.583365,250000.0,True,0.0,longTerm,2026-09-04,https://www.cian.ru/rent/flat/331881061/,2,2026-09-05 11:26,2-комнатные,Аренда,False,False,4.0
333338131,rent,2,False,170000,2741.94,62.0,42.0,15.0,15,16,,monolith,Хамовники,,,False,Смоленская Застава,"г Москва, Ружейный пер, д 3",Смоленская,10,пешком,55.742955,37.580517,170000.0,True,0.0,longTerm,2026-09-03,https://www.cian.ru/rent/flat/333338131/,2,2026-09-05 11:26,2-комнатные,Аренда,False,False,
333260791,rent,2,False,130000,2131.15,61.0,,9.0,2,9,,,Хамовники,,,False,,"Россия, Москва, Большой Лёвшинский переулок, 14/22",Смоленская,10,пешком,55.741576,37.585449,135000.0,True,50.0,longTerm,2026-09-02,https://www.cian.ru/rent/flat/333260791/,2,2026-09-05 11:26,2-комнатные,Аренда,False,False,
333353475,rent,2,False,125000,2358.49,53.0,30.0,11.0,8,9,1966.0,brick,Хамовники,,,False,,"Россия, Москва, Большой Саввинский переулок, 19",Спортивная,17,пешком,55.732666,37.56547,125000.0,True,0.0,longTerm,2026-09-04,https://www.cian.ru/rent/flat/333353475/,2,2026-09-05 11:26,2-комнатные,Аренда,False,False,60.0
332409882,rent,2,False,230000,3333.33,69.0,40.0,8.0,4,4,1910.0,brick,Хамовники,,,False,,"Россия, Москва, Малый Власьевский переулок, 7А",Кропоткинская,9,пешком,55.74636,37.591872,250000.0,True,0.0,longTerm,2026-09-01,https://www.cian.ru/rent/flat/332409882/,2,2026-09-05 11:26,2-комнатные,Аренда,False,True,116.0
333465790,rent,2,False,120000,1875.0,64.0,40.0,6.0,3,5,,brick,Хамовники,,,False,,"г Москва, ул Кооперативная, д 2 к 12",Спортивная,5,пешком,55.724778,37.567069,120000.0,True,50.0,longTerm,2026-09-05,https://www.cian.ru/rent/flat/333465790/,2,2026-09-05 11:26,2-комнатные,Аренда,False,False,
333608717,rent,2,False,200000,4651.16,43.0,20.0,6.0,8,8,1961.0,brick,Хамовники,,,False,,"Россия, Москва, Комсомольский проспект, 30",Фрунзенская,4,пешком,55.725225,37.578487,,True,0.0,longTerm,2026-09-04,https://www.cian.ru/rent/flat/333608717/,2,2026-09-05 11:26,2-комнатные,Аренда,False,True,65.0
331926281,rent,2,False,130000,1836.16,70.8,37.0,9.0,5,12,,stalin,Хамовники,,,False,,"Россия, Москва, 3-я Фрунзенская улица, 1",Фрунзенская,16,пешком,55.719313,37.581271,130000.0,True,50.0,longTerm,2026-09-04,https://www.cian.ru/rent/flat/331926281/,2,2026-09-05 11:26,2-комнатные,Аренда,False,False,
330406026,rent,2,False,80000,1777.78,45.0,30.0,7.0,5,10,1963.0,,Хамовники,,,False,,"Россия, Москва, 1-я Фрунзенская улица, 6",Фрунзенская,5,пешком,55.727612,37.586563,80000.0,True,60.0,longTerm,2026-08-30,https://www.cian.ru/rent/flat/330406026/,2,2026-09-05 11:26,2-комнатные,Аренда,False,False,63.0
333199065,rent,2,False,90000,2093.02,43.0,30.0,7.0,8,8,1961.0,brick,Хамовники,,,False,,"Россия, Москва, Комсомольский проспект, 34",Фрунзенская,6,пешком,55.724287,37.577265,90000.0,True,60.0,longTerm,2026-08-24,https://www.cian.ru/rent/flat/333199065/,2,2026-09-05 11:26,2-комнатные,Аренда,False,True,65.0
330889594,rent,2,False,85000,1888.89,45.0,30.0,7.0,4,10,,brick,Хамовники,,,False,,"Москва, Хамовники район, Фрунзенская 1-я ул., д.6",Фрунзенская,5,пешком,55.727612,37.586563,89000.0,True,40.0,longTerm,2026-09-04,https://www.cian.ru/rent/flat/330889594/,2,2026-09-05 11:26,2-комнатные,Аренда,False,False,
332275314,rent,2,False,120000,1714.29,70.0,35.0,10.0,6,10,1975.0,brick,Хамовники,,,False,,"Россия, Москва, Гагаринский переулок, 6",Кропоткинская,3,пешком,55.745053,37.598106,120000.0,True,60.0,longTerm,2026-09-03,https://www.cian.ru/rent/flat/332275314/,2,2026-09-05 11:26,2-комнатные,Аренда,False,False,51.0
333108020,rent,2,False,95000,1739.93,54.6,32.0,9.0,7,9,1958.0,brick,Хамовники,,,False,,"Россия, Москва, 3-я Фрунзенская улица, 7",Спортивная,14,пешком,55.719911,37.576825,95000.0,True,60.0,longTerm,2026-09-01,https://www.cian.ru/rent/flat/333108020/,2,2026-09-05 11:26,2-комнатные,Аренда,False,False,68.0
333545297,rent,2,False,100000,2222.22,45.0,28.0,9.0,6,9,1966.0,brick,Хамовники,,,False,,"Россия, Москва, Большой Саввинский переулок, 19",Спортивная,17,пешком,55.732666,37.56547,100000.0,True,50.0,longTerm,2026-09-02,https://www.cian.ru/rent/flat/333545297/,2,2026-09-05 11:26,2-комнатные,Аренда,False,False,60.0
332839379,rent,2,False,100000,1851.85,54.0,36.0,10.0,6,8,1958.0,,Хамовники,,,False,,"Россия, Москва, улица Хамовнический Вал, 24",Спортивная,7,пешком,55.719749,37.569809,100000.0,True,0.0,longTerm,2026-08-15,https://www.cian.ru/rent/flat/332839379/,2,2026-09-05 11:26,2-комнатные,Аренда,False,False,68.0
332917221,rent,2,False,135000,1800.0,75.0,61.0,9.0,2,2,1926.0,,Хамовники,,,False,,"Россия, Москва, Большой Знаменский переулок, 8/12с4",Боровицкая,4,пешком,55.749228,37.605508,135000.0,True,0.0,longTerm,2026-08-29,https://www.cian.ru/rent/flat/332917221/,2,2026-09-05 11:26,2-комнатные,Аренда,False,True,100.0
295735441,rent,2,False,120000,2068.97,58.0,35.0,10.0,4,5,1926.0,brick,Хамовники,,,False,,"Россия, Москва, Усачёва улица, 19Ак3",Спортивная,7,пешком,55.725554,37.568749,120000.0,True,40.0,longTerm,2026-09-02,https://www.cian.ru/rent/flat/295735441/,2,2026-09-05 11:26,2-комнатные,Аренда,False,False,100.0
317859534,rent,2,False,140000,2745.1,51.0,28.0,6.0,7,7,,,Хамовники,,,False,,"Россия, Москва, Фрунзенская набережная, 8",Парк Культуры,5,пешком,55.733188,37.595105,140000.0,True,40.0,longTerm,2026-08-13,https://www.cian.ru/rent/flat/317859534/,2,2026-09-05 11:26,2-комнатные,Аренда,False,True,
332896738,rent,2,False,85000,1734.69,49.0,,,1,12,1976.0,brick,Хамовники,,,False,,"Россия, Москва, улица Тимура Фрунзе, 30",Парк Культуры,7,пешком,55.736716,37.586634,85000.0,True,50.0,longTerm,2026-09-04,https://www.cian.ru/rent/flat/332896738/,2,2026-09-05 11:26,2-комнатные,Аренда,True,False,50.0
330055417,rent,2,False,110000,2391.3,46.0,32.0,6.0,5,5,1959.0,brick,Хамовники,,,False,,"Россия, Москва, улица Ефремова, 15/22",Фрунзенская,8,пешком,55.723962,37.573285,110000.0,True,90.0,longTerm,2026-08-31,https://www.cian.ru/rent/flat/330055417/,2,2026-09-05 11:26,2-комнатные,Аренда,False,True,67.0
330264970,rent,2,False,200000,2702.7,74.0,45.0,15.0,5,6,2014.0,monolith,Хамовники,,,False,Clerkenwell House,"Россия, Москва, Комсомольский проспект, 42с2",Спортивная,8,пешком,55.721731,37.572899,200000.0,True,0.0,longTerm,2026-09-02,https://www.cian.ru/rent/flat/330264970/,2,2026-09-05 11:26,2-комнатные,Аренда,False,False,12.0
319248815,rent,2,False,180000,3272.73,55.0,29.7,9.0,2,7,,,Хамовники,,,False,,"Россия, Москва, Смоленская-Сенная площадь, 27с1А",Смоленская,6,пешком,55.745123,37.582484,180000.0,True,30.0,longTerm,2026-09-03,https://www.cian.ru/rent/flat/319248815/,2,2026-09-05 11:26,2-комнатные,Аренда,False,False,
327865667,rent,2,False,155000,3444.44,45.0,,20.0,1,5,1890.0,brick,Хамовники,,,False,,"Москва, Москва, Зубовский бульвар, 29",Парк Культуры,5,пешком,55.737238,37.588072,155000.0,True,0.0,longTerm,2026-09-04,https://www.cian.ru/rent/flat/327865667/,2,2026-09-05 11:26,2-комнатные,Аренда,True,False,136.0
332647780,rent,2,False,90000,1636.36,55.0,31.0,9.0,2,12,1957.0,brick,Хамовники,,,False,,"Россия, Москва, Комсомольский проспект, 45",Спортивная,11,пешком,55.719967,37.573896,90000.0,True,60.0,longTerm,2026-09-04,https://www.cian.ru/rent/flat/332647780/,2,2026-09-05 11:26,2-комнатные,Аренда,False,False,69.0
333237906,rent,2,False,165000,2704.92,61.0,47.0,7.0,4,10,1955.0,brick,Хамовники,,,False,,"Россия, Москва, 3-я Фрунзенская улица, 9",Фрунзенская,10,пешком,55.721234,37.576816,165000.0,True,50.0,longTerm,2026-09-03,https://www.cian.ru/rent/flat/333237906/,2,2026-09-05 11:26,2-комнатные,Аренда,False,False,71.0
332903076,rent,2,False,100000,2222.22,45.0,30.0,6.0,2,5,,panel,Хамовники,,,False,,"Москва, Кропоткинский пер, 20стр1",Парк Культуры,9,пешком,55.740806,37.588494,100000.0,True,50.0,longTerm,2026-09-04,https://www.cian.ru/rent/flat/332903076/,2,2026-09-05 11:26,2-комнатные,Аренда,False,False,
333510784,rent,2,False,134000,2233.33,60.0,37.0,10.0,6,16,1967.0,panel,Хамовники,,,False,,"Россия, Москва, Большой Афанасьевский переулок, 11-13",Кропоткинская,5,пешком,55.746208,37.596821,134000.0,True,0.0,longTerm,2026-09-04,https://www.cian.ru/rent/flat/333510784/,2,2026-09-05 11:26,2-комнатные,Аренда,False,False,59.0
331622277,rent,2,False,120000,2307.69,52.0,32.0,8.0,3,8,1960.0,brick,Хамовники,,,False,,"Россия, Москва, Большая Пироговская улица, 35Ас2",Фрунзенская,17,пешком,55.729047,37.566117,120000.0,True,50.0,longTerm,2026-09-04,https://www.cian.ru/rent/flat/331622277/,2,2026-09-05 11:26,2-комнатные,Аренда,False,False,66.0
332328605,rent,2,False,130000,2083.33,62.4,,10.0,8,12,1967.0,brick,Хамовники,,,False,,"Россия, Москва, Гагаринский переулок, 24/7с1",Кропоткинская,9,пешком,55.745123,37.590704,130000.0,True,50.0,longTerm,2026-09-02,https://www.cian.ru/rent/flat/332328605/,2,2026-09-05 11:26,2-комнатные,Аренда,False,False,59.0
333569715,rent,2,False,155000,2214.29,70.0,60.0,4.0,1,14,,panel,Хамовники,,,False,,"г Москва, ул Усачёва, д 40",Спортивная,7,пешком,55.726669,37.565883,155000.0,True,50.0,longTerm,2026-09-03,https://www.cian.ru/rent/flat/333569715/,2,2026-09-05 11:26,2-комнатные,Аренда,True,False,
331214814,rent,2,False,110000,2200.0,50.0,30.0,8.0,4,8,1961.0,brick,Хамовники,,,False,,"Россия, Москва, Малая Пироговская улица, 21",Спортивная,7,пешком,55.727166,37.566818,110000.0,True,50.0,longTerm,2026-08-18,https://www.cian.ru/rent/flat/331214814/,2,2026-09-05 11:26,2-комнатные,Аренда,False,False,65.0
329413808,rent,2,False,149000,2483.33,60.0,38.0,10.0,2,4,1956.0,brick,Хамовники,,,False,,"Россия, Москва, Пуговишников переулок, 9",Парк Культуры,11,пешком,55.731789,37.585808,149000.0,True,0.0,longTerm,2026-08-26,https://www.cian.ru/rent/flat/329413808/,2,2026-09-05 11:26,2-комнатные,Аренда,False,False,70.0
332752054,rent,2,False,130000,2363.64,55.0,35.0,8.0,5,8,1960.0,brick,Хамовники,,,False,,"Россия, Москва, Фрунзенская набережная, 16к1",Парк Культуры,8,пешком,55.730177,37.592446,130000.0,True,50.0,longTerm,2026-09-04,https://www.cian.ru/rent/flat/332752054/,2,2026-09-05 11:26,2-комнатные,Аренда,False,False,66.0
333477352,rent,2,False,130000,2096.77,62.0,40.0,8.5,5,5,1939.0,brick,Хамовники,,,False,,"Россия, Москва, Малый Лёвшинский переулок, 14/9с1",Парк Культуры,10,пешком,55.742514,37.589536,130000.0,True,50.0,longTerm,2026-09-02,https://www.cian.ru/rent/flat/333477352/,2,2026-09-05 11:26,2-комнатные,Аренда,False,True,87.0
321960207,rent,2,False,155000,2870.37,54.0,23.0,27.0,2,8,,,Хамовники,,,False,,"Россия, Москва, улица Хамовнический Вал, 16",Спортивная,12,пешком,55.717994,37.572369,155000.0,True,50.0,longTerm,2026-08-31,https://www.cian.ru/rent/flat/321960207/,2,2026-09-05 11:26,2-комнатные,Аренда,False,False,
329700667,rent,2,False,95000,2111.11,45.0,27.0,10.0,2,9,1959.0,brick,Хамовники,,,False,,"Россия, Москва, улица Хамовнический Вал, 10",Фрунзенская,19,пешком,55.717234,37.573977,95000.0,True,45.0,longTerm,2026-08-30,https://www.cian.ru/rent/flat/329700667/,2,2026-09-05 11:26,2-комнатные,Аренда,False,False,67.0
280704142,rent,2,False,140000,2269.04,61.7,40.0,12.0,2,6,1926.0,brick,Хамовники,,,False,,"Россия, Москва, Кооперативная улица, 4к11",Спортивная,5,пешком,55.72455,37.56741,140000.0,True,50.0,longTerm,2026-08-20,https://www.cian.ru/rent/flat/280704142/,2,2026-09-05 11:26,2-комнатные,Аренда,False,False,100.0
329173420,rent,2,False,140000,2592.59,54.0,24.0,28.0,6,8,1963.0,block,Хамовники,,,False,,"Россия, Москва, Учебный переулок, 2",Спортивная,5,пешком,55.723972,37.558616,160000.0,True,0.0,longTerm,2026-09-04,https://www.cian.ru/rent/flat/329173420/,2,2026-09-05 11:26,2-комнатные,Аренда,False,False,63.0
332982046,rent,2,False,250000,5882.35,42.5,22.0,15.0,5,6,2022.0,,Хамовники,,,False,,"Россия, Москва, Усачёва улица, 62",Спортивная,3,пешком,55.724865,37.562874,250000.0,True,0.0,longTerm,2026-08-15,https://www.cian.ru/rent/flat/332982046/,2,2026-09-05 11:26,2-комнатные,Аренда,False,False,4.0
330817865,rent,2,False,180000,2769.23,65.0,,,15,16,2008.0,monolith,Хамовники,,,False,Смоленская Застава,"Россия, Москва, Ружейный переулок, 3",Смоленская,10,пешком,55.742955,37.580517,180000.0,True,0.0,longTerm,2026-08-26,https://www.cian.ru/rent/flat/330817865/,2,2026-09-05 11:26,2-комнатные,Аренда,False,False,18.0
333465579,rent,2,False,120000,2142.86,56.0,38.0,9.0,4,8,1961.0,brick,Хамовники,,,False,,"Россия, Москва, Новодевичий проезд, 2",Спортивная,9,пешком,55.728038,37.56008,120000.0,True,35.0,longTerm,2026-09-02,https://www.cian.ru/rent/flat/333465579/,2,2026-09-05 11:26,2-комнатные,Аренда,False,False,65.0
329132557,rent,2,False,140000,2258.06,62.0,36.0,10.0,7,7,1947.0,brick,Хамовники,,,False,,"Россия, Москва, Саввинская набережная, 19с1Б",Киевская,16,пешком,55.734339,37.565012,140000.0,True,0.0,longTerm,2026-09-04,https://www.cian.ru/rent/flat/329132557/,2,2026-09-05 11:26,2-комнатные,Аренда,False,True,79.0
332049828,rent,2,False,130000,2600.0,50.0,32.0,9.0,6,12,1970.0,brick,Хамовники,,,False,,"Россия, Москва, Пуговишников переулок, 4",Парк Культуры,7,пешком,55.73292,37.586706,60000.0,True,50.0,longTerm,2026-09-04,https://www.cian.ru/rent/flat/332049828/,2,2026-09-05 11:26,2-комнатные,Аренда,False,False,56.0
333429294,rent,2,False,150000,2941.18,51.0,33.0,8.0,5,6,1950.0,brick,Хамовники,,,False,,"Россия, Москва, Мансуровский переулок, 10с1",Парк Культуры,7,пешком,55.740365,37.594378,150000.0,True,0.0,longTerm,2026-08-31,https://www.cian.ru/rent/flat/333429294/,2,2026-09-05 11:26,2-комнатные,Аренда,False,False,76.0
332920156,rent,2,False,500000,4761.9,105.0,23.0,37.0,11,12,,monolith,Хамовники,,,False,Barrin House,"Россия, Москва, Малая Пироговская улица, 8",Спортивная,11,пешком,55.72961,37.570474,500000.0,True,30.0,longTerm,2026-09-04,https://www.cian.ru/rent/flat/332920156/,2,2026-09-05 11:26,2-комнатные,Аренда,False,False,
331780770,rent,2,False,110000,1964.29,56.0,34.0,10.0,1,8,1958.0,brick,Хамовники,,,False,,"Россия, Москва, Комсомольский проспект, 49",Спортивная,12,пешком,55.71914,37.572189,110000.0,True,50.0,longTerm,2026-08-22,https://www.cian.ru/rent/flat/331780770/,2,2026-09-05 11:26,2-комнатные,Аренда,True,False,68.0
333406237,rent,2,False,115000,2478.45,46.4,23.2,6.0,3,10,1967.0,brick,Хамовники,,,False,,"Россия, Москва, улица Льва Толстого, 3",Парк Культуры,7,пешком,55.731881,37.589743,115000.0,True,0.0,longTerm,2026-08-31,https://www.cian.ru/rent/flat/333406237/,2,2026-09-05 11:26,2-комнатные,Аренда,False,False,59.0
333030815,rent,2,False,250000,2631.58,95.0,40.0,25.0,4,7,1940.0,brick,Хамовники,,,False,,"Россия, Москва, Фрунзенская набережная, 34",Фрунзенская,11,пешком,55.722588,37.586239,250000.0,True,0.0,longTerm,2026-08-31,https://www.cian.ru/rent/flat/333030815/,2,2026-09-05 11:26,2-комнатные,Аренда,False,False,86.0
333339525,rent,2,False,150000,2307.69,65.0,38.0,12.0,3,9,1976.0,,Хамовники,,,False,,"Россия, Москва, Ружейный переулок, 4с1",Смоленская,10,пешком,55.743553,37.580894,160000.0,True,50.0,longTerm,2026-09-01,https://www.cian.ru/rent/flat/333339525/,2,2026-09-05 11:26,2-комнатные,Аренда,False,False,50.0
332977888,rent,2,False,120000,2608.7,46.0,28.0,10.0,4,5,1820.0,brick,Хамовники,,,False,,"Россия, Москва, Смоленский бульвар, 17с1",Смоленская,10,пешком,55.742326,37.583616,120000.0,True,50.0,longTerm,2026-09-02,https://www.cian.ru/rent/flat/332977888/,2,2026-09-05 11:26,2-комнатные,Аренда,False,False,206.0
332591465,rent,2,False,215000,3583.33,60.0,45.0,7.0,4,7,1961.0,brick,Хамовники,,,False,,"Россия, Москва, Смоленская улица, 3",Смоленская,7,пешком,55.745235,37.581721,215000.0,True,0.0,longTerm,2026-09-03,https://www.cian.ru/rent/flat/332591465/,2,2026-09-05 11:26,2-комнатные,Аренда,False,False,65.0
333228848,rent,2,False,150000,2142.86,70.0,34.0,20.0,6,12,,brick,Хамовники,,,False,,"Россия, Москва, Фрунзенская набережная, 38/1",Фрунзенская,13,пешком,55.721006,37.584326,150000.0,True,50.0,longTerm,2026-09-04,https://www.cian.ru/rent/flat/333228848/,2,2026-09-05 11:26,2-комнатные,Аренда,False,False,
333505891,rent,2,False,120000,2222.22,54.0,33.0,10.0,10,14,1969.0,brick,Хамовники,,,False,,"Россия, Москва, Гагаринский переулок, 31",Кропоткинская,10,пешком,55.74449,37.590982,120000.0,True,50.0,longTerm,2026-09-03,https://www.cian.ru/rent/flat/333505891/,2,2026-09-05 11:26,2-комнатные,Аренда,False,False,57.0
319964159,rent,2,False,170000,2915.95,58.3,36.5,,5,8,1959.0,brick,Хамовники,,,False,,"Россия, Москва, Фрунзенская набережная, 14",Парк Культуры,8,пешком,55.730816,37.593102,170000.0,True,60.0,longTerm,2026-09-02,https://www.cian.ru/rent/flat/319964159/,2,2026-09-05 11:26,2-комнатные,Аренда,False,False,67.0
332808908,rent,2,False,140000,3111.11,45.0,30.0,7.0,7,8,1960.0,brick,Хамовники,,,False,,"Россия, Москва, Комсомольский проспект, 25к1",Фрунзенская,2,пешком,55.726533,37.582197,140000.0,True,50.0,longTerm,2026-08-28,https://www.cian.ru/rent/flat/332808908/,2,2026-09-05 11:26,2-комнатные,Аренда,False,False,66.0
326112060,rent,2,False,150000,2678.57,56.0,,,3,5,1926.0,brick,Хамовники,,,False,,"Россия, Москва, Кооперативная улица, 4к11",Спортивная,5,пешком,55.72455,37.56741,150000.0,True,50.0,longTerm,2026-08-19,https://www.cian.ru/rent/flat/326112060/,2,2026-09-05 11:26,2-комнатные,Аренда,False,False,100.0
331494094,rent,2,False,250000,5000.0,50.0,35.0,10.0,3,6,,monolithBrick,Хамовники,,,False,Roza Rossa,"Москва, Зубовская улица, 7",Парк Культуры,10,пешком,55.736934,37.583365,250000.0,True,0.0,longTerm,2026-09-01,https://www.cian.ru/rent/flat/331494094/,2,2026-09-05 11:26,2-комнатные,Аренда,False,False,
333437805,rent,2,False,195000,3250.0,60.0,40.0,15.0,7,8,2021.0,monolith,Хамовники,,,False,,"Россия, Москва, Фрунзенская набережная, 16к1",Парк Культуры,8,пешком,55.730177,37.592446,195000.0,True,50.0,longTerm,2026-09-04,https://www.cian.ru/rent/flat/333437805/,2,2026-09-05 11:26,2-комнатные,Аренда,False,False,5.0
328628764,rent,2,False,110000,2444.44,45.0,36.0,7.0,5,5,1961.0,brick,Хамовники,,,False,,"Россия, Москва, Малая Пироговская улица, 6/4к1",Спортивная,12,пешком,55.730492,37.571426,110000.0,True,0.0,longTerm,2026-08-29,https://www.cian.ru/rent/flat/328628764/,2,2026-09-05 11:26,2-комнатные,Аренда,False,True,65.0
333367379,rent,2,False,140000,2058.82,68.0,,9.5,6,9,1958.0,,Хамовники,,,False,,"Россия, Москва, Фрунзенская набережная, 28",Фрунзенская,10,пешком,55.724469,37.587048,140000.0,True,50.0,longTerm,2026-08-31,https://www.cian.ru/rent/flat/333367379/,2,2026-09-05 11:26,2-комнатные,Аренда,False,False,68.0
333603244,rent,2,False,110000,2631.58,41.8,,8.0,5,9,1962.0,brick,Хамовники,,,False,,"Россия, Москва, 3-я Фрунзенская улица, 15",Спортивная,8,пешком,55.722639,37.573061,110000.0,True,50.0,longTerm,2026-09-04,https://www.cian.ru/rent/flat/333603244/,2,2026-09-05 11:26,2-комнатные,Аренда,False,False,64.0
329363630,rent,2,False,170000,2741.94,62.0,45.0,15.0,15,16,2008.0,monolith,Хамовники,,,False,Смоленская Застава,"Россия, Москва, Ружейный переулок, 3",Смоленская,10,пешком,55.742955,37.580517,200000.0,True,0.0,longTerm,2026-09-02,https://www.cian.ru/rent/flat/329363630/,2,2026-09-05 11:26,2-комнатные,Аренда,False,False,18.0
287004717,rent,2,False,170000,3090.91,55.0,35.0,7.0,4,9,1955.0,brick,Хамовники,,,False,,"Россия, Москва, 3-я Фрунзенская улица, 6",Фрунзенская,13,пешком,55.720555,37.581155,170000.0,True,0.0,longTerm,2026-09-03,https://www.cian.ru/rent/flat/287004717/,2,2026-09-05 11:26,2-комнатные,Аренда,False,False,71.0
333614558,rent,2,False,400000,3669.72,109.0,,,5,11,2008.0,monolithBrick,Хамовники,,,False,Фьюжн парк,"Россия, Москва, Усачёва улица, 2с3",Фрунзенская,12,пешком,55.730426,37.574067,400000.0,True,0.0,longTerm,2026-09-04,https://www.cian.ru/rent/flat/333614558/,2,2026-09-05 11:26,2-комнатные,Аренда,False,False,18.0
331606619,rent,2,False,105000,2333.33,45.0,26.0,8.0,1,7,1914.0,brick,Хамовники,,,False,,"Россия, Москва, улица Бурденко, 8/1",Парк Культуры,8,пешком,55.738951,37.58367,105000.0,True,50.0,longTerm,2026-09-04,https://www.cian.ru/rent/flat/331606619/,2,2026-09-05 11:26,2-комнатные,Аренда,True,False,112.0
333603609,rent,2,False,140000,1842.11,76.0,,10.0,8,11,1955.0,brick,Хамовники,,,False,,"Россия, Москва, Комсомольский проспект, 41",Спортивная,11,пешком,55.720864,37.574678,100000.0,True,0.0,longTerm,2026-09-04,https://www.cian.ru/rent/flat/333603609/,2,2026-09-05 11:26,2-комнатные,Аренда,False,False,71.0
331891002,rent,2,False,125000,2777.78,45.0,25.0,10.0,8,8,1961.0,brick,Хамовники,,,False,,"Россия, Москва, Комсомольский проспект, 27с5",Фрунзенская,2,пешком,55.725635,37.580957,125000.0,True,50.0,longTerm,2026-08-26,https://www.cian.ru/rent/flat/331891002/,2,2026-09-05 11:26,2-комнатные,Аренда,False,True,65.0
333621023,rent,2,False,450000,2812.5,160.0,,25.0,7,7,1931.0,brick,Хамовники,,,False,,"Россия, Москва, улица Ефремова, 14",Фрунзенская,11,пешком,55.723815,37.570959,450000.0,True,0.0,longTerm,2026-09-04,https://www.cian.ru/rent/flat/333621023/,2,2026-09-05 11:26,2-комнатные,Аренда,False,True,95.0
332412498,rent,2,False,170000,2428.57,70.0,35.0,12.0,6,8,1959.0,brick,Хамовники,,,False,,"Россия, Москва, Фрунзенская набережная, 14",Парк Культуры,8,пешком,55.730816,37.593102,170000.0,True,50.0,longTerm,2026-09-02,https://www.cian.ru/rent/flat/332412498/,2,2026-09-05 11:26,2-комнатные,Аренда,False,False,67.0
306754333,rent,2,False,150000,2777.78,54.0,25.0,10.0,7,9,,monolith,Хамовники,,,False,,"г Москва, ул Плющиха, д 42",Смоленская,12,пешком,55.741029,37.576313,150000.0,True,50.0,longTerm,2026-09-04,https://www.cian.ru/rent/flat/306754333/,2,2026-09-05 11:26,2-комнатные,Аренда,False,False,
330306155,rent,2,False,150000,2777.78,54.0,40.0,10.0,8,8,1956.0,brick,Хамовники,,,False,,"Россия, Москва, Смоленская-Сенная площадь, 23/25",Смоленская,7,пешком,55.743923,37.582655,150000.0,True,0.0,longTerm,2026-08-25,https://www.cian.ru/rent/flat/330306155/,2,2026-09-05 11:26,2-комнатные,Аренда,False,True,70.0
329942440,rent,2,False,125000,2948.11,42.4,29.0,7.0,8,8,1961.0,brick,Хамовники,,,False,,"Россия, Москва, Комсомольский проспект, 40",Спортивная,8,пешком,55.721873,37.573977,125000.0,True,30.0,longTerm,2026-09-04,https://www.cian.ru/rent/flat/329942440/,2,2026-09-05 11:26,2-комнатные,Аренда,False,True,65.0
333328307,rent,2,False,440000,4835.16,91.0,,,9,9,1939.0,brick,Хамовники,,,False,,"Москва, Ростовская наб, 5",Киевская,10,пешком,55.742189,37.574992,440000.0,True,0.0,longTerm,2026-09-05,https://www.cian.ru/rent/flat/333328307/,2,2026-09-05 11:26,2-комнатные,Аренда,False,True,87.0
333490000,rent,2,False,180000,2278.48,79.0,45.0,12.0,6,12,1971.0,brick,Хамовники,,,False,,"Россия, Москва, переулок Сивцев Вражек, 9А",Кропоткинская,7,пешком,55.747282,37.596704,180000.0,True,50.0,longTerm,2026-09-04,https://www.cian.ru/rent/flat/333490000/,2,2026-09-05 11:26,2-комнатные,Аренда,False,False,55.0
333086556,rent,2,False,130000,2363.64,55.0,35.0,8.0,4,9,1946.0,brick,Хамовники,,,False,,"Москва, Москва городской округ, г Москва, Саввинская наб, 3",Киевская,10,пешком,55.738799,37.570977,100000.0,True,0.0,longTerm,2026-08-26,https://www.cian.ru/rent/flat/333086556/,2,2026-09-05 11:26,2-комнатные,Аренда,False,False,80.0
332806823,rent,2,False,385000,3745.14,102.8,50.0,,10,11,2008.0,monolithBrick,Хамовники,,,False,Фьюжн парк,"Россия, Москва, Усачёва улица, 2с3",Фрунзенская,12,пешком,55.730426,37.574067,385000.0,True,25.0,longTerm,2026-09-02,https://www.cian.ru/rent/flat/332806823/,2,2026-09-05 11:26,2-комнатные,Аренда,False,False,18.0
166061330,rent,2,False,130000,2954.55,44.0,32.0,7.0,3,8,1961.0,brick,Хамовники,,,False,,"Россия, Москва, Комсомольский проспект, 30",Фрунзенская,4,пешком,55.725225,37.578487,130000.0,True,20.0,longTerm,2026-08-19,https://www.cian.ru/rent/flat/166061330/,2,2026-09-05 11:26,2-комнатные,Аренда,False,False,65.0
332316876,rent,2,False,185000,2642.86,70.0,40.0,,7,7,,,Хамовники,,,False,,"Россия, Москва г, Саввинская наб, дом № 19, строение 1А",Киевская,16,пешком,55.733908,37.56459,185000.0,True,30.0,longTerm,2026-09-03,https://www.cian.ru/rent/flat/332316876/,2,2026-09-05 11:26,2-комнатные,Аренда,False,True,
328840765,rent,2,False,550000,5807.81,94.7,,,3,10,,monolith,Хамовники,,,False,GRAND DELUXE на Плющихе,"Москва, Погодинская улица, 4, секция 5",Фрунзенская,16,пешком,55.734973,37.571013,550000.0,True,0.0,longTerm,2026-09-03,https://www.cian.ru/rent/flat/328840765/,2,2026-09-05 11:26,2-комнатные,Аренда,False,False,
265531042,rent,2,False,110000,2444.44,45.0,27.0,6.0,3,5,1961.0,brick,Хамовники,,,False,,"Россия, Москва, Кропоткинский переулок, 20с1",Парк Культуры,9,пешком,55.740806,37.588494,110000.0,True,20.0,longTerm,2026-09-04,https://www.cian.ru/rent/flat/265531042/,2,2026-09-05 11:26,2-комнатные,Аренда,False,False,65.0
332949120,rent,2,False,160000,3200.0,50.0,30.0,10.0,5,8,1961.0,brick,Хамовники,,,False,,"Москва, Хамовники район, Пироговская М. ул., д.21",Спортивная,7,пешком,55.727166,37.566818,160000.0,True,50.0,longTerm,2026-09-04,https://www.cian.ru/rent/flat/332949120/,2,2026-09-05 11:26,2-комнатные,Аренда,False,False,65.0
333199029,rent,2,False,115000,2613.64,44.0,,,5,5,1961.0,brick,Хамовники,,,False,,"Россия, Москва, Большой Саввинский переулок, 16",Спортивная,16,пешком,55.731495,37.563934,115000.0,True,0.0,longTerm,2026-09-03,https://www.cian.ru/rent/flat/333199029/,2,2026-09-05 11:26,2-комнатные,Аренда,False,True,65.0
331806043,rent,2,False,120000,2230.48,53.8,34.0,6.7,4,9,1946.0,brick,Хамовники,,,False,,"Москва, Саввинская наб, 3",Киевская,10,пешком,55.738799,37.570977,120000.0,True,30.0,longTerm,2026-09-03,https://www.cian.ru/rent/flat/331806043/,2,2026-09-05 11:26,2-комнатные,Аренда,False,False,80.0
321472838,rent,2,False,165000,2750.0,60.0,45.0,,3,11,1956.0,brick,Хамовники,,,False,,"Россия, Москва, Смоленская-Сенная площадь, 23/25",Смоленская,7,пешком,55.743923,37.582655,165000.0,True,0.0,longTerm,2026-09-01,https://www.cian.ru/rent/flat/321472838/,2,2026-09-05 11:26,2-комнатные,Аренда,False,False,70.0
333214580,rent,2,False,210000,3230.77,65.0,40.0,15.0,2,11,1956.0,monolith,Хамовники,,,False,,"Россия, Москва, Смоленская-Сенная площадь, 23/25",Смоленская,7,пешком,55.743923,37.582655,280000.0,True,50.0,longTerm,2026-09-03,https://www.cian.ru/rent/flat/333214580/,2,2026-09-05 11:26,2-комнатные,Аренда,False,False,70.0
320360756,rent,2,False,150000,3409.09,44.0,25.0,6.0,4,5,1959.0,brick,Хамовники,,,False,,"Россия, Москва, улица Ефремова, 15/22",Фрунзенская,8,пешком,55.723962,37.573285,150000.0,True,40.0,longTerm,2026-08-22,https://www.cian.ru/rent/flat/320360756/,2,2026-09-05 11:26,2-комнатные,Аренда,False,False,67.0
333342236,rent,2,False,140000,2121.21,66.0,45.0,12.0,2,15,1951.0,brick,Хамовники,,,False,,"Россия, Москва город, набережная Фрунзенская, дом 24",Фрунзенская,9,пешком,55.725463,37.587515,140000.0,True,60.0,longTerm,2026-09-04,https://www.cian.ru/rent/flat/333342236/,2,2026-09-05 11:26,2-комнатные,Аренда,False,False,75.0
333539555,rent,2,False,160000,2635.91,60.7,34.5,,7,9,1976.0,,Хамовники,,,False,,"Россия, Москва, Ружейный переулок, 4с1",Смоленская,10,пешком,55.743553,37.580894,160000.0,True,0.0,longTerm,2026-09-02,https://www.cian.ru/rent/flat/333539555/,2,2026-09-05 11:26,2-комнатные,Аренда,False,False,50.0
328825424,rent,2,False,150000,3409.09,44.0,,6.0,5,8,1962.0,brick,Хамовники,,,False,,"Россия, Москва, Новодевичий проезд, 4",Спортивная,10,пешком,55.728976,37.558688,150000.0,True,0.0,longTerm,2026-08-14,https://www.cian.ru/rent/flat/328825424/,2,2026-09-05 11:26,2-комнатные,Аренда,False,False,64.0
333430781,rent,2,False,170000,4047.62,42.0,26.0,,1,14,1969.0,brick,Хамовники,,,False,,"Россия, Москва, Гагаринский переулок, 31",Смоленская,10,пешком,55.74449,37.590982,170000.0,True,50.0,longTerm,2026-09-04,https://www.cian.ru/rent/flat/333430781/,2,2026-09-05 11:26,2-комнатные,Аренда,True,False,57.0
333505026,rent,2,False,299999,5128.19,58.5,,,2,9,1968.0,brick,Хамовники,,,False,,"Россия, Москва, улица Пречистенка, 30/2",Кропоткинская,10,пешком,55.741323,37.591764,299999.0,True,0.0,longTerm,2026-09-04,https://www.cian.ru/rent/flat/333505026/,2,2026-09-05 11:26,2-комнатные,Аренда,False,False,58.0
280101216,rent,2,False,120000,2352.94,51.0,35.0,9.0,1,7,1953.0,brick,Хамовники,,,False,,"Россия, Москва, Саввинская набережная, 19с1А",Киевская,16,пешком,55.733908,37.56459,120000.0,True,50.0,longTerm,2026-08-28,https://www.cian.ru/rent/flat/280101216/,2,2026-09-05 11:26,2-комнатные,Аренда,True,False,73.0
333416073,rent,2,False,180000,2571.43,70.0,,10.0,15,16,,brick,Хамовники,,,False,Смоленская Застава,"Россия, Москва город, переулок Ружейный, дом 3",Киевская,14,пешком,55.742955,37.580517,180000.0,True,0.0,longTerm,2026-09-03,https://www.cian.ru/rent/flat/333416073/,2,2026-09-05 11:26,2-комнатные,Аренда,False,False,
330688939,rent,2,False,300000,3750.0,80.0,,10.0,5,9,,brick,Хамовники,,,False,,"Москва, Зубовский бульвар, д. 16-20",Кропоткинская,15,пешком,55.738596,37.588593,300000.0,True,0.0,longTerm,2026-09-04,https://www.cian.ru/rent/flat/330688939/,2,2026-09-05 11:26,2-комнатные,Аренда,False,False,
333213766,rent,2,False,200000,2666.67,75.0,55.0,11.0,2,9,1959.0,,Хамовники,,,False,,"Россия, Москва, Фрунзенская набережная, 36/2",Фрунзенская,10,пешком,55.722157,37.584721,200000.0,True,0.0,longTerm,2026-09-03,https://www.cian.ru/rent/flat/333213766/,2,2026-09-05 11:26,2-комнатные,Аренда,False,False,67.0
320882224,rent,2,False,195000,3250.0,60.0,40.0,15.0,7,8,,,Хамовники,,,False,,"Россия, Москва, Фрунзенская набережная, 16к1",Парк Культуры,8,пешком,55.730177,37.592446,195000.0,True,0.0,longTerm,2026-08-07,https://www.cian.ru/rent/flat/320882224/,2,2026-09-05 11:26,2-комнатные,Аренда,False,False,
326428233,rent,2,False,300000,4054.05,74.0,55.0,10.0,1,5,1998.0,block,Хамовники,,,False,,"Россия, Москва, Курсовой переулок, 8/2",Кропоткинская,8,пешком,55.740537,37.604807,300000.0,True,50.0,longTerm,2026-08-22,https://www.cian.ru/rent/flat/326428233/,2,2026-09-05 11:26,2-комнатные,Аренда,True,False,28.0
322661814,rent,2,False,180000,2950.82,61.0,33.0,9.0,8,8,1957.0,brick,Хамовники,,,False,,"Россия, Москва, улица Хамовнический Вал, 4",Спортивная,15,пешком,55.716752,37.57678,100.0,True,0.0,longTerm,2026-09-03,https://www.cian.ru/rent/flat/322661814/,2,2026-09-05 11:26,2-комнатные,Аренда,False,True,69.0
331888468,rent,2,False,210000,3000.0,70.0,40.0,6.0,4,16,1957.0,brick,Хамовники,,,False,,"Россия, Москва, Фрунзенская набережная, 50",Фрунзенская,16,пешком,55.718633,37.576879,210000.0,True,0.0,longTerm,2026-08-19,https://www.cian.ru/rent/flat/331888468/,2,2026-09-05 11:26,2-комнатные,Аренда,False,False,69.0
332374778,rent,2,False,160000,2424.24,66.0,42.0,10.0,4,6,,monolith,Хамовники,,,False,,"г Москва, ул Кооперативная, д 2 к 12",Лужники,11,пешком,55.724778,37.567069,160000.0,True,0.0,longTerm,2026-09-03,https://www.cian.ru/rent/flat/332374778/,2,2026-09-05 11:26,2-комнатные,Аренда,False,False,
332340384,rent,2,False,200000,3846.15,52.0,45.0,5.0,7,9,1939.0,brick,Хамовники,,,False,,"Россия, Москва, Фрунзенская набережная, 52",Спортивная,15,пешком,55.717046,37.578954,200000.0,True,0.0,longTerm,2026-08-25,https://www.cian.ru/rent/flat/332340384/,2,2026-09-05 11:26,2-комнатные,Аренда,False,False,87.0
333018160,rent,3,False,1000000,9090.91,110.0,73.0,5.0,2,9,,monolith,Хамовники,,,False,SAVVIN RIVER RESIDENCE,"Москва, Саввинская набережная, д. 13",Киевская,12,пешком,55.73554,37.567267,1000000.0,True,0.0,longTerm,2026-09-03,https://www.cian.ru/rent/flat/333018160/,3plus,2026-09-05 11:27,3+ комнатные,Аренда,False,False,
330228248,rent,3,False,1500000,13636.36,110.0,63.0,8.0,8,16,,monolithBrick,Хамовники,,,False,Садовые кварталы,"Москва, Улица Усачева 13",Спортивная,7,пешком,55.726157,37.57201,1500000.0,True,0.0,longTerm,2026-09-03,https://www.cian.ru/rent/flat/330228248/,3plus,2026-09-05 11:27,3+ комнатные,Аренда,False,False,
199026530,rent,3,False,140000,1866.67,75.0,48.0,12.0,4,7,1940.0,brick,Хамовники,,,False,,"Россия, Москва, Фрунзенская набережная, 34",Фрунзенская,11,пешком,55.722588,37.586239,140000.0,True,0.0,longTerm,2026-09-04,https://www.cian.ru/rent/flat/199026530/,3plus,2026-09-05 11:27,3+ комнатные,Аренда,False,False,86.0
332282306,rent,5,False,1450000,5800.0,250.0,168.0,18.0,3,5,,brick,Хамовники,,,False,,"Москва, Пречистенка 27",Парк Культуры,7,пешком,55.740421,37.591386,1450000.0,True,0.0,longTerm,2026-09-04,https://www.cian.ru/rent/flat/332282306/,3plus,2026-09-05 11:27,3+ комнатные,Аренда,False,False,
333311029,rent,4,False,2500000,7812.5,320.0,175.0,30.0,2,8,,monolith,Хамовники,,,False,Парк Палас,"Россия, Москва, Хилков переулок, 1",Парк Культуры,6,пешком,55.736681,37.599319,2500000.0,True,0.0,longTerm,2026-09-04,https://www.cian.ru/rent/flat/333311029/,3plus,2026-09-05 11:27,3+ комнатные,Аренда,False,False,
331806342,rent,5,False,280000,2666.67,105.0,84.0,10.0,3,6,,old,Хамовники,,,False,,"Москва, Пречистенка, 36с1",Парк Культуры,8,пешком,55.740046,37.589042,280000.0,True,0.0,longTerm,2026-09-04,https://www.cian.ru/rent/flat/331806342/,3plus,2026-09-05 11:27,3+ комнатные,Аренда,False,False,
333236453,rent,3,False,1100000,10000.0,110.0,76.0,7.0,4,9,,monolith,Хамовники,,,False,SAVVIN RIVER RESIDENCE,"Москва, Саввинская набережная, д. 13",Киевская,12,пешком,55.73554,37.567267,1100000.0,True,0.0,longTerm,2026-09-05,https://www.cian.ru/rent/flat/333236453/,3plus,2026-09-05 11:27,3+ комнатные,Аренда,False,False,
330405494,rent,4,False,600000,3389.83,177.0,140.0,15.0,10,10,,monolith,Хамовники,,,False,Спорт Хаус,"Москва, 3-я Фрунзенская, 5к1",Фрунзенская,14,пешком,55.719688,37.578352,600000.0,True,0.0,longTerm,2026-09-04,https://www.cian.ru/rent/flat/330405494/,3plus,2026-09-05 11:27,3+ комнатные,Аренда,False,True,
333188705,rent,5,False,2500000,7861.64,318.0,,,2,8,2009.0,monolith,Хамовники,,,False,Парк Палас,"Москва, Хилков пер, 1",Парк Культуры,6,пешком,55.736681,37.599319,2500000.0,True,0.0,longTerm,2026-09-05,https://www.cian.ru/rent/flat/333188705/,3plus,2026-09-05 11:27,3+ комнатные,Аренда,False,False,17.0
332402314,rent,4,False,580000,3352.6,173.0,,18.0,3,5,1911.0,brick,Хамовники,,,False,,"Россия, Москва, Малый Лёвшинский переулок, 7с1",Смоленская,9,пешком,55.741982,37.588916,580000.0,True,50.0,longTerm,2026-08-31,https://www.cian.ru/rent/flat/332402314/,3plus,2026-09-05 11:27,3+ комнатные,Аренда,False,False,115.0
333508704,rent,3,False,389000,4322.22,90.0,,40.0,7,9,1946.0,brick,Хамовники,,,False,,"Россия, Москва, Саввинская набережная, 3",Смоленская,18,пешком,55.738799,37.570977,389000.0,True,0.0,longTerm,2026-09-02,https://www.cian.ru/rent/flat/333508704/,3plus,2026-09-05 11:27,3+ комнатные,Аренда,False,False,80.0
333277525,rent,4,False,2500000,9803.92,255.0,,,2,8,2009.0,brick,Хамовники,,,False,Парк Палас,"Россия, Москва, Хилков переулок, 1",Кропоткинская,14,пешком,55.736681,37.599319,2500000.0,True,0.0,longTerm,2026-08-31,https://www.cian.ru/rent/flat/333277525/,3plus,2026-09-05 11:27,3+ комнатные,Аренда,False,False,17.0
332603369,rent,3,False,890000,9368.42,95.0,,5.0,2,13,,monolith,Хамовники,,,False,Садовые кварталы,"Москва, Усачёва улица, 15А",Лужники,12,пешком,55.7256,37.570276,890000.0,True,0.0,longTerm,2026-09-04,https://www.cian.ru/rent/flat/332603369/,3plus,2026-09-05 11:27,3+ комнатные,Аренда,False,False,
333260685,rent,3,False,750000,5067.57,148.0,66.0,30.0,3,11,,monolith,Хамовники,,,False,GRAND DELUXE на Плющихе,"Москва, Погодинская улица, 4",Фрунзенская,16,пешком,55.734973,37.571013,750000.0,True,0.0,longTerm,2026-09-03,https://www.cian.ru/rent/flat/333260685/,3plus,2026-09-05 11:27,3+ комнатные,Аренда,False,False,
333487815,rent,4,False,400000,3478.26,115.0,,10.0,7,14,2013.0,monolith,Хамовники,,,False,Дом на Трубецкой,"Россия, Москва, Трубецкая улица, 10",Фрунзенская,6,пешком,55.727328,37.575792,400000.0,True,50.0,longTerm,2026-09-04,https://www.cian.ru/rent/flat/333487815/,3plus,2026-09-05 11:27,3+ комнатные,Аренда,False,False,13.0
329439271,rent,3,False,800000,6153.85,130.0,,,2,6,1917.0,brick,Хамовники,,,False,,"Россия, Москва, улица Пречистенка, 33/19с1",Парк Культуры,8,пешком,55.73963,37.589868,800000.0,True,0.0,longTerm,2026-09-04,https://www.cian.ru/rent/flat/329439271/,3plus,2026-09-05 11:27,3+ комнатные,Аренда,False,False,109.0
331106520,rent,3,False,800000,5925.93,135.0,,,2,6,,,Хамовники,,,False,,"Москва, Пречистенка улица, д. 33 стр. 1/19",Парк Культуры,8,пешком,55.73963,37.589868,800000.0,True,0.0,longTerm,2026-09-04,https://www.cian.ru/rent/flat/331106520/,3plus,2026-09-05 11:27,3+ комнатные,Аренда,False,False,
333536645,rent,3,False,140000,1627.91,86.0,50.0,7.0,8,9,1958.0,brick,Хамовники,,,False,,"Россия, Москва, 3-я Фрунзенская улица, 7",Фрунзенская,14,пешком,55.719911,37.576825,140000.0,True,20.0,longTerm,2026-09-04,https://www.cian.ru/rent/flat/333536645/,3plus,2026-09-05 11:27,3+ комнатные,Аренда,False,False,68.0
333565414,rent,3,False,490000,2378.64,206.0,150.0,20.0,4,7,,monolith,Хамовники,,,False,,"Москва, Пречистенка, 40/2, стр. 2",Парк Культуры,9,пешком,55.739362,37.587578,490000.0,True,0.0,longTerm,2026-09-04,https://www.cian.ru/rent/flat/333565414/,3plus,2026-09-05 11:27,3+ комнатные,Аренда,False,False,
333008575,rent,5,False,2750000,10230.65,268.8,,,7,7,2019.0,,Хамовники,,,False,Клубный дом Bunin,"Россия, Москва, улица Плющиха, 37",Киевская,11,пешком,55.741049,37.577427,2750000.0,True,0.0,longTerm,2026-09-05,https://www.cian.ru/rent/flat/333008575/,3plus,2026-09-05 11:27,3+ комнатные,Аренда,False,True,7.0
333562220,rent,5,False,1600000,6751.05,237.0,,25.0,2,6,1914.0,brick,Хамовники,,,False,,"Москва, Чистый переулок, 6с2",Кропоткинская,10,пешком,55.743086,37.591755,1600000.0,True,0.0,longTerm,2026-09-05,https://www.cian.ru/rent/flat/333562220/,3plus,2026-09-05 11:27,3+ комнатные,Аренда,False,False,112.0
332914454,rent,4,False,1000000,4081.63,245.0,169.0,20.0,2,8,,monolithBrick,Хамовники,,,False,Новая Остоженка,"Москва, 1-й Зачатьевский переулок, 5",Кропоткинская,10,пешком,55.739022,37.603819,1000000.0,True,0.0,longTerm,2026-09-03,https://www.cian.ru/rent/flat/332914454/,3plus,2026-09-05 11:27,3+ комнатные,Аренда,False,False,
333344277,rent,3,False,170000,2361.11,72.0,51.0,10.0,5,5,1959.0,monolith,Хамовники,,,False,,"Россия, Москва, улица Ефремова, 11",Фрунзенская,7,пешком,55.7242,37.57554,170000.0,True,50.0,longTerm,2026-09-03,https://www.cian.ru/rent/flat/333344277/,3plus,2026-09-05 11:27,3+ комнатные,Аренда,False,True,67.0
331848415,rent,4,False,450000,3333.33,135.0,97.0,6.0,7,7,,old,Хамовники,,,False,,"Москва, Остоженка, 5",Кропоткинская,3,пешком,55.74333,37.601439,450000.0,True,0.0,longTerm,2026-09-02,https://www.cian.ru/rent/flat/331848415/,3plus,2026-09-05 11:27,3+ комнатные,Аренда,False,True,
329750837,rent,4,False,700000,3553.3,197.0,98.0,20.0,14,16,,monolithBrick,Хамовники,,,False,Смоленская Застава,"Москва, Ружейный переулок, 3",Смоленская,10,пешком,55.742955,37.580517,700000.0,True,0.0,longTerm,2026-09-03,https://www.cian.ru/rent/flat/329750837/,3plus,2026-09-05 11:27,3+ комнатные,Аренда,False,False,
262351866,rent,3,False,145000,1956.82,74.1,49.5,7.1,4,6,1930.0,brick,Хамовники,,,False,,"Россия, Москва, 2-й переулок Тружеников, 4/19с1",Фрунзенская,13,пешком,55.736113,37.573492,145000.0,True,0.0,longTerm,2026-09-04,https://www.cian.ru/rent/flat/262351866/,3plus,2026-09-05 11:27,3+ комнатные,Аренда,False,False,96.0
333574347,rent,5,False,1800000,7826.09,230.0,,,4,14,2014.0,monolith,Хамовники,,,False,GRAND DELUXE на Плющихе,"Россия, Москва, Погодинская улица, 4",Фрунзенская,16,пешком,55.734973,37.571013,1800000.0,True,0.0,longTerm,2026-09-04,https://www.cian.ru/rent/flat/333574347/,3plus,2026-09-05 11:27,3+ комнатные,Аренда,False,False,12.0
332881528,rent,4,False,550000,4337.54,126.8,,15.0,1,6,,monolith,Хамовники,,,False,Власьевская Слобода,"Москва, Гагаринский переулок, д. 24/7 стр. 2",Смоленская,9,пешком,55.745377,37.590578,550000.0,True,0.0,longTerm,2026-09-04,https://www.cian.ru/rent/flat/332881528/,3plus,2026-09-05 11:27,3+ комнатные,Аренда,True,False,
332959419,rent,4,False,400000,1481.48,270.0,,,6,6,1913.0,brick,Хамовники,,,False,,"Россия, Москва, Малый Могильцевский переулок, 4Б",Кропоткинская,10,пешком,55.74451,37.58977,400000.0,True,0.0,longTerm,2026-08-15,https://www.cian.ru/rent/flat/332959419/,3plus,2026-09-05 11:27,3+ комнатные,Аренда,False,True,113.0
328101507,rent,4,False,1300000,6500.0,200.0,,,2,15,2015.0,monolith,Хамовники,,,False,Barrin House,"Россия, Москва, Малая Пироговская улица, 8",Спортивная,11,пешком,55.72961,37.570474,1300000.0,True,0.0,longTerm,2026-09-04,https://www.cian.ru/rent/flat/328101507/,3plus,2026-09-05 11:27,3+ комнатные,Аренда,False,False,11.0
333303991,rent,3,False,330000,2946.43,112.0,51.0,15.0,5,16,,monolith,Хамовники,,,False,Смоленская Застава,"Москва, Ружейный переулок, 3",Смоленская,10,пешком,55.742955,37.580517,330000.0,True,0.0,longTerm,2026-09-03,https://www.cian.ru/rent/flat/333303991/,3plus,2026-09-05 11:27,3+ комнатные,Аренда,False,False,
333305631,rent,3,False,150000,2142.86,70.0,55.0,10.0,6,14,1950.0,monolith,Хамовники,,,False,,"Россия, Москва, Фрунзенская набережная, 38/1",Фрунзенская,13,пешком,55.721006,37.584326,150000.0,True,50.0,longTerm,2026-09-03,https://www.cian.ru/rent/flat/333305631/,3plus,2026-09-05 11:27,3+ комнатные,Аренда,False,False,76.0
331106518,rent,5,False,1450000,5918.37,245.0,,18.0,3,6,,brick,Хамовники,,,False,,"Москва, Пречистенка улица, д. 27",Парк Культуры,7,пешком,55.740421,37.591386,1450000.0,True,0.0,longTerm,2026-09-04,https://www.cian.ru/rent/flat/331106518/,3plus,2026-09-05 11:27,3+ комнатные,Аренда,False,False,
333550240,rent,4,False,380000,1871.92,203.0,130.0,,2,6,1998.0,monolithBrick,Хамовники,,,False,,"Россия, Москва, Курсовой переулок, 6/1",Кропоткинская,7,пешком,55.741039,37.605409,380000.0,True,0.0,longTerm,2026-09-03,https://www.cian.ru/rent/flat/333550240/,3plus,2026-09-05 11:27,3+ комнатные,Аренда,False,False,28.0
333133918,rent,4,False,250000,2336.45,107.0,73.0,15.0,2,5,,,Хамовники,,,False,,"Москва, Пречистенский пер., 18",Кропоткинская,8,пешком,55.743978,37.591907,250000.0,True,0.0,longTerm,2026-09-05,https://www.cian.ru/rent/flat/333133918/,3plus,2026-09-05 11:27,3+ комнатные,Аренда,False,False,
297845842,rent,3,False,185000,2642.86,70.0,39.0,8.0,3,4,1922.0,brick,Хамовники,,,False,,"Россия, Москва, Фрунзенская набережная, 10",Парк Культуры,6,пешком,55.732732,37.594692,185000.0,True,0.0,longTerm,2026-08-24,https://www.cian.ru/rent/flat/297845842/,3plus,2026-09-05 11:27,3+ комнатные,Аренда,False,False,104.0
333582227,rent,3,False,1000000,7246.38,138.0,60.0,30.0,3,15,2015.0,monolith,Хамовники,,,False,Barrin House,"Россия, Москва, Малая Пироговская улица, 8",Спортивная,11,пешком,55.72961,37.570474,1000000.0,True,0.0,longTerm,2026-09-04,https://www.cian.ru/rent/flat/333582227/,3plus,2026-09-05 11:27,3+ комнатные,Аренда,False,False,11.0
333359920,rent,3,False,100000,1492.54,67.0,48.0,9.0,3,7,1932.0,brick,Хамовники,,,False,,"Россия, Москва, Большой Афанасьевский переулок, 5",Кропоткинская,6,пешком,55.745453,37.596381,100000.0,True,0.0,longTerm,2026-09-02,https://www.cian.ru/rent/flat/333359920/,3plus,2026-09-05 11:27,3+ комнатные,Аренда,False,False,94.0
331740996,rent,3,False,190000,2209.3,86.0,65.0,10.0,4,7,,stalin,Хамовники,,,False,,"Москва, Фрунзенская набережная, 32",Фрунзенская,12,пешком,55.723521,37.58694,190000.0,True,0.0,longTerm,2026-09-01,https://www.cian.ru/rent/flat/331740996/,3plus,2026-09-05 11:27,3+ комнатные,Аренда,False,False,
329522456,rent,5,False,1600000,6751.05,237.0,157.0,25.0,2,6,,,Хамовники,,,False,,"Москва, Чистый пер., 6, стр. 2",Кропоткинская,10,пешком,55.743086,37.591755,1600000.0,True,0.0,longTerm,2026-09-05,https://www.cian.ru/rent/flat/329522456/,3plus,2026-09-05 11:27,3+ комнатные,Аренда,False,False,
332179776,rent,4,False,150000,1363.64,110.0,,10.0,11,16,,,Хамовники,,,False,,"Москва, Малый Власьевский переулок, 7",Смоленская,9,пешком,55.74639,37.592644,150000.0,True,0.0,longTerm,2026-09-04,https://www.cian.ru/rent/flat/332179776/,3plus,2026-09-05 11:27,3+ комнатные,Аренда,False,False,
332278540,rent,4,False,950000,5828.22,163.0,,,3,12,2012.0,brick,Хамовники,,,False,Андреевский,"Россия, Москва, 2-я Фрунзенская улица, 8",Фрунзенская,9,пешком,55.723699,37.583697,1900000.0,True,0.0,longTerm,2026-09-04,https://www.cian.ru/rent/flat/332278540/,3plus,2026-09-05 11:27,3+ комнатные,Аренда,False,False,14.0
332939350,rent,3,False,750000,5154.64,145.5,,12.0,3,11,2014.0,monolith,Хамовники,,,False,GRAND DELUXE на Плющихе,"Россия, Москва, Погодинская улица, 4",Фрунзенская,16,пешком,55.734973,37.571013,850000.0,True,0.0,longTerm,2026-09-04,https://www.cian.ru/rent/flat/332939350/,3plus,2026-09-05 11:27,3+ комнатные,Аренда,False,False,12.0
333523939,rent,4,False,599000,3152.63,190.0,170.0,10.0,6,6,,brick,Хамовники,,,False,,"Москва, Мансуровский переулок, 5",Парк Культуры,5,пешком,55.73963,37.594755,599000.0,True,0.0,longTerm,2026-09-04,https://www.cian.ru/rent/flat/333523939/,3plus,2026-09-05 11:27,3+ комнатные,Аренда,False,True,
333133912,rent,3,False,330000,2946.43,112.0,70.0,15.0,5,16,,,Хамовники,,,False,Смоленская Застава,"Москва, Ружейный пер., 3",Смоленская,10,пешком,55.742955,37.580517,330000.0,True,0.0,longTerm,2026-09-05,https://www.cian.ru/rent/flat/333133912/,3plus,2026-09-05 11:27,3+ комнатные,Аренда,False,False,
331964872,rent,4,False,600000,3157.89,190.0,99.0,28.0,3,7,,,Хамовники,,,False,Колымажный 10,"Москва, Колымажный переулок, 10",Кропоткинская,5,пешком,55.748199,37.604403,600000.0,True,0.0,longTerm,2026-09-05,https://www.cian.ru/rent/flat/331964872/,3plus,2026-09-05 11:27,3+ комнатные,Аренда,False,False,
333203983,rent,4,False,250000,2336.45,107.0,,,2,5,1895.0,brick,Хамовники,,,False,,"Москва, Пречистенский пер, 18",Кропоткинская,8,пешком,55.743978,37.591907,250000.0,True,0.0,longTerm,2026-09-05,https://www.cian.ru/rent/flat/333203983/,3plus,2026-09-05 11:27,3+ комнатные,Аренда,False,False,131.0
327297849,rent,5,False,650000,2954.55,220.0,,,3,8,1998.0,monolith,Хамовники,,,False,,"Россия, Москва, Сеченовский переулок, 2",Парк Культуры,6,пешком,55.740892,37.596588,650000.0,True,0.0,longTerm,2026-08-26,https://www.cian.ru/rent/flat/327297849/,3plus,2026-09-05 11:27,3+ комнатные,Аренда,False,False,28.0
332513009,rent,3,False,1000000,6097.56,164.0,95.0,15.0,6,7,,,Хамовники,,,False,Парк Палас,"Москва, Хилков пер., 1",Парк Культуры,6,пешком,55.736681,37.599319,1000000.0,True,0.0,longTerm,2026-09-05,https://www.cian.ru/rent/flat/332513009/,3plus,2026-09-05 11:27,3+ комнатные,Аренда,False,False,
333091426,rent,5,False,850000,5944.06,143.0,89.0,8.0,11,12,,,Хамовники,,,False,Садовые кварталы,"Москва, Ефремова ул., 10, корп. 1",Фрунзенская,8,пешком,55.725154,37.574507,850000.0,True,0.0,longTerm,2026-09-05,https://www.cian.ru/rent/flat/333091426/,3plus,2026-09-05 11:27,3+ комнатные,Аренда,False,False,
333349722,rent,4,False,600000,3488.37,172.0,97.0,30.0,3,7,2006.0,monolithBrick,Хамовники,,,False,Колымажный 10,"Россия, Москва город, переулок Колымажный, дом 10",Арбатская,7,пешком,55.748199,37.604403,600000.0,True,0.0,longTerm,2026-09-04,https://www.cian.ru/rent/flat/333349722/,3plus,2026-09-05 11:27,3+ комнатные,Аренда,False,False,20.0
332798905,rent,4,False,600000,3508.77,171.0,114.0,19.0,3,8,,monolithBrick,Хамовники,,,False,Колымажный 10,"Москва, Колымажный переулок, 10",Боровицкая,6,пешком,55.748199,37.604403,600000.0,True,0.0,longTerm,2026-09-04,https://www.cian.ru/rent/flat/332798905/,3plus,2026-09-05 11:27,3+ комнатные,Аренда,False,False,
333054401,rent,3,False,220000,3548.39,62.0,46.5,10.0,3,8,1936.0,monolith,Хамовники,,,False,,"Россия, Москва, Староконюшенный переулок, 19",Кропоткинская,6,пешком,55.745671,37.594881,200000.0,True,50.0,longTerm,2026-09-04,https://www.cian.ru/rent/flat/333054401/,3plus,2026-09-05 11:27,3+ комнатные,Аренда,False,False,90.0
331222715,rent,3,False,800000,5925.93,135.0,92.0,22.0,2,6,1917.0,,Хамовники,,,False,,Пречистенка 33/19С1,Парк Культуры,8,пешком,55.73963,37.589868,800000.0,True,0.0,longTerm,2026-09-04,https://www.cian.ru/rent/flat/331222715/,3plus,2026-09-05 11:27,3+ комнатные,Аренда,False,False,109.0
331734747,rent,5,False,1450000,5918.37,245.0,170.0,23.0,3,5,1910.0,brick,Хамовники,,,False,,улица пречистенка 27,Парк Культуры,7,пешком,55.740421,37.591386,,True,0.0,longTerm,2026-09-04,https://www.cian.ru/rent/flat/331734747/,3plus,2026-09-05 11:27,3+ комнатные,Аренда,False,False,116.0
193511208,rent,3,False,130000,2063.49,63.0,48.0,,6,9,1955.0,brick,Хамовники,,,False,,"Россия, Москва, 3-я Фрунзенская улица, 6",Фрунзенская,13,пешком,55.720555,37.581155,130000.0,True,0.0,longTerm,2026-09-04,https://www.cian.ru/rent/flat/193511208/,3plus,2026-09-05 11:27,3+ комнатные,Аренда,False,False,71.0
331406066,rent,3,False,300000,2500.0,120.0,63.0,15.0,7,7,,,Хамовники,,,False,Clerkenwell House,"Москва, Комсомольский пр-т., 42, стр. 2",Спортивная,8,пешком,55.721731,37.572899,300000.0,True,0.0,longTerm,2026-09-05,https://www.cian.ru/rent/flat/331406066/,3plus,2026-09-05 11:27,3+ комнатные,Аренда,False,True,
329685343,rent,4,False,1000000,3846.15,260.0,180.0,25.0,4,14,,,Хамовники,,,False,Пять Звезд,"Москва, 2-ая Фрунзенская ул., 12",Фрунзенская,6,пешком,55.724069,37.580436,1000000.0,True,0.0,longTerm,2026-09-05,https://www.cian.ru/rent/flat/329685343/,3plus,2026-09-05 11:27,3+ комнатные,Аренда,False,False,
332217607,rent,4,False,200000,2739.73,73.0,53.0,10.0,2,6,1926.0,brick,Хамовники,,,False,,"Россия, Москва, Кооперативная улица, 3к6",Спортивная,7,пешком,55.725164,37.569917,200000.0,True,50.0,longTerm,2026-08-31,https://www.cian.ru/rent/flat/332217607/,3plus,2026-09-05 11:27,3+ комнатные,Аренда,False,False,100.0
316176697,rent,4,False,380000,2375.0,160.0,97.0,22.0,4,6,,old,Хамовники,,,False,,"Москва, Знаменка, 15",Боровицкая,5,пешком,55.749983,37.604969,380000.0,True,0.0,longTerm,2026-09-04,https://www.cian.ru/rent/flat/316176697/,3plus,2026-09-05 11:27,3+ комнатные,Аренда,False,False,
332950104,rent,5,False,400000,1481.48,270.0,198.0,16.0,6,6,,old,Хамовники,,,False,,"Москва, Малый Могильцевский переулок, 4Б",Кропоткинская,10,пешком,55.74451,37.58977,400000.0,True,0.0,longTerm,2026-09-04,https://www.cian.ru/rent/flat/332950104/,3plus,2026-09-05 11:27,3+ комнатные,Аренда,False,True,
327586652,rent,5,False,520000,2900.17,179.3,,,2,10,1957.0,brick,Хамовники,,,False,,"Россия, Москва, Фрунзенская набережная, 50",Фрунзенская,16,пешком,55.718633,37.576879,520000.0,True,0.0,longTerm,2026-08-10,https://www.cian.ru/rent/flat/327586652/,3plus,2026-09-05 11:27,3+ комнатные,Аренда,False,False,69.0
327852203,rent,4,False,1200000,6315.79,190.0,84.0,22.0,5,12,,,Хамовники,,,False,Дом на Трубецкой,"Москва, Трубецкая ул., 10",Фрунзенская,6,пешком,55.727328,37.575792,1200000.0,True,0.0,longTerm,2026-09-05,https://www.cian.ru/rent/flat/327852203/,3plus,2026-09-05 11:27,3+ комнатные,Аренда,False,False,
194729079,rent,3,False,300000,2500.0,120.0,,,2,7,1952.0,brick,Хамовники,,,False,,"Россия, Москва, Фрунзенская набережная, 12",Парк Культуры,5,пешком,55.732012,37.594054,300000.0,True,0.0,longTerm,2026-09-05,https://www.cian.ru/rent/flat/194729079/,3plus,2026-09-05 11:27,3+ комнатные,Аренда,False,False,74.0
331321687,rent,4,False,1300000,8387.1,155.0,,,6,15,2015.0,monolith,Хамовники,,,False,Barrin House,"Россия, Москва, Малая Пироговская улица, 8",Спортивная,11,пешком,55.72961,37.570474,1300000.0,True,0.0,longTerm,2026-09-04,https://www.cian.ru/rent/flat/331321687/,3plus,2026-09-05 11:27,3+ комнатные,Аренда,False,False,11.0
292103703,rent,3,False,150000,2173.91,69.0,,,11,11,,brick,Хамовники,,,False,,"Россия, Москва, Большая Пироговская улица, 53-55",Спортивная,7,пешком,55.727029,37.561446,150000.0,True,50.0,longTerm,2026-09-03,https://www.cian.ru/rent/flat/292103703/,3plus,2026-09-05 11:27,3+ комнатные,Аренда,False,True,
194570385,rent,4,False,525000,2548.54,206.0,,24.0,4,6,2000.0,brick,Хамовники,,,False,,"Россия, Москва, улица Пречистенка, 40/2с2",Парк Культуры,9,пешком,55.739362,37.587578,550000.0,True,0.0,longTerm,2026-09-04,https://www.cian.ru/rent/flat/194570385/,3plus,2026-09-05 11:27,3+ комнатные,Аренда,False,False,26.0
276010788,rent,3,False,260000,2888.89,90.0,55.0,12.0,9,9,1975.0,brick,Хамовники,,,False,,"Россия, Москва, Ружейный переулок, 4с1",Смоленская,10,пешком,55.743553,37.580894,280000.0,True,0.0,longTerm,2026-09-04,https://www.cian.ru/rent/flat/276010788/,3plus,2026-09-05 11:27,3+ комнатные,Аренда,False,True,51.0
328668923,rent,3,False,200000,1666.67,120.0,70.0,45.0,1,9,1996.0,brick,Хамовники,,,False,,"Россия, Москва, Большой Власьевский переулок, 9",Смоленская,9,пешком,55.74601,37.590335,200000.0,True,0.0,longTerm,2026-08-30,https://www.cian.ru/rent/flat/328668923/,3plus,2026-09-05 11:27,3+ комнатные,Аренда,True,False,30.0
330712136,rent,4,False,600000,3529.41,170.0,98.0,25.0,10,10,,monolith,Хамовники,,,False,Спорт Хаус,"Москва, 3-я Фрунзенская улица, 5к1",Фрунзенская,14,пешком,55.719688,37.578352,600000.0,True,0.0,longTerm,2026-09-04,https://www.cian.ru/rent/flat/330712136/,3plus,2026-09-05 11:27,3+ комнатные,Аренда,False,True,
333295251,rent,3,False,150000,2142.86,70.0,,8.0,8,9,1960.0,brick,Хамовники,,,False,,"Россия, Москва, Комсомольский проспект, 44",Спортивная,9,пешком,55.720687,37.572378,150000.0,True,0.0,longTerm,2026-09-02,https://www.cian.ru/rent/flat/333295251/,3plus,2026-09-05 11:27,3+ комнатные,Аренда,False,False,66.0
315462913,rent,4,False,180000,2500.0,72.0,52.0,9.6,2,4,1913.0,brick,Хамовники,,,False,,"Россия, Москва, Кремлёвская набережная, 1/9с9",Библиотека им. Ленина,7,пешком,55.747819,37.61026,180000.0,True,0.0,longTerm,2026-08-19,https://www.cian.ru/rent/flat/315462913/,3plus,2026-09-05 11:27,3+ комнатные,Аренда,False,False,113.0
332922690,rent,3,False,300000,2097.9,143.0,20.0,12.0,4,13,,brick,Хамовники,,,False,,"Москва, Хамовники район, Оболенский пер., д.9к8",Фрунзенская,5,пешком,55.730877,37.580625,300000.0,True,0.0,longTerm,2026-09-01,https://www.cian.ru/rent/flat/332922690/,3plus,2026-09-05 11:27,3+ комнатные,Аренда,False,False,
333013822,rent,3,False,140000,2545.45,55.0,38.0,7.0,12,16,,panel,Хамовники,,,False,,"Москва, Хамовники район, Власьевский М. пер., д.6",Смоленская,12,пешком,55.746056,37.593542,140000.0,True,0.0,longTerm,2026-09-03,https://www.cian.ru/rent/flat/333013822/,3plus,2026-09-05 11:27,3+ комнатные,Аренда,False,False,
333358638,rent,4,False,250000,2941.18,85.0,40.0,24.0,6,6,1914.0,brick,Хамовники,,,False,,"Россия, Москва, Смоленский бульвар, 15",Смоленская,10,пешком,55.741799,37.582538,250000.0,True,50.0,longTerm,2026-08-27,https://www.cian.ru/rent/flat/333358638/,3plus,2026-09-05 11:27,3+ комнатные,Аренда,False,True,112.0
333623858,rent,3,False,1000000,6313.13,158.4,,,8,12,,,Хамовники,,,False,Садовые кварталы,"Россия, Москва, улица Ефремова, 10к2",Спортивная,7,пешком,55.725113,37.572863,1000000.0,True,0.0,longTerm,2026-09-05,https://www.cian.ru/rent/flat/333623858/,3plus,2026-09-05 11:27,3+ комнатные,Аренда,False,False,
306468019,rent,3,False,190000,3310.1,57.4,,9.0,6,8,1933.0,brick,Хамовники,,,False,,"Россия, Москва, Зубовский бульвар, 16-20с1",Парк Культуры,7,пешком,55.738596,37.588593,190000.0,True,0.0,longTerm,2026-08-14,https://www.cian.ru/rent/flat/306468019/,3plus,2026-09-05 11:27,3+ комнатные,Аренда,False,False,93.0
327765936,rent,4,False,350000,2187.5,160.0,102.0,14.0,4,6,,,Хамовники,,,False,,"Москва, Знаменка ул., 15",Арбатская,4,пешком,55.749983,37.604969,350000.0,True,0.0,longTerm,2026-09-05,https://www.cian.ru/rent/flat/327765936/,3plus,2026-09-05 11:27,3+ комнатные,Аренда,False,False,
314605531,rent,4,False,695000,4088.24,170.0,95.0,20.0,2,6,,,Хамовники,,,False,Дом в Зубовском проезде,"Москва, Зубовский пр-д, 1",Парк Культуры,6,пешком,55.736351,37.588503,695000.0,True,0.0,longTerm,2026-09-05,https://www.cian.ru/rent/flat/314605531/,3plus,2026-09-05 11:27,3+ комнатные,Аренда,False,False,
333538669,rent,3,False,400000,3475.24,115.1,50.0,35.0,5,8,2008.0,block,Хамовники,,,False,Лужники Хаус,"Москва, Москва, улица Хамовнический Вал, 36",Спортивная,4,пешком,55.722588,37.558391,400000.0,True,0.0,longTerm,2026-09-04,https://www.cian.ru/rent/flat/333538669/,3plus,2026-09-05 11:27,3+ комнатные,Аренда,False,False,18.0
305291773,rent,4,False,750000,4687.5,160.0,81.0,25.0,3,5,,,Хамовники,,,False,,"Москва, Остоженка ул., 7, стр. 1",Кропоткинская,3,пешком,55.742767,37.600792,750000.0,True,0.0,longTerm,2026-09-05,https://www.cian.ru/rent/flat/305291773/,3plus,2026-09-05 11:27,3+ комнатные,Аренда,False,False,
332004859,rent,4,False,600000,3488.37,172.0,114.0,19.0,3,7,,,Хамовники,,,False,Колымажный 10,"Москва, Колымажный переулок, 10",Кропоткинская,5,пешком,55.748199,37.604403,600000.0,True,0.0,longTerm,2026-09-05,https://www.cian.ru/rent/flat/332004859/,3plus,2026-09-05 11:27,3+ комнатные,Аренда,False,False,
331967680,rent,4,False,1350000,7627.12,177.0,100.0,35.0,7,7,,,Хамовники,,,False,,"Еропкинский переулок, 16",Парк Культуры,7,пешком,55.740451,37.592716,1000000.0,True,0.0,longTerm,2026-09-04,https://www.cian.ru/rent/flat/331967680/,3plus,2026-09-05 11:27,3+ комнатные,Аренда,False,True,
331783968,rent,4,False,450000,3409.09,132.0,79.0,12.0,7,8,,,Хамовники,,,False,,"Москва, Остоженка ул., 5",Кропоткинская,3,пешком,55.74333,37.601439,450000.0,True,0.0,longTerm,2026-09-05,https://www.cian.ru/rent/flat/331783968/,3plus,2026-09-05 11:27,3+ комнатные,Аренда,False,False,
329338530,rent,3,False,380000,2533.33,150.0,88.0,10.0,5,7,,,Хамовники,,,False,,"Москва, 1-ый Зачатьевский пер., 6",Кропоткинская,10,пешком,55.739985,37.603109,380000.0,True,0.0,longTerm,2026-09-05,https://www.cian.ru/rent/flat/329338530/,3plus,2026-09-05 11:27,3+ комнатные,Аренда,False,False,
333547848,rent,3,False,299999,3191.48,94.0,55.0,18.0,5,7,1939.0,brick,Хамовники,,,False,,"Россия, Москва, Фрунзенская набережная, 54",Фрунзенская,20,пешком,55.71628,37.578109,299999.0,True,60.0,longTerm,2026-09-03,https://www.cian.ru/rent/flat/333547848/,3plus,2026-09-05 11:27,3+ комнатные,Аренда,False,False,87.0
330787433,rent,5,False,1450000,5918.37,245.0,170.0,18.0,3,5,,,Хамовники,,,False,,"Москва, Пречистенка ул., 27",Парк Культуры,7,пешком,55.740421,37.591386,1450000.0,True,0.0,longTerm,2026-09-05,https://www.cian.ru/rent/flat/330787433/,3plus,2026-09-05 11:27,3+ комнатные,Аренда,False,False,
332940216,rent,3,False,890000,9368.42,95.0,,10.0,2,10,,monolith,Хамовники,,,False,Садовые кварталы,"Москва, Усачева улица, 15а",Фрунзенская,11,пешком,55.7256,37.570276,890000.0,True,0.0,longTerm,2026-09-03,https://www.cian.ru/rent/flat/332940216/,3plus,2026-09-05 11:27,3+ комнатные,Аренда,False,False,
332902121,rent,3,False,255000,3187.5,80.0,,,2,8,2008.0,,Хамовники,,,False,Лужники Хаус,"Россия, Москва, улица Хамовнический Вал, 36",Спортивная,2,пешком,55.722588,37.558391,25500.0,True,0.0,longTerm,2026-09-03,https://www.cian.ru/rent/flat/332902121/,3plus,2026-09-05 11:27,3+ комнатные,Аренда,False,False,18.0
332788937,rent,3,False,260000,3058.82,85.0,55.0,12.0,9,9,,brick,Хамовники,,,False,,"Москва, Хамовники район, Ружейный пер., д.4, строение 1",Смоленская,10,пешком,55.743553,37.580894,260000.0,True,0.0,longTerm,2026-09-01,https://www.cian.ru/rent/flat/332788937/,3plus,2026-09-05 11:27,3+ комнатные,Аренда,False,True,
328431233,rent,4,False,700000,3553.3,197.0,90.0,10.0,14,16,,,Хамовники,,,False,Смоленская Застава,"Москва, Ружейный пер., 3",Смоленская,10,пешком,55.742955,37.580517,700000.0,True,0.0,longTerm,2026-09-05,https://www.cian.ru/rent/flat/328431233/,3plus,2026-09-05 11:27,3+ комнатные,Аренда,False,False,
278520702,rent,4,False,200000,2000.0,100.0,,,4,11,1955.0,brick,Хамовники,,,False,,"Россия, Москва, Большая Пироговская улица, 53-55",Спортивная,7,пешком,55.727029,37.561446,200000.0,True,0.0,longTerm,2026-09-04,https://www.cian.ru/rent/flat/278520702/,3plus,2026-09-05 11:27,3+ комнатные,Аренда,False,False,71.0
331179693,rent,3,False,800000,5925.93,135.0,98.0,17.0,2,6,,,Хамовники,,,False,,"Москва, Пречистенка ул., 33/19, стр. 1",Парк Культуры,8,пешком,55.73963,37.589868,800000.0,True,0.0,longTerm,2026-09-05,https://www.cian.ru/rent/flat/331179693/,3plus,2026-09-05 11:27,3+ комнатные,Аренда,False,False,
333338138,rent,3,False,300000,2500.0,120.0,68.0,15.0,15,16,,monolith,Хамовники,,,False,Смоленская Застава,"г Москва, Ружейный пер, д 3",Смоленская,10,пешком,55.742955,37.580517,300000.0,True,0.0,longTerm,2026-09-04,https://www.cian.ru/rent/flat/333338138/,3plus,2026-09-05 11:27,3+ комнатные,Аренда,False,False,
332196570,rent,5,False,750000,4310.34,174.0,124.0,11.0,9,11,,,Хамовники,,,False,,"Москва, Фрунзенская наб., 38/1",Фрунзенская,13,пешком,55.721006,37.584326,750000.0,True,0.0,longTerm,2026-09-05,https://www.cian.ru/rent/flat/332196570/,3plus,2026-09-05 11:27,3+ комнатные,Аренда,False,False,
333599601,rent,3,False,1500000,13636.36,110.0,80.0,15.0,7,12,2022.0,,Хамовники,,,False,Садовые кварталы,"Россия, Москва, Усачёва улица, 15А",Спортивная,6,пешком,55.7256,37.570276,1500000.0,True,0.0,longTerm,2026-09-04,https://www.cian.ru/rent/flat/333599601/,3plus,2026-09-05 11:27,3+ комнатные,Аренда,False,False,4.0
325848387,rent,4,False,350000,2500.0,140.0,,,6,6,1915.0,brick,Хамовники,,,False,,"Россия, Москва, Пожарский переулок, 8",Кропоткинская,6,пешком,55.74148,37.602202,350000.0,True,0.0,longTerm,2026-08-15,https://www.cian.ru/rent/flat/325848387/,3plus,2026-09-05 11:27,3+ комнатные,Аренда,False,True,111.0
289096652,rent,3,False,150000,2051.98,73.1,46.0,11.0,4,11,1966.0,brick,Хамовники,,,False,,"Россия, Москва, Несвижский переулок, 4",Фрунзенская,9,пешком,55.731516,37.58632,150000.0,True,60.0,longTerm,2026-08-28,https://www.cian.ru/rent/flat/289096652/,3plus,2026-09-05 11:27,3+ комнатные,Аренда,False,False,60.0
332995840,rent,5,False,600000,3243.24,185.0,124.0,16.0,2,5,,old,Хамовники,,,False,,"Москва, Гагаринский переулок, 23к1",Кропоткинская,7,пешком,55.744647,37.593219,600000.0,True,0.0,longTerm,2026-09-04,https://www.cian.ru/rent/flat/332995840/,3plus,2026-09-05 11:27,3+ комнатные,Аренда,False,False,
314112543,rent,6,False,1500000,3579.95,419.0,313.0,28.0,4,5,,old,Хамовники,,,False,,"Москва, Остоженка, 7С1",Кропоткинская,3,пешком,55.742767,37.600792,1500000.0,True,0.0,longTerm,2026-09-01,https://www.cian.ru/rent/flat/314112543/,3plus,2026-09-05 11:27,3+ комнатные,Аренда,False,False,
330259773,rent,6,False,850000,2125.0,400.0,,,4,7,1914.0,brick,Хамовники,,,False,,"Россия, Москва, 1-й Обыденский переулок, 9/12",Кропоткинская,3,пешком,55.743005,37.602256,850000.0,True,0.0,longTerm,2026-09-01,https://www.cian.ru/rent/flat/330259773/,3plus,2026-09-05 11:27,3+ комнатные,Аренда,False,False,112.0
332268210,rent,3,False,450000,3125.0,144.0,,5.0,3,14,2006.0,monolithBrick,Хамовники,,,False,,"Россия, Москва город, проспект Комсомольский, дом 32, корпус 2",Спортивная,12,пешком,55.725975,37.578046,500000.0,True,0.0,longTerm,2026-08-22,https://www.cian.ru/rent/flat/332268210/,3plus,2026-09-05 11:27,3+ комнатные,Аренда,False,False,20.0
330585220,rent,6,False,1500000,3333.33,450.0,214.0,20.0,5,5,,,Хамовники,,,False,,"Москва, Остоженка ул., 7, стр. 1",Кропоткинская,3,пешком,55.742767,37.600792,1500000.0,True,0.0,longTerm,2026-09-05,https://www.cian.ru/rent/flat/330585220/,3plus,2026-09-05 11:27,3+ комнатные,Аренда,False,True,
333531363,rent,3,False,130000,2363.64,55.0,33.0,9.0,12,16,,,Хамовники,,,False,,"Москва, М. Власьевский пер., 6",Кропоткинская,8,пешком,55.746056,37.593542,130000.0,True,0.0,longTerm,2026-09-05,https://www.cian.ru/rent/flat/333531363/,3plus,2026-09-05 11:27,3+ комнатные,Аренда,False,False,
322143408,rent,3,False,290000,4833.33,60.0,39.0,12.0,3,5,1959.0,brick,Хамовники,,,False,,"Россия, Москва, улица Ефремова, 9",Фрунзенская,7,пешком,55.725032,37.57563,,True,0.0,longTerm,2026-09-03,https://www.cian.ru/rent/flat/322143408/,3plus,2026-09-05 11:27,3+ комнатные,Аренда,False,False,67.0
329015307,rent,5,False,1000000,5263.16,190.0,156.0,12.0,2,6,2008.0,monolith,Хамовники,,,False,Особняк в Хилковом переулке,"Россия, Москва, Хилков переулок, 5",Парк Культуры,5,пешком,55.738368,37.597001,1000000.0,True,0.0,longTerm,2026-08-13,https://www.cian.ru/rent/flat/329015307/,3plus,2026-09-05 11:27,3+ комнатные,Аренда,False,False,18.0
327123830,rent,4,False,320000,2318.84,138.0,89.0,12.0,5,6,,,Хамовники,,,False,,"Москва, Пожарский пер., 8",Кропоткинская,6,пешком,55.74148,37.602202,320000.0,True,0.0,longTerm,2026-09-05,https://www.cian.ru/rent/flat/327123830/,3plus,2026-09-05 11:27,3+ комнатные,Аренда,False,False,
320521786,rent,5,False,1000000,5000.0,200.0,131.0,20.0,3,7,,,Хамовники,,,False,Еропкинский 16,"Москва, Еропкинский пер., 16/23",Кропоткинская,10,пешком,55.740451,37.592716,1000000.0,True,0.0,longTerm,2026-09-05,https://www.cian.ru/rent/flat/320521786/,3plus,2026-09-05 11:27,3+ комнатные,Аренда,False,False,
332585961,rent,4,False,600000,3157.89,190.0,,,6,6,1912.0,,Хамовники,,,False,,"Москва, Мансуровский переулок, 5",Парк Культуры,5,пешком,55.73963,37.594755,600000.0,True,0.0,longTerm,2026-09-04,https://www.cian.ru/rent/flat/332585961/,3plus,2026-09-05 11:27,3+ комнатные,Аренда,False,True,114.0
328360918,rent,4,False,1200000,6315.79,190.0,84.0,22.0,5,14,2013.0,monolith,Хамовники,,,False,Дом на Трубецкой,"Россия, Москва, Трубецкая улица, 10",Фрунзенская,6,пешком,55.727328,37.575792,1200000.0,True,0.0,longTerm,2026-08-12,https://www.cian.ru/rent/flat/328360918/,3plus,2026-09-05 11:27,3+ комнатные,Аренда,False,False,13.0
331295181,rent,4,False,600000,3389.83,177.0,,8.0,10,10,2007.0,brick,Хамовники,,,False,Спорт Хаус,"Россия, Москва, 3-я Фрунзенская улица, 5к1",Фрунзенская,14,пешком,55.719688,37.578352,600000.0,True,0.0,longTerm,2026-08-21,https://www.cian.ru/rent/flat/331295181/,3plus,2026-09-05 11:27,3+ комнатные,Аренда,False,True,19.0
327571775,rent,5,False,1000000,5000.0,200.0,,,3,7,2010.0,monolithBrick,Хамовники,,,False,Еропкинский 16,"Москва, Еропкинский переулок, 16",Парк Культуры,7,пешком,55.740451,37.592716,1000000.0,True,0.0,longTerm,2026-09-04,https://www.cian.ru/rent/flat/327571775/,3plus,2026-09-05 11:27,3+ комнатные,Аренда,False,False,16.0
332772085,rent,5,False,400000,1481.48,270.0,100.0,,6,6,1913.0,brick,Хамовники,,,False,,"Москва, Могильцевский М. пер, 4Б",Смоленская,10,пешком,55.74451,37.58977,400000.0,True,0.0,longTerm,2026-09-05,https://www.cian.ru/rent/flat/332772085/,3plus,2026-09-05 11:27,3+ комнатные,Аренда,False,True,113.0
320638892,rent,3,False,120000,2181.82,55.0,35.0,6.0,7,8,1960.0,brick,Хамовники,,,False,,"Россия, Москва, 1-я Фрунзенская улица, 5",Фрунзенская,6,пешком,55.72636,37.585134,120000.0,True,60.0,longTerm,2026-09-02,https://www.cian.ru/rent/flat/320638892/,3plus,2026-09-05 11:27,3+ комнатные,Аренда,False,False,66.0
333497750,rent,4,False,450000,2500.0,180.0,,20.0,10,14,2014.0,monolith,Хамовники,,,False,GRAND DELUXE на Плющихе,"Россия, Москва, Погодинская улица, 4",Фрунзенская,16,пешком,55.734973,37.571013,450000.0,True,50.0,longTerm,2026-09-04,https://www.cian.ru/rent/flat/333497750/,3plus,2026-09-05 11:27,3+ комнатные,Аренда,False,False,12.0
333502514,rent,3,False,470000,4159.29,113.0,81.9,,2,11,1985.0,brick,Хамовники,,,False,,"Россия, Москва, Денежный переулок, 22",Смоленская,7,пешком,55.745387,37.587317,470000.0,True,0.0,longTerm,2026-09-02,https://www.cian.ru/rent/flat/333502514/,3plus,2026-09-05 11:27,3+ комнатные,Аренда,False,False,41.0
332831831,rent,3,False,320000,2595.3,123.3,,15.0,4,6,1913.0,brick,Хамовники,,,False,,"Россия, Москва, Малый Могильцевский переулок, 4Б",Кропоткинская,10,пешком,55.74451,37.58977,350000.0,True,50.0,longTerm,2026-08-24,https://www.cian.ru/rent/flat/332831831/,3plus,2026-09-05 11:27,3+ комнатные,Аренда,False,False,113.0
330819337,rent,3,False,600000,5454.55,110.0,72.0,7.0,3,8,2004.0,monolith,Хамовники,,,False,Новая Остоженка,"Москва, 1-й Зачатьевский пер., д. 5",Кропоткинская,10,пешком,55.739022,37.603819,600000.0,True,0.0,longTerm,2026-09-03,https://www.cian.ru/rent/flat/330819337/,3plus,2026-09-05 11:27,3+ комнатные,Аренда,False,False,22.0
304242989,rent,3,False,220000,2933.33,75.0,,6.5,7,8,1938.0,brick,Хамовники,,,False,,"Россия, Москва, Большая Пироговская улица, 37-43кА",Спортивная,11,пешком,55.728738,37.564581,220000.0,True,50.0,longTerm,2026-09-04,https://www.cian.ru/rent/flat/304242989/,3plus,2026-09-05 11:27,3+ комнатные,Аренда,False,False,88.0
330732626,rent,4,False,800000,4848.48,165.0,112.0,,2,5,2005.0,monolith,Хамовники,,,False,,"Россия, Москва, Бутиковский переулок, 16с3",Парк Культуры,8,пешком,55.738318,37.600792,850000.0,True,0.0,longTerm,2026-09-01,https://www.cian.ru/rent/flat/330732626/,3plus,2026-09-05 11:27,3+ комнатные,Аренда,False,False,21.0
282693775,rent,5,False,250000,1388.89,180.0,143.0,,6,9,1958.0,,Хамовники,,,False,,"Россия, Москва, Фрунзенская набережная, 28",Фрунзенская,10,пешком,55.724469,37.587048,250000.0,True,0.0,longTerm,2026-09-02,https://www.cian.ru/rent/flat/282693775/,3plus,2026-09-05 11:27,3+ комнатные,Аренда,False,False,68.0
331946247,rent,3,False,990000,6966.92,142.1,,10.0,3,13,,monolith,Хамовники,,,False,Жизнь на Плющихе,"Москва, Погодинская ул., д. 2",Киевская,14,пешком,55.735713,37.572351,990000.0,True,0.0,longTerm,2026-09-04,https://www.cian.ru/rent/flat/331946247/,3plus,2026-09-05 11:27,3+ комнатные,Аренда,False,False,
330574875,rent,3,False,370000,4868.42,76.0,,14.0,3,11,,,Хамовники,,,False,Садовые кварталы,"Россия, Москва, улица Ефремова, 10к2",Фрунзенская,10,пешком,55.725113,37.572863,370000.0,True,0.0,longTerm,2026-08-06,https://www.cian.ru/rent/flat/330574875/,3plus,2026-09-05 11:27,3+ комнатные,Аренда,False,False,
327568639,rent,3,False,130000,2166.67,60.0,,,7,7,1928.0,brick,Хамовники,,,False,,"Россия, Москва, переулок Сивцев Вражек, 21",Смоленская,9,пешком,55.747267,37.593381,130000.0,True,0.0,longTerm,2026-09-04,https://www.cian.ru/rent/flat/327568639/,3plus,2026-09-05 11:27,3+ комнатные,Аренда,False,True,98.0
330682706,rent,4,False,780000,6240.0,125.0,,,3,15,,monolithBrick,Хамовники,,,False,Садовые кварталы,"Москва, Усачева улица, 15, квартал 5(5.2c2)",Фрунзенская,14,пешком,55.726836,37.570357,800000.0,True,0.0,longTerm,2026-09-03,https://www.cian.ru/rent/flat/330682706/,3plus,2026-09-05 11:27,3+ комнатные,Аренда,False,False,
333309918,rent,3,False,165000,1683.67,98.0,60.0,15.0,4,5,1910.0,brick,Хамовники,,,False,,"Россия, Москва, Комсомольский проспект, 3",Парк Культуры,4,пешком,55.733006,37.593255,165000.0,True,0.0,longTerm,2026-09-04,https://www.cian.ru/rent/flat/333309918/,3plus,2026-09-05 11:27,3+ комнатные,Аренда,False,False,116.0
325261465,rent,3,False,900000,4090.91,220.0,,15.0,2,5,,,Хамовники,,,False,Молочный 1,"Россия, Москва, Молочный переулок, 1",Парк Культуры,9,пешком,55.73888,37.602005,1800000.0,True,0.0,longTerm,2026-08-27,https://www.cian.ru/rent/flat/325261465/,3plus,2026-09-05 11:27,3+ комнатные,Аренда,False,False,
333214469,rent,3,False,130000,1413.04,92.0,,25.0,2,6,1930.0,brick,Хамовники,,,False,,"Россия, Москва, Курсовой переулок, 15",Кропоткинская,8,пешком,55.740532,37.605616,50000.0,True,50.0,longTerm,2026-09-04,https://www.cian.ru/rent/flat/333214469/,3plus,2026-09-05 11:27,3+ комнатные,Аренда,False,False,96.0
328214592,rent,4,False,350000,2536.23,138.0,90.0,12.0,5,6,,brick,Хамовники,,,False,,"г Москва, Пожарский пер, д 8",Кропоткинская,6,пешком,55.74148,37.602202,350000.0,True,0.0,longTerm,2026-09-02,https://www.cian.ru/rent/flat/328214592/,3plus,2026-09-05 11:27,3+ комнатные,Аренда,False,False,
333144584,rent,3,False,450000,5000.0,90.0,,20.0,7,14,2014.0,monolith,Хамовники,,,False,Садовые кварталы,"Россия, Москва, улица Ефремова, 10к1",Фрунзенская,8,пешком,55.725154,37.574507,450000.0,True,0.0,longTerm,2026-08-29,https://www.cian.ru/rent/flat/333144584/,3plus,2026-09-05 11:27,3+ комнатные,Аренда,False,False,12.0
333100210,rent,3,False,210000,2187.5,96.0,,15.0,5,8,1940.0,,Хамовники,,,False,,"Россия, Москва, Фрунзенская набережная, 32",Фрунзенская,12,пешком,55.723521,37.58694,210000.0,True,0.0,longTerm,2026-08-21,https://www.cian.ru/rent/flat/333100210/,3plus,2026-09-05 11:27,3+ комнатные,Аренда,False,False,86.0
333121997,rent,3,False,1100000,10000.0,110.0,68.0,11.0,4,9,,,Хамовники,,,False,SAVVIN RIVER RESIDENCE,"Москва, Саввинская наб., 13",Киевская,12,пешком,55.73554,37.567267,1100000.0,True,0.0,longTerm,2026-09-05,https://www.cian.ru/rent/flat/333121997/,3plus,2026-09-05 11:27,3+ комнатные,Аренда,False,False,
333481177,rent,3,False,650000,5200.0,125.0,,,6,14,2014.0,monolith,Хамовники,,,False,Садовые кварталы,"Россия, Москва, улица Ефремова, 10к1",Фрунзенская,8,пешком,55.725154,37.574507,650000.0,True,0.0,longTerm,2026-09-03,https://www.cian.ru/rent/flat/333481177/,3plus,2026-09-05 11:27,3+ комнатные,Аренда,False,False,12.0
332874318,rent,3,False,850000,7083.33,120.0,35.0,,5,9,2021.0,monolith,Хамовники,,,False,SAVVIN RIVER RESIDENCE,"Россия, Москва, Саввинская набережная, 13",Киевская,12,пешком,55.73554,37.567267,850000.0,True,0.0,longTerm,2026-09-02,https://www.cian.ru/rent/flat/332874318/,3plus,2026-09-05 11:27,3+ комнатные,Аренда,False,False,5.0
332925871,rent,3,False,140000,2258.06,62.0,40.0,8.0,8,12,1976.0,brick,Хамовники,,,False,,"Россия, Москва, улица Тимура Фрунзе, 34",Парк Культуры,8,пешком,55.737208,37.585637,140000.0,True,50.0,longTerm,2026-09-04,https://www.cian.ru/rent/flat/332925871/,3plus,2026-09-05 11:27,3+ комнатные,Аренда,False,False,50.0
333607070,rent,5,False,1000000,5263.16,190.0,117.0,12.0,2,6,2008.0,monolith,Хамовники,,,False,Особняк в Хилковом переулке,"Москва, Хамовники район, Хилков пер., д.5",Парк Культуры,5,пешком,55.738368,37.597001,1000000.0,True,0.0,longTerm,2026-09-04,https://www.cian.ru/rent/flat/333607070/,3plus,2026-09-05 11:27,3+ комнатные,Аренда,False,False,18.0
333309235,rent,3,False,280000,2434.78,115.0,80.0,18.0,8,18,2006.0,monolithBrick,Хамовники,,,False,,"Россия, Москва, Комсомольский проспект, 32к2",Фрунзенская,5,пешком,55.725975,37.578046,280000.0,True,0.0,longTerm,2026-09-02,https://www.cian.ru/rent/flat/333309235/,3plus,2026-09-05 11:27,3+ комнатные,Аренда,False,False,20.0
332019254,rent,3,False,320000,2666.67,120.0,,,15,16,2008.0,monolith,Хамовники,,,False,Смоленская Застава,"Россия, Москва, Ружейный переулок, 3",Смоленская,10,пешком,55.742955,37.580517,320000.0,True,0.0,longTerm,2026-08-26,https://www.cian.ru/rent/flat/332019254/,3plus,2026-09-05 11:27,3+ комнатные,Аренда,False,False,18.0
332765177,rent,4,False,260000,1444.44,180.0,160.0,12.0,3,9,2021.0,monolith,Хамовники,,,False,,"Россия, Москва, Фрунзенская набережная, 32",Фрунзенская,12,пешком,55.723521,37.58694,260000.0,True,50.0,longTerm,2026-09-03,https://www.cian.ru/rent/flat/332765177/,3plus,2026-09-05 11:27,3+ комнатные,Аренда,False,False,5.0
297841308,rent,3,False,350000,4132.23,84.7,46.0,8.0,9,9,1959.0,brick,Хамовники,,,False,,"Россия, Москва, Фрунзенская набережная, 36/2",Фрунзенская,10,пешком,55.722157,37.584721,350000.0,True,0.0,longTerm,2026-09-02,https://www.cian.ru/rent/flat/297841308/,3plus,2026-09-05 11:27,3+ комнатные,Аренда,False,True,67.0
307461151,rent,3,False,850000,6439.39,132.0,43.0,45.0,4,7,,,Хамовники,,,False,Roza Rossa,"Россия, Москва, Зубовская улица, 7",Парк Культуры,10,пешком,55.736934,37.583365,850000.0,True,0.0,longTerm,2026-08-18,https://www.cian.ru/rent/flat/307461151/,3plus,2026-09-05 11:27,3+ комнатные,Аренда,False,False,
331408454,rent,3,False,300000,2857.14,105.0,80.0,20.0,7,7,2014.0,monolithBrick,Хамовники,,,False,Clerkenwell House,"Москва, Комсомольский пр-кт, 42стр2",Фрунзенская,11,пешком,55.721731,37.572899,300000.0,True,0.0,longTerm,2026-09-05,https://www.cian.ru/rent/flat/331408454/,3plus,2026-09-05 11:27,3+ комнатные,Аренда,False,True,12.0
333439103,rent,3,False,490000,3266.67,150.0,120.0,,6,7,,brick,Хамовники,,,False,Clerkenwell House,"Россия, Москва, Комсомольский проспект, 42с2",Спортивная,8,пешком,55.721731,37.572899,490000.0,True,0.0,longTerm,2026-09-03,https://www.cian.ru/rent/flat/333439103/,3plus,2026-09-05 11:27,3+ комнатные,Аренда,False,False,
333231578,rent,3,False,210000,2579.85,81.4,,,3,16,1957.0,brick,Хамовники,,,False,,"Россия, Москва, Фрунзенская набережная, 50",Спортивная,14,пешком,55.718633,37.576879,210000.0,True,0.0,longTerm,2026-08-24,https://www.cian.ru/rent/flat/333231578/,3plus,2026-09-05 11:27,3+ комнатные,Аренда,False,False,69.0
328316756,rent,5,False,1000000,5263.16,190.0,118.0,9.0,2,6,2008.0,monolithBrick,Хамовники,,,False,Особняк в Хилковом переулке,"Москва, Хилков пер, 5",Кропоткинская,11,пешком,55.738368,37.597001,1000000.0,True,0.0,longTerm,2026-09-05,https://www.cian.ru/rent/flat/328316756/,3plus,2026-09-05 11:27,3+ комнатные,Аренда,False,False,18.0
332492344,rent,3,False,1300000,9219.86,141.0,80.0,26.0,5,15,2022.0,,Хамовники,,,False,Садовые кварталы,"Россия, Москва, Усачёва улица, 15А",Спортивная,6,пешком,55.7256,37.570276,,True,0.0,longTerm,2026-09-04,https://www.cian.ru/rent/flat/332492344/,3plus,2026-09-05 11:27,3+ комнатные,Аренда,False,False,4.0
329523229,rent,4,False,350000,2364.86,148.0,90.0,25.0,5,5,,,Хамовники,,,False,,"Россия, Москва, Москва, Пожарский переулок, 8",Кропоткинская,6,пешком,55.74148,37.602202,350000.0,True,0.0,longTerm,2026-09-04,https://www.cian.ru/rent/flat/329523229/,3plus,2026-09-05 11:27,3+ комнатные,Аренда,False,True,
331421876,rent,3,False,390000,3634.67,107.3,,20.0,3,8,2004.0,monolithBrick,Хамовники,,,False,,"Россия, Москва, 1-й переулок Тружеников, 15",Киевская,13,пешком,55.737593,37.573779,390000.0,True,0.0,longTerm,2026-08-29,https://www.cian.ru/rent/flat/331421876/,3plus,2026-09-05 11:27,3+ комнатные,Аренда,False,False,22.0
331733129,rent,4,False,380000,2533.33,150.0,85.0,15.0,5,7,,monolithBrick,Хамовники,,,False,,"Россия, Москва, Москва, Зачатьевский 1-й переулок, 6",Кропоткинская,10,пешком,55.739985,37.603109,380000.0,True,0.0,longTerm,2026-09-02,https://www.cian.ru/rent/flat/331733129/,3plus,2026-09-05 11:27,3+ комнатные,Аренда,False,False,
330448687,rent,4,False,1200000,6722.69,178.5,,,6,9,2015.0,monolith,Хамовники,,,False,Barrin House,"Россия, Москва, Малая Пироговская улица, 8",Спортивная,11,пешком,55.72961,37.570474,1200000.0,True,0.0,longTerm,2026-08-15,https://www.cian.ru/rent/flat/330448687/,3plus,2026-09-05 11:27,3+ комнатные,Аренда,False,False,11.0
333232850,rent,3,False,850000,8500.0,100.0,,20.0,2,14,2022.0,,Хамовники,,,False,Садовые кварталы,"Россия, Москва, Усачёва улица, 15А",Спортивная,6,пешком,55.7256,37.570276,850000.0,True,0.0,longTerm,2026-08-29,https://www.cian.ru/rent/flat/333232850/,3plus,2026-09-05 11:27,3+ комнатные,Аренда,False,False,4.0
333590259,rent,3,False,175000,2058.82,85.0,50.0,10.0,8,9,1958.0,,Хамовники,,,False,,"Россия, Москва, Фрунзенская набережная, 28",Фрунзенская,10,пешком,55.724469,37.587048,175000.0,True,40.0,longTerm,2026-09-04,https://www.cian.ru/rent/flat/333590259/,3plus,2026-09-05 11:27,3+ комнатные,Аренда,False,False,68.0
316677041,rent,4,False,700000,3111.11,225.0,,,4,8,,,Хамовники,,,False,Новая Остоженка,"Россия, Москва, 1-й Зачатьевский переулок, 5",Кропоткинская,10,пешком,55.739022,37.603819,700000.0,True,0.0,longTerm,2026-09-02,https://www.cian.ru/rent/flat/316677041/,3plus,2026-09-05 11:27,3+ комнатные,Аренда,False,False,
332307016,rent,4,False,155000,2183.1,71.0,51.0,8.0,1,8,1960.0,brick,Хамовники,,,False,,"Россия, Москва, 2-я Фрунзенская улица, 10",Фрунзенская,7,пешком,55.723846,37.582233,155000.0,True,0.0,longTerm,2026-08-23,https://www.cian.ru/rent/flat/332307016/,3plus,2026-09-05 11:27,3+ комнатные,Аренда,True,False,66.0
332301536,rent,4,False,470000,2430.2,193.4,132.0,20.0,4,5,1997.0,,Хамовники,,,False,,"Россия, Москва, Гагаринский переулок, 7к1",Кропоткинская,3,пешком,55.744612,37.598034,100000.0,True,0.0,longTerm,2026-08-26,https://www.cian.ru/rent/flat/332301536/,3plus,2026-09-05 11:27,3+ комнатные,Аренда,False,False,29.0
331687355,rent,3,False,340000,2000.0,170.0,,,3,12,1999.0,brick,Хамовники,,,False,,"Москва, Несвижский пер, 12к1",Фрунзенская,5,пешком,55.729853,37.581972,340000.0,True,0.0,longTerm,2026-09-05,https://www.cian.ru/rent/flat/331687355/,3plus,2026-09-05 11:27,3+ комнатные,Аренда,False,False,27.0
331948662,rent,5,False,1450000,5800.0,250.0,170.0,20.0,3,4,1910.0,brick,Хамовники,,,False,,"Россия, Москва город, улица Пречистенка, дом 27",Парк Культуры,7,пешком,55.740421,37.591386,1450000.0,True,0.0,longTerm,2026-08-20,https://www.cian.ru/rent/flat/331948662/,3plus,2026-09-05 11:27,3+ комнатные,Аренда,False,False,116.0
302257039,rent,4,False,2500000,7812.5,320.0,280.0,30.0,2,4,2017.0,monolith,Хамовники,,,False,,"Россия, Москва, Коробейников переулок, 1/2с5",Парк Культуры,6,пешком,55.737867,37.599193,2500000.0,True,0.0,longTerm,2026-08-27,https://www.cian.ru/rent/flat/302257039/,3plus,2026-09-05 11:27,3+ комнатные,Аренда,False,False,9.0
329490238,rent,3,False,230000,2555.56,90.0,54.0,13.0,5,7,1940.0,brick,Хамовники,,,False,,"Россия, Москва, Фрунзенская набережная, 34",Фрунзенская,11,пешком,55.722588,37.586239,230000.0,True,0.0,longTerm,2026-08-31,https://www.cian.ru/rent/flat/329490238/,3plus,2026-09-05 11:27,3+ комнатные,Аренда,False,False,86.0
332917317,rent,3,False,500000,4761.9,105.0,43.0,17.0,11,12,,monolith,Хамовники,,,False,Barrin House,"Россия, Москва, Малая Пироговская улица, 8",Спортивная,11,пешком,55.72961,37.570474,500000.0,True,30.0,longTerm,2026-09-04,https://www.cian.ru/rent/flat/332917317/,3plus,2026-09-05 11:27,3+ комнатные,Аренда,False,False,
280549108,rent,3,False,320000,2909.09,110.0,65.0,7.0,1,16,1957.0,brick,Хамовники,,,False,,"Россия, Москва, Фрунзенская набережная, 50",Спортивная,14,пешком,55.718633,37.576879,320000.0,True,25.0,longTerm,2026-09-04,https://www.cian.ru/rent/flat/280549108/,3plus,2026-09-05 11:27,3+ комнатные,Аренда,True,False,69.0
333159354,rent,3,False,550000,5500.0,100.0,65.0,30.0,3,4,2017.0,monolith,Хамовники,,,False,,"Россия, Москва, Коробейников переулок, 1/2с5",Парк Культуры,6,пешком,55.737867,37.599193,550000.0,True,0.0,longTerm,2026-08-21,https://www.cian.ru/rent/flat/333159354/,3plus,2026-09-05 11:27,3+ комнатные,Аренда,False,False,9.0
327278822,rent,4,False,450000,2184.47,206.0,78.0,16.0,10,11,,brick,Хамовники,,,False,,"Россия, Москва, Саввинская набережная, 7с3",Киевская,13,пешком,55.736944,37.570483,450000.0,True,0.0,longTerm,2026-09-04,https://www.cian.ru/rent/flat/327278822/,3plus,2026-09-05 11:27,3+ комнатные,Аренда,False,False,
332538980,rent,3,False,1000000,6097.56,164.0,,10.0,6,8,2009.0,brick,Хамовники,,,False,Парк Палас,"Россия, Москва, Хилков переулок, 1",Парк Культуры,6,пешком,55.736681,37.599319,1000000.0,True,0.0,longTerm,2026-09-02,https://www.cian.ru/rent/flat/332538980/,3plus,2026-09-05 11:27,3+ комнатные,Аренда,False,False,17.0
332777904,rent,3,False,300000,4285.71,70.0,,8.0,3,5,1917.0,brick,Хамовники,,,False,,"Россия, Москва, Земледельческий переулок, 3",Киевская,12,пешком,55.739595,37.577615,300000.0,True,0.0,longTerm,2026-08-26,https://www.cian.ru/rent/flat/332777904/,3plus,2026-09-05 11:27,3+ комнатные,Аренда,False,False,109.0
333392428,rent,3,False,130000,2452.83,53.0,,7.0,3,8,1960.0,brick,Хамовники,,,False,,"Россия, Москва, 2-я Фрунзенская улица, 10",Фрунзенская,7,пешком,55.723846,37.582233,130000.0,True,50.0,longTerm,2026-09-03,https://www.cian.ru/rent/flat/333392428/,3plus,2026-09-05 11:27,3+ комнатные,Аренда,False,False,66.0
327699915,rent,4,False,380000,2375.0,160.0,96.0,21.0,4,6,1911.0,brick,Хамовники,,,False,,"Россия, Москва город, улица Знаменка, дом 15",Арбатская,4,пешком,55.749983,37.604969,380000.0,True,0.0,longTerm,2026-08-20,https://www.cian.ru/rent/flat/327699915/,3plus,2026-09-05 11:27,3+ комнатные,Аренда,False,False,115.0
332516299,rent,3,False,890000,9368.42,95.0,,,2,13,2022.0,monolith,Хамовники,,,False,Садовые кварталы,"Москва, Усачёва ул, 15А",Лужники,10,пешком,55.7256,37.570276,890000.0,True,0.0,longTerm,2026-09-05,https://www.cian.ru/rent/flat/332516299/,3plus,2026-09-05 11:27,3+ комнатные,Аренда,False,False,4.0
296519808,rent,3,False,220000,2471.91,89.0,54.0,12.0,3,8,1958.0,block,Хамовники,,,False,,"Россия, Москва, улица Хамовнический Вал, 14",Лужники,12,пешком,55.71802,37.573753,220000.0,True,0.0,longTerm,2026-09-03,https://www.cian.ru/rent/flat/296519808/,3plus,2026-09-05 11:27,3+ комнатные,Аренда,False,False,68.0
331146204,rent,4,False,700000,3500.0,200.0,,,14,16,2008.0,monolith,Хамовники,,,False,Смоленская Застава,"Россия, Москва, Ружейный переулок, 3",Смоленская,10,пешком,55.742955,37.580517,700000.0,True,0.0,longTerm,2026-08-23,https://www.cian.ru/rent/flat/331146204/,3plus,2026-09-05 11:27,3+ комнатные,Аренда,False,False,18.0
329318912,rent,3,False,800000,5925.93,135.0,,,2,6,1917.0,brick,Хамовники,,,False,,"Россия, Москва, улица Пречистенка, 33/19с1",Парк Культуры,8,пешком,55.73963,37.589868,800000.0,True,0.0,longTerm,2026-08-21,https://www.cian.ru/rent/flat/329318912/,3plus,2026-09-05 11:27,3+ комнатные,Аренда,False,False,109.0
332442124,rent,4,False,245000,2130.43,115.0,80.0,20.0,3,8,1930.0,brick,Хамовники,,,False,,"Россия, Москва, улица Пречистенка, 31/16",Парк Культуры,7,пешком,55.740015,37.590138,250000.0,True,0.0,longTerm,2026-09-03,https://www.cian.ru/rent/flat/332442124/,3plus,2026-09-05 11:27,3+ комнатные,Аренда,False,False,96.0
331154881,rent,3,False,820000,4293.19,191.0,,10.0,11,15,2007.0,,Хамовники,,,False,,"Россия, Москва, Саввинская набережная, 9",Киевская,11,пешком,55.736914,37.569396,820000.0,True,0.0,longTerm,2026-08-16,https://www.cian.ru/rent/flat/331154881/,3plus,2026-09-05 11:27,3+ комнатные,Аренда,False,False,19.0
331686276,rent,3,False,450000,3333.33,135.0,60.0,15.0,7,7,1914.0,brick,Хамовники,,,False,,"Россия, Москва город, улица Остоженка, дом 5",Боровицкая,13,пешком,55.74333,37.601439,450000.0,True,0.0,longTerm,2026-09-04,https://www.cian.ru/rent/flat/331686276/,3plus,2026-09-05 11:27,3+ комнатные,Аренда,False,True,112.0
331294585,rent,4,False,150000,1363.64,110.0,69.0,10.0,11,16,1971.0,brick,Хамовники,,,False,,"Москва, Хамовники район, Власьевский М. пер., д.7",Смоленская,9,пешком,55.74639,37.592644,150000.0,True,0.0,longTerm,2026-09-04,https://www.cian.ru/rent/flat/331294585/,3plus,2026-09-05 11:27,3+ комнатные,Аренда,False,False,55.0
333297028,rent,4,False,550000,4330.71,127.0,81.0,15.0,1,5,,,Хамовники,,,False,,"Москва, Б. Власьевский пер., 7/24, стр. 2",Смоленская,9,пешком,55.745377,37.590578,550000.0,True,0.0,longTerm,2026-09-05,https://www.cian.ru/rent/flat/333297028/,3plus,2026-09-05 11:27,3+ комнатные,Аренда,True,False,
326754174,rent,4,False,1850000,10346.76,178.8,110.0,20.0,6,11,2013.0,monolith,Хамовники,,,False,GRAND DELUXE на Плющихе,"Москва, Погодинская ул, 4",Киевская,18,пешком,55.734973,37.571013,1850000.0,True,30.0,longTerm,2026-09-05,https://www.cian.ru/rent/flat/326754174/,3plus,2026-09-05 11:27,3+ комнатные,Аренда,False,False,13.0
332022965,rent,4,False,650000,3801.17,171.0,,19.0,3,7,2006.0,brick,Хамовники,,,False,Колымажный 10,"Москва, Колымажный пер, 10",Кропоткинская,5,пешком,55.748199,37.604403,650000.0,True,0.0,longTerm,2026-08-18,https://www.cian.ru/rent/flat/332022965/,3plus,2026-09-05 11:27,3+ комнатные,Аренда,False,False,20.0
331391930,rent,6,False,2300000,9426.23,244.0,180.0,15.0,5,15,2015.0,monolith,Хамовники,,,False,Barrin House,"Россия, Москва, Малая Пироговская улица, 8",Спортивная,11,пешком,55.72961,37.570474,,True,0.0,longTerm,2026-08-24,https://www.cian.ru/rent/flat/331391930/,3plus,2026-09-05 11:27,3+ комнатные,Аренда,False,False,11.0
332683991,rent,4,False,370000,2642.86,140.0,105.0,12.0,4,16,,monolith,Хамовники,,,False,Смоленская Застава,"Россия, Москва, Ружейный переулок, 3",Смоленская,10,пешком,55.742955,37.580517,370000.0,True,30.0,longTerm,2026-09-01,https://www.cian.ru/rent/flat/332683991/,3plus,2026-09-05 11:27,3+ комнатные,Аренда,False,False,
333495957,rent,3,False,350000,3097.35,113.0,,12.0,5,6,2006.0,monolith,Хамовники,,,False,Кристалл Хаус,"Россия, Москва, Коробейников переулок, 1",Парк Культуры,6,пешком,55.737314,37.6009,350000.0,True,50.0,longTerm,2026-09-04,https://www.cian.ru/rent/flat/333495957/,3plus,2026-09-05 11:27,3+ комнатные,Аренда,False,False,20.0
333184608,rent,3,False,490000,5975.61,82.0,,,4,14,2014.0,monolith,Хамовники,,,False,Садовые кварталы,"Россия, Москва, улица Ефремова, 10к1",Фрунзенская,8,пешком,55.725154,37.574507,490000.0,True,0.0,longTerm,2026-08-28,https://www.cian.ru/rent/flat/333184608/,3plus,2026-09-05 11:27,3+ комнатные,Аренда,False,False,12.0
331776226,rent,5,False,1000000,5050.51,198.0,117.0,20.0,3,7,2010.0,monolith,Хамовники,,,False,,"Россия, Москва город, переулок Еропкинский, дом 16",Кропоткинская,10,пешком,55.740451,37.592716,1000000.0,True,0.0,longTerm,2026-08-20,https://www.cian.ru/rent/flat/331776226/,3plus,2026-09-05 11:27,3+ комнатные,Аренда,False,False,16.0
322720250,rent,3,False,300000,2727.27,110.0,68.0,40.0,15,16,2008.0,monolith,Хамовники,,,False,Смоленская Застава,"Россия, Москва, Ружейный переулок, 3",Смоленская,10,пешком,55.742955,37.580517,320000.0,True,0.0,longTerm,2026-09-02,https://www.cian.ru/rent/flat/322720250/,3plus,2026-09-05 11:27,3+ комнатные,Аренда,False,False,18.0
330817903,rent,4,False,700000,4117.65,170.0,,,6,6,2000.0,brick,Хамовники,,,False,Дом в Зубовском проезде,"Россия, Москва, Зубовский проезд, 1",Парк Культуры,6,пешком,55.736351,37.588503,700000.0,True,0.0,longTerm,2026-07-07,https://www.cian.ru/rent/flat/330817903/,3plus,2026-09-05 11:27,3+ комнатные,Аренда,False,True,26.0
331711716,rent,4,False,450000,3461.54,130.0,60.0,15.0,7,7,1914.0,brick,Хамовники,,,False,,"Москва, Остоженка ул, 5",Кропоткинская,3,пешком,55.74333,37.601439,450000.0,True,0.0,longTerm,2026-09-05,https://www.cian.ru/rent/flat/331711716/,3plus,2026-09-05 11:27,3+ комнатные,Аренда,False,True,112.0
333610344,rent,4,False,500000,3906.25,128.0,,,1,5,1901.0,monolith,Хамовники,,,False,,"Россия, Москва, Гагаринский переулок, 24/7с2",Кропоткинская,9,пешком,55.745377,37.590578,500000.0,True,0.0,longTerm,2026-09-04,https://www.cian.ru/rent/flat/333610344/,3plus,2026-09-05 11:27,3+ комнатные,Аренда,True,False,125.0
332898114,rent,6,False,600000,3243.24,185.0,120.0,16.0,2,5,1910.0,brick,Хамовники,,,False,,"Россия, Москва, Гагаринский переулок, 23с1",Кропоткинская,7,пешком,55.744647,37.593219,600000.0,True,0.0,longTerm,2026-09-03,https://www.cian.ru/rent/flat/332898114/,3plus,2026-09-05 11:27,3+ комнатные,Аренда,False,False,116.0
280750347,rent,3,False,300000,2500.0,120.0,,,2,5,2000.0,monolith,Хамовники,,,False,Элитный дом Особняк,"Россия, Москва, Гагаринский переулок, 7к2",Кропоткинская,3,пешком,55.744693,37.598519,300000.0,True,0.0,longTerm,2026-08-31,https://www.cian.ru/rent/flat/280750347/,3plus,2026-09-05 11:27,3+ комнатные,Аренда,False,False,26.0
329250008,rent,4,False,975000,5571.43,175.0,,,1,8,,panel,Хамовники,,,False,Парк Палас,"Москва, Хилков пер, 1",Кропоткинская,14,пешком,55.736681,37.599319,975000.0,True,0.0,longTerm,2026-09-05,https://www.cian.ru/rent/flat/329250008/,3plus,2026-09-05 11:27,3+ комнатные,Аренда,True,False,
333457909,rent,4,False,2500000,9615.38,260.0,145.0,12.0,2,7,,,Хамовники,,,False,Парк Палас,"Москва, Хилков пер., 1",Парк Культуры,6,пешком,55.736681,37.599319,2500000.0,True,0.0,longTerm,2026-09-05,https://www.cian.ru/rent/flat/333457909/,3plus,2026-09-05 11:27,3+ комнатные,Аренда,False,False,
333615249,rent,4,False,500000,2631.58,190.0,,,3,3,1905.0,,Хамовники,,,False,,"Россия, Москва, Староконюшенный переулок, 10/10с1",Кропоткинская,5,пешком,55.744819,37.595662,500000.0,True,0.0,longTerm,2026-09-04,https://www.cian.ru/rent/flat/333615249/,3plus,2026-09-05 11:27,3+ комнатные,Аренда,False,True,121.0
320384635,rent,4,False,2500000,7352.94,340.0,280.0,30.0,2,7,,,Хамовники,,,False,Парк Палас,"Россия, Москва, Хилков переулок, 1",Парк Культуры,6,пешком,55.736681,37.599319,2500000.0,True,0.0,longTerm,2026-08-24,https://www.cian.ru/rent/flat/320384635/,3plus,2026-09-05 11:27,3+ комнатные,Аренда,False,False,
325353038,rent,5,False,1500000,6521.74,230.0,,,12,18,2006.0,panel,Хамовники,,,False,,"Москва, Комсомольский пр-кт, 32к2",Спортивная,12,пешком,55.725975,37.578046,1500000.0,True,0.0,longTerm,2026-09-05,https://www.cian.ru/rent/flat/325353038/,3plus,2026-09-05 11:27,3+ комнатные,Аренда,False,False,20.0
333319804,rent,4,False,750000,4687.5,160.0,,15.0,6,6,2022.0,brick,Хамовники,,,False,Villa Grace,"Россия, Москва, Пожарский переулок, 3",Кропоткинская,8,пешком,55.740254,37.60434,750000.0,True,50.0,longTerm,2026-08-26,https://www.cian.ru/rent/flat/333319804/,3plus,2026-09-05 11:27,3+ комнатные,Аренда,False,True,4.0
331687354,rent,3,False,490000,5975.61,82.0,,20.0,4,12,2014.0,monolith,Хамовники,,,False,Садовые кварталы,"Москва, Ефремова ул, 10с1",Лужники,13,пешком,55.725955,37.573133,490000.0,True,0.0,longTerm,2026-09-05,https://www.cian.ru/rent/flat/331687354/,3plus,2026-09-05 11:27,3+ комнатные,Аренда,False,False,12.0
330865515,rent,4,False,600000,3529.41,170.0,,,10,10,2007.0,monolith,Хамовники,,,False,Спорт Хаус,"Россия, Москва, 3-я Фрунзенская улица, 5к1",Фрунзенская,14,пешком,55.719688,37.578352,600000.0,True,0.0,longTerm,2026-08-08,https://www.cian.ru/rent/flat/330865515/,3plus,2026-09-05 11:27,3+ комнатные,Аренда,False,True,19.0
330675840,rent,3,False,560000,5333.33,105.0,85.0,10.0,5,8,2005.0,monolithBrick,Хамовники,,,False,Новая Остоженка,"Россия, Москва, 1-й Зачатьевский переулок, 5",Кропоткинская,10,пешком,55.739022,37.603819,,True,0.0,longTerm,2026-09-02,https://www.cian.ru/rent/flat/330675840/,3plus,2026-09-05 11:27,3+ комнатные,Аренда,False,False,21.0
327690354,rent,5,False,2174907,8055.21,270.0,,,5,7,2010.0,monolithBrick,Хамовники,,,False,Еропкинский 16,"Москва, Еропкинский переулок, 16",Парк Культуры,7,пешком,55.740451,37.592716,25000.0,True,0.0,longTerm,2026-09-03,https://www.cian.ru/rent/flat/327690354/,3plus,2026-09-05 11:27,3+ комнатные,Аренда,False,False,16.0
273734596,rent,5,False,600000,3243.24,185.0,124.0,16.0,2,5,1910.0,brick,Хамовники,,,False,,"Россия, Москва, Гагаринский переулок, 23с1",Кропоткинская,7,пешком,55.744647,37.593219,600000.0,True,0.0,longTerm,2026-08-25,https://www.cian.ru/rent/flat/273734596/,3plus,2026-09-05 11:27,3+ комнатные,Аренда,False,False,116.0
333178299,rent,4,False,2500000,9765.62,256.0,,20.0,2,8,,monolith,Хамовники,,,False,Парк Палас,"Москва, Хилков переулок, д. 1",Кропоткинская,14,пешком,55.736681,37.599319,2500000.0,True,0.0,longTerm,2026-09-04,https://www.cian.ru/rent/flat/333178299/,3plus,2026-09-05 11:27,3+ комнатные,Аренда,False,False,
331558595,rent,4,False,1000000,3952.57,253.0,,,2,7,2005.0,brick,Хамовники,,,False,Новая Остоженка,"Москва, 1-й Зачатьевский пер, 5",Кропоткинская,10,пешком,55.739022,37.603819,1000000.0,True,0.0,longTerm,2026-09-05,https://www.cian.ru/rent/flat/331558595/,3plus,2026-09-05 11:27,3+ комнатные,Аренда,False,False,21.0
333614345,rent,3,False,700000,4697.99,149.0,,,2,12,2012.0,brick,Хамовники,,,False,Андреевский,"Россия, Москва, 2-я Фрунзенская улица, 8",Фрунзенская,9,пешком,55.723699,37.583697,700000.0,True,0.0,longTerm,2026-09-04,https://www.cian.ru/rent/flat/333614345/,3plus,2026-09-05 11:27,3+ комнатные,Аренда,False,False,14.0
333616023,rent,3,False,350000,3271.03,107.0,,,3,8,1933.0,brick,Хамовники,,,False,,"Россия, Москва, Зубовский бульвар, 16-20с1",Парк Культуры,7,пешком,55.738596,37.588593,350000.0,True,0.0,longTerm,2026-09-04,https://www.cian.ru/rent/flat/333616023/,3plus,2026-09-05 11:27,3+ комнатные,Аренда,False,False,93.0
332717411,rent,3,False,190000,2235.29,85.0,,,2,6,1914.0,brick,Хамовники,,,False,,"Россия, Москва, Смоленский бульвар, 15",Смоленская,10,пешком,55.741799,37.582538,190000.0,True,0.0,longTerm,2026-08-25,https://www.cian.ru/rent/flat/332717411/,3plus,2026-09-05 11:27,3+ комнатные,Аренда,False,False,112.0
330315037,rent,4,False,725000,4341.32,167.0,,,3,12,2014.0,monolith,Хамовники,,,False,Barrin House,"Москва, Малая Пироговская ул, 8",Фрунзенская,12,пешком,55.72961,37.570474,725000.0,True,0.0,longTerm,2026-09-05,https://www.cian.ru/rent/flat/330315037/,3plus,2026-09-05 11:27,3+ комнатные,Аренда,False,False,12.0
328000272,rent,4,False,1200000,5769.23,208.0,,,4,6,2006.0,monolith,Хамовники,,,False,Кристалл Хаус,"Москва, Коробейников пер, 1",Парк Культуры,6,пешком,55.737314,37.6009,1200000.0,True,0.0,longTerm,2026-09-05,https://www.cian.ru/rent/flat/328000272/,3plus,2026-09-05 11:27,3+ комнатные,Аренда,False,False,20.0
333170685,rent,4,False,400000,1629.99,245.4,150.0,20.0,6,6,,monolithBrick,Хамовники,,,False,,"Москва, Хамовники, Малый Могильцевский переулок, 4Б",Смоленская,10,пешком,55.74451,37.58977,400000.0,True,0.0,longTerm,2026-09-04,https://www.cian.ru/rent/flat/333170685/,3plus,2026-09-05 11:27,3+ комнатные,Аренда,False,True,
332912836,rent,4,False,400000,1481.48,270.0,100.0,15.0,6,6,,brick,Хамовники,,,False,,"г Москва, Малый Могильцевский пер, д 4Б",Смоленская,9,пешком,55.74451,37.58977,400000.0,True,0.0,longTerm,2026-09-04,https://www.cian.ru/rent/flat/332912836/,3plus,2026-09-05 11:27,3+ комнатные,Аренда,False,True,
333288550,rent,3,False,250000,3289.47,76.0,37.0,15.0,4,5,1914.0,brick,Хамовники,,,False,,"Россия, Москва, Плотников переулок, 6/8",Смоленская,8,пешком,55.744667,37.588799,250000.0,True,30.0,longTerm,2026-09-03,https://www.cian.ru/rent/flat/333288550/,3plus,2026-09-05 11:27,3+ комнатные,Аренда,False,False,112.0
332809748,rent,4,False,490000,2378.64,206.0,,,4,6,1905.0,brick,Хамовники,,,False,,"Москва, Пречистенка ул, 40/2стр2",Смоленская,14,пешком,55.739362,37.587578,550000.0,True,0.0,longTerm,2026-09-05,https://www.cian.ru/rent/flat/332809748/,3plus,2026-09-05 11:27,3+ комнатные,Аренда,False,False,121.0
333260927,rent,3,False,180000,2040.82,88.2,58.2,6.0,8,8,1941.0,stalin,Хамовники,,,False,,"Россия, Москва, Смоленский бульвар, 22/14",Смоленская,9,пешком,55.742215,37.585035,180000.0,True,50.0,longTerm,2026-08-25,https://www.cian.ru/rent/flat/333260927/,3plus,2026-09-05 11:27,3+ комнатные,Аренда,False,True,85.0
331492350,rent,4,False,700000,3500.0,200.0,120.0,10.0,5,7,,monolith,Хамовники,,,False,,"Москва, Еропкинский пер, 16",Кропоткинская,10,пешком,55.740451,37.592716,700000.0,True,0.0,longTerm,2026-09-03,https://www.cian.ru/rent/flat/331492350/,3plus,2026-09-05 11:27,3+ комнатные,Аренда,False,False,
333588379,rent,3,False,350000,3846.15,91.0,65.0,17.0,4,8,,,Хамовники,,,False,,"Москва, набережная Фрунзенская, д.26",Фрунзенская,11,пешком,55.724469,37.588314,350000.0,True,0.0,longTerm,2026-09-04,https://www.cian.ru/rent/flat/333588379/,3plus,2026-09-05 11:27,3+ комнатные,Аренда,False,False,
332770822,rent,3,False,320000,3440.86,93.0,55.0,8.0,3,5,1910.0,brick,Хамовники,,,False,,"Россия, Москва, улица Остоженка, 7с1",Кропоткинская,3,пешком,55.742767,37.600792,320000.0,True,0.0,longTerm,2026-08-09,https://www.cian.ru/rent/flat/332770822/,3plus,2026-09-05 11:27,3+ комнатные,Аренда,False,False,116.0
333414084,rent,3,False,180000,2022.47,89.0,60.0,10.0,4,8,1960.0,brick,Хамовники,,,False,,"Россия, Москва, Комсомольский проспект, 36",Фрунзенская,7,пешком,55.723724,37.576151,180000.0,True,30.0,longTerm,2026-09-03,https://www.cian.ru/rent/flat/333414084/,3plus,2026-09-05 11:27,3+ комнатные,Аренда,False,False,66.0
328786400,rent,4,False,900000,6000.0,150.0,95.0,40.0,7,13,,monolith,Хамовники,,,False,Садовые кварталы,"Москва, Москва, Москва, улица Усачева, 15А",Лужники,10,пешком,55.7256,37.570276,900000.0,True,50.0,longTerm,2026-09-03,https://www.cian.ru/rent/flat/328786400/,3plus,2026-09-05 11:27,3+ комнатные,Аренда,False,False,
331533890,rent,3,False,850000,8018.87,106.0,,,7,14,2022.0,,Хамовники,,,False,Садовые кварталы,"Россия, Москва, Усачёва улица, 15А",Спортивная,6,пешком,55.7256,37.570276,850000.0,True,0.0,longTerm,2026-09-02,https://www.cian.ru/rent/flat/331533890/,3plus,2026-09-05 11:27,3+ комнатные,Аренда,False,False,4.0
333313031,rent,4,False,320000,2461.54,130.0,69.0,18.0,3,13,,monolithBrick,Хамовники,,,False,Венский дом,"Москва, 1-й Неопалимовский переулок, 8",Смоленская,14,пешком,55.74076,37.581047,320000.0,True,0.0,longTerm,2026-09-03,https://www.cian.ru/rent/flat/333313031/,3plus,2026-09-05 11:27,3+ комнатные,Аренда,False,False,
333588382,rent,4,False,450000,3333.33,135.0,86.0,6.0,7,8,,,Хамовники,,,False,,"Москва, улица Остоженка, д.5",Кропоткинская,3,пешком,55.74333,37.601439,500000.0,True,0.0,longTerm,2026-09-04,https://www.cian.ru/rent/flat/333588382/,3plus,2026-09-05 11:27,3+ комнатные,Аренда,False,False,
333336771,rent,4,False,450000,3333.33,135.0,90.0,6.0,7,7,1914.0,brick,Хамовники,,,False,,"г Москва, Хамовники, г Москва, ул Остоженка, 5",Кропоткинская,3,пешком,55.74333,37.601439,450000.0,True,0.0,longTerm,2026-09-04,https://www.cian.ru/rent/flat/333336771/,3plus,2026-09-05 11:27,3+ комнатные,Аренда,False,True,112.0
320827431,rent,3,False,185000,3357.53,55.1,40.0,6.0,2,5,1962.0,,Хамовники,,,False,,"Россия, Москва, Комсомольский проспект, 19",Фрунзенская,7,пешком,55.728859,37.585538,60000.0,True,0.0,longTerm,2026-09-03,https://www.cian.ru/rent/flat/320827431/,3plus,2026-09-05 11:27,3+ комнатные,Аренда,False,False,64.0
332688200,rent,4,False,599000,3196.37,187.4,,,6,6,1912.0,,Хамовники,,,False,,"Россия, Москва, Мансуровский переулок, 5",Парк Культуры,5,пешком,55.73963,37.594755,599000.0,True,30.0,longTerm,2026-08-12,https://www.cian.ru/rent/flat/332688200/,3plus,2026-09-05 11:27,3+ комнатные,Аренда,False,True,114.0
332186165,rent,4,False,1200000,6896.55,174.0,,,9,14,,panel,Хамовники,,,False,Дом на Трубецкой,"Москва, Трубецкая ул, 10",Фрунзенская,6,пешком,55.727328,37.575792,1200000.0,True,0.0,longTerm,2026-09-05,https://www.cian.ru/rent/flat/332186165/,3plus,2026-09-05 11:27,3+ комнатные,Аренда,False,False,
324919240,rent,4,False,1500000,8488.96,176.7,,,2,9,,panel,Хамовники,,,False,SAVVIN RIVER RESIDENCE,"Москва, Саввинская наб, 13",Киевская,12,пешком,55.73554,37.567267,1500000.0,True,0.0,longTerm,2026-09-05,https://www.cian.ru/rent/flat/324919240/,3plus,2026-09-05 11:27,3+ комнатные,Аренда,False,False,
329735443,rent,3,False,900000,8181.82,110.0,,,10,10,2014.0,monolithBrick,Хамовники,,,False,Садовые кварталы,"Москва, Ефремова улица, 10",Фрунзенская,6,пешком,55.726031,37.575603,900000.0,True,0.0,longTerm,2026-09-03,https://www.cian.ru/rent/flat/329735443/,3plus,2026-09-05 11:27,3+ комнатные,Аренда,False,True,12.0
332875966,rent,3,False,750000,5067.57,148.0,,,3,11,2013.0,monolith,Хамовники,,,False,GRAND DELUXE на Плющихе,"Москва, Погодинская ул, 4",Киевская,18,пешком,55.734973,37.571013,750000.0,True,0.0,longTerm,2026-09-05,https://www.cian.ru/rent/flat/332875966/,3plus,2026-09-05 11:27,3+ комнатные,Аренда,False,False,13.0
332311620,rent,3,False,330000,2844.83,116.0,60.0,20.0,3,8,2008.0,monolithBrick,Хамовники,,,False,Лужники Хаус,"Москва, Хамовнический Вал ул, 36",Спортивная,2,пешком,55.722588,37.558391,330000.0,True,50.0,longTerm,2026-09-04,https://www.cian.ru/rent/flat/332311620/,3plus,2026-09-05 11:27,3+ комнатные,Аренда,False,False,18.0
332451894,rent,3,False,1000000,6097.56,164.0,,,6,6,2010.0,monolith,Хамовники,,,False,Парк Палас,"Москва, Хилков пер, 1",Парк Культуры,6,пешком,55.736681,37.599319,1000000.0,True,0.0,longTerm,2026-09-05,https://www.cian.ru/rent/flat/332451894/,3plus,2026-09-05 11:27,3+ комнатные,Аренда,False,True,16.0
330145712,rent,4,False,700000,2800.0,250.0,150.0,50.0,2,7,2002.0,monolith,Хамовники,,,False,,"Россия, Москва, улица Остоженка, 27к3",Парк Культуры,5,пешком,55.738774,37.59719,700000.0,True,50.0,longTerm,2026-08-28,https://www.cian.ru/rent/flat/330145712/,3plus,2026-09-05 11:27,3+ комнатные,Аренда,False,False,24.0
329118763,rent,4,False,545000,3892.86,140.0,,,3,3,1917.0,brick,Хамовники,,,False,,"Москва, Большой Знаменский пер, 13стр1",Арбатская,9,пешком,55.747084,37.601573,545000.0,True,0.0,longTerm,2026-09-05,https://www.cian.ru/rent/flat/329118763/,3plus,2026-09-05 11:27,3+ комнатные,Аренда,False,True,109.0
320748944,rent,4,False,900000,4109.59,219.0,,,2,5,2002.0,monolithBrick,Хамовники,,,False,Молочный 1,"Москва, Молочный пер, 1",Кропоткинская,11,пешком,55.73888,37.602005,900000.0,True,0.0,longTerm,2026-09-05,https://www.cian.ru/rent/flat/320748944/,3plus,2026-09-05 11:27,3+ комнатные,Аренда,False,False,24.0
333335499,rent,3,False,150000,2142.86,70.0,56.0,10.0,6,11,1958.0,brick,Хамовники,,,False,,"Россия, Москва, Фрунзенская набережная, 38/1",Фрунзенская,13,пешком,55.721006,37.584326,150000.0,True,50.0,longTerm,2026-09-03,https://www.cian.ru/rent/flat/333335499/,3plus,2026-09-05 11:27,3+ комнатные,Аренда,False,False,68.0
333570601,rent,3,False,725000,4341.32,167.0,,25.0,3,12,,monolithBrick,Хамовники,,,False,Barrin House,"Россия, Москва город, улица Малая Пироговская, дом 8",Спортивная,11,пешком,55.72961,37.570474,725000.0,True,0.0,longTerm,2026-09-03,https://www.cian.ru/rent/flat/333570601/,3plus,2026-09-05 11:27,3+ комнатные,Аренда,False,False,
328550156,rent,4,False,1300000,6500.0,200.0,,,2,15,2016.0,monolith,Хамовники,,,False,Barrin House,"Москва, Малая Пироговская ул, 8",Фрунзенская,12,пешком,55.72961,37.570474,1300000.0,True,0.0,longTerm,2026-09-05,https://www.cian.ru/rent/flat/328550156/,3plus,2026-09-05 11:27,3+ комнатные,Аренда,False,False,10.0
332521501,rent,4,False,650000,3551.91,183.0,,20.0,3,7,,monolithBrick,Хамовники,,,False,Barrin House,"Россия, Москва город, улица Малая Пироговская, дом 8",Спортивная,11,пешком,55.72961,37.570474,650000.0,True,0.0,longTerm,2026-09-04,https://www.cian.ru/rent/flat/332521501/,3plus,2026-09-05 11:27,3+ комнатные,Аренда,False,False,
332662762,rent,4,False,490000,2378.64,206.0,161.0,22.0,5,7,,,Хамовники,,,False,,"Москва, Пречистенка ул., 40/2, стр. 2",Парк Культуры,9,пешком,55.739362,37.587578,490000.0,True,0.0,longTerm,2026-09-05,https://www.cian.ru/rent/flat/332662762/,3plus,2026-09-05 11:27,3+ комнатные,Аренда,False,False,
328668718,rent,3,False,180000,2500.0,72.0,40.0,8.0,2,7,1944.0,brick,Хамовники,,,False,,"Россия, Москва, Смоленский бульвар, 7",Парк Культуры,10,пешком,55.740472,37.584272,180000.0,True,50.0,longTerm,2026-08-15,https://www.cian.ru/rent/flat/328668718/,3plus,2026-09-05 11:27,3+ комнатные,Аренда,False,False,82.0
333249069,rent,6,False,600000,3125.0,192.0,,,2,5,1910.0,brick,Хамовники,,,False,,"Москва, Гагаринский пер, 23с1",Кропоткинская,7,пешком,55.744647,37.593219,600000.0,True,0.0,longTerm,2026-09-05,https://www.cian.ru/rent/flat/333249069/,3plus,2026-09-05 11:27,3+ комнатные,Аренда,False,False,116.0
333162459,rent,4,False,2500000,7861.64,318.0,175.0,30.0,2,8,,monolithBrick,Хамовники,,,False,Парк Палас,"Москва, Хилков переулок, 1",Парк Культуры,6,пешком,55.736681,37.599319,2500000.0,True,0.0,longTerm,2026-09-01,https://www.cian.ru/rent/flat/333162459/,3plus,2026-09-05 11:27,3+ комнатные,Аренда,False,False,
333058809,rent,3,False,890000,9368.42,95.0,71.0,12.0,2,13,,monolith,Хамовники,,,False,Садовые кварталы,"Россия, Москва город, улица Усачева, дом 15А",Спортивная,6,пешком,55.7256,37.570276,890000.0,True,50.0,longTerm,2026-08-30,https://www.cian.ru/rent/flat/333058809/,3plus,2026-09-05 11:27,3+ комнатные,Аренда,False,False,
329102147,rent,4,False,750000,4658.39,161.0,106.0,27.0,3,5,,,Хамовники,,,False,,"Москва, улица Остоженка, д.7, к.1",Кропоткинская,3,пешком,55.742767,37.600792,750000.0,True,0.0,longTerm,2026-09-04,https://www.cian.ru/rent/flat/329102147/,3plus,2026-09-05 11:27,3+ комнатные,Аренда,False,False,
332493918,rent,3,False,190000,3275.86,58.0,,,9,17,1967.0,panel,Хамовники,,,False,,"Россия, Москва, Смоленский бульвар, 6-8",Парк Культуры,10,пешком,55.740517,37.586338,230000.0,True,0.0,longTerm,2026-09-04,https://www.cian.ru/rent/flat/332493918/,3plus,2026-09-05 11:27,3+ комнатные,Аренда,False,False,59.0
332449928,rent,3,False,290000,2521.74,115.0,,,1,9,1996.0,,Хамовники,,,False,,"Россия, Москва, Большой Власьевский переулок, 9",Смоленская,9,пешком,55.74601,37.590335,330000.0,True,0.0,longTerm,2026-09-04,https://www.cian.ru/rent/flat/332449928/,3plus,2026-09-05 11:27,3+ комнатные,Аренда,True,False,30.0
330624504,rent,4,False,500000,4132.23,121.0,65.0,20.0,5,16,2008.0,monolith,Хамовники,,,False,Смоленская Застава,"Москва, Ружейный пер, 3",Смоленская,10,пешком,55.742955,37.580517,500000.0,True,0.0,longTerm,2026-09-05,https://www.cian.ru/rent/flat/330624504/,3plus,2026-09-05 11:27,3+ комнатные,Аренда,False,False,18.0
333015627,rent,4,False,600000,3006.01,199.6,,15.0,5,13,2003.0,monolithBrick,Хамовники,,,False,Венский дом,"Россия, Москва, 1-й Неопалимовский переулок, 8",Киевская,16,пешком,55.74076,37.581047,600000.0,True,0.0,longTerm,2026-09-04,https://www.cian.ru/rent/flat/333015627/,3plus,2026-09-05 11:27,3+ комнатные,Аренда,False,False,23.0
333564112,rent,4,False,1200000,5219.66,229.9,,50.0,2,8,,monolithBrick,Хамовники,,,False,Barrin House,"Россия, Москва город, улица Малая Пироговская, дом 8",Спортивная,11,пешком,55.72961,37.570474,1200000.0,True,0.0,longTerm,2026-09-03,https://www.cian.ru/rent/flat/333564112/,3plus,2026-09-05 11:27,3+ комнатные,Аренда,False,False,
324469539,rent,4,False,1300000,6500.0,200.0,,25.0,2,8,2015.0,monolithBrick,Хамовники,,,False,Barrin House,"Россия, Москва город, улица Малая Пироговская, дом 8",Спортивная,11,пешком,55.72961,37.570474,1300000.0,True,0.0,longTerm,2026-09-04,https://www.cian.ru/rent/flat/324469539/,3plus,2026-09-05 11:27,3+ комнатные,Аренда,False,False,11.0
311336784,rent,4,False,695000,4064.33,171.0,120.0,20.0,2,6,2001.0,,Хамовники,,,False,Дом в Зубовском проезде,"Москва, проезд Зубовский, д.1",Парк Культуры,6,пешком,55.736351,37.588503,695000.0,True,0.0,longTerm,2026-09-04,https://www.cian.ru/rent/flat/311336784/,3plus,2026-09-05 11:27,3+ комнатные,Аренда,False,False,25.0
332838983,rent,3,False,325000,3095.24,105.0,61.0,12.0,7,15,,brick,Хамовники,,,False,,"Москва, Хамовники район, Фрунзенская наб., д.24",Фрунзенская,9,пешком,55.725463,37.587515,325000.0,True,0.0,longTerm,2026-09-04,https://www.cian.ru/rent/flat/332838983/,3plus,2026-09-05 11:27,3+ комнатные,Аренда,False,False,
328760972,rent,5,False,1450000,5896.71,245.9,168.0,18.0,3,5,1910.0,,Хамовники,,,False,,"Москва, улица Пречистенка, д.27",Кропоткинская,10,пешком,55.740421,37.591386,1450000.0,True,0.0,longTerm,2026-09-03,https://www.cian.ru/rent/flat/328760972/,3plus,2026-09-05 11:27,3+ комнатные,Аренда,False,False,116.0
329438439,rent,3,False,380000,2533.33,150.0,103.0,20.0,5,6,,monolithBrick,Хамовники,,,False,,"Москва, 1-й Зачатьевский переулок, 6",Кропоткинская,10,пешком,55.739985,37.603109,380000.0,True,0.0,longTerm,2026-09-01,https://www.cian.ru/rent/flat/329438439/,3plus,2026-09-05 11:27,3+ комнатные,Аренда,False,False,
328926520,rent,4,False,1000000,3846.15,260.0,180.0,25.0,4,14,2003.0,monolithBrick,Хамовники,,,False,Пять Звезд,"Россия, Москва, 2-я Фрунзенская улица, 12",Фрунзенская,6,пешком,55.724069,37.580436,1000000.0,True,0.0,longTerm,2026-09-03,https://www.cian.ru/rent/flat/328926520/,3plus,2026-09-05 11:27,3+ комнатные,Аренда,False,False,23.0
294882758,rent,3,False,450000,3125.0,144.0,,5.0,4,14,2004.0,monolithBrick,Хамовники,,,False,,"Россия, Москва, Комсомольский проспект, 32к2",Фрунзенская,5,пешком,55.725975,37.578046,500000.0,True,0.0,longTerm,2025-12-03,https://www.cian.ru/rent/flat/294882758/,3plus,2026-09-05 11:27,3+ комнатные,Аренда,False,False,22.0
333156101,rent,4,False,900000,5000.0,180.0,,12.0,4,8,2015.0,monolith,Хамовники,,,False,Knightsbridge Private Park,"Россия, Москва, улица Ефремова, 19к4",Спортивная,3,пешком,55.721863,37.568875,900000.0,True,50.0,longTerm,2026-09-01,https://www.cian.ru/rent/flat/333156101/,3plus,2026-09-05 11:27,3+ комнатные,Аренда,False,False,11.0
333160820,rent,5,False,1300000,5579.4,233.0,,11.0,7,15,,,Хамовники,,,False,White Khamovniki,"Россия, Москва, Олсуфьевский переулок, 9к2",Фрунзенская,10,пешком,55.732899,37.579349,1300000.0,True,50.0,longTerm,2026-09-01,https://www.cian.ru/rent/flat/333160820/,3plus,2026-09-05 11:27,3+ комнатные,Аренда,False,False,
333169134,rent,3,False,450000,3913.04,115.0,,11.0,7,14,2013.0,monolith,Хамовники,,,False,Дом на Трубецкой,"Россия, Москва, Трубецкая улица, 10",Фрунзенская,6,пешком,55.727328,37.575792,450000.0,True,50.0,longTerm,2026-09-01,https://www.cian.ru/rent/flat/333169134/,3plus,2026-09-05 11:27,3+ комнатные,Аренда,False,False,13.0
333168781,rent,3,False,400000,3883.5,103.0,,12.0,4,6,2006.0,monolith,Хамовники,,,False,Кристалл Хаус,"Россия, Москва, Коробейников переулок, 1",Парк Культуры,6,пешком,55.737314,37.6009,400000.0,True,50.0,longTerm,2026-09-01,https://www.cian.ru/rent/flat/333168781/,3plus,2026-09-05 11:27,3+ комнатные,Аренда,False,False,20.0
333078413,rent,4,False,650000,3672.32,177.0,,12.0,6,12,2012.0,brick,Хамовники,,,False,Андреевский,"Россия, Москва, 2-я Фрунзенская улица, 8",Фрунзенская,9,пешком,55.723699,37.583697,650000.0,True,50.0,longTerm,2026-09-01,https://www.cian.ru/rent/flat/333078413/,3plus,2026-09-05 11:27,3+ комнатные,Аренда,False,False,14.0
333078574,rent,3,False,600000,3000.0,200.0,,12.0,5,8,2005.0,monolithBrick,Хамовники,,,False,Новая Остоженка,"Россия, Москва, 1-й Зачатьевский переулок, 5",Кропоткинская,10,пешком,55.739022,37.603819,600000.0,True,50.0,longTerm,2026-09-01,https://www.cian.ru/rent/flat/333078574/,3plus,2026-09-05 11:27,3+ комнатные,Аренда,False,False,21.0
333143179,rent,3,False,400000,2222.22,180.0,,20.0,3,4,1910.0,brick,Хамовники,,,False,,"Россия, Москва, улица Остоженка, 7с1",Кропоткинская,3,пешком,55.742767,37.600792,400000.0,True,50.0,longTerm,2026-09-01,https://www.cian.ru/rent/flat/333143179/,3plus,2026-09-05 11:27,3+ комнатные,Аренда,False,False,116.0
333184881,rent,3,False,800000,3636.36,220.0,,20.0,3,9,2021.0,monolith,Хамовники,,,False,SAVVIN RIVER RESIDENCE,"Россия, Москва, Саввинская набережная, 13",Киевская,12,пешком,55.73554,37.567267,800000.0,True,50.0,longTerm,2026-09-01,https://www.cian.ru/rent/flat/333184881/,3plus,2026-09-05 11:27,3+ комнатные,Аренда,False,False,5.0
333537119,sale,1,False,189110000,3157095.16,59.9,14.9,30.9,6,12,,monolith,Хамовники,,fz214,True,Клубный квартал «Фрунзенский»,"Москва, Фрунзенская набережная, 30",Парк Культуры,4,транспортом,55.724679888165184,37.58496036947504,,,,,2026-09-05,https://www.cian.ru/sale/flat/333537119/,1,2026-09-05 11:26,1-комнатные,Продажа,False,False,
311814270,sale,1,False,41621330,1169138.48,35.6,17.2,11.1,5,6,1930.0,brick,Хамовники,,free,False,,"Россия, Москва, Усачёва улица, 62",Спортивная,3,пешком,55.724865,37.562874,,,,,2026-09-04,https://www.cian.ru/sale/flat/311814270/,1,2026-09-05 11:26,1-комнатные,Продажа,False,False,96.0
333486945,sale,1,False,24900000,803225.81,31.0,18.0,6.0,6,9,,brick,Хамовники,,free,False,,"Москва, Хамовники район, Плющиха ул., д.33",Смоленская,12,пешком,55.741607,37.577624,,,,,2026-09-04,https://www.cian.ru/sale/flat/333486945/,1,2026-09-05 11:26,1-комнатные,Продажа,False,False,
333537241,sale,1,False,204150000,2459638.55,83.0,34.7,43.3,3,12,,monolith,Хамовники,,fz214,True,Клубный квартал «Фрунзенский»,"Москва, Фрунзенская набережная, 30",Парк Культуры,4,транспортом,55.724679888165184,37.58496036947504,,,,,2026-09-05,https://www.cian.ru/sale/flat/333537241/,1,2026-09-05 11:26,1-комнатные,Продажа,False,False,
332658899,sale,1,False,150000000,2245508.98,66.8,50.0,11.5,12,13,2022.0,monolithBrick,Хамовники,,free,False,Садовые кварталы,"Москва, Усачёва улица, 11Б",Спортивная,9,пешком,55.727724,37.572288,,,,,2026-09-04,https://www.cian.ru/sale/flat/332658899/,1,2026-09-05 11:26,1-комнатные,Продажа,False,False,4.0
325172858,sale,1,False,22990000,744012.94,30.9,20.0,6.0,6,8,1960.0,brick,Хамовники,,free,False,,"Россия, Москва, 1-я Фрунзенская улица, 5",Фрунзенская,6,пешком,55.72636,37.585134,,,,,2026-08-21,https://www.cian.ru/sale/flat/325172858/,1,2026-09-05 11:26,1-комнатные,Продажа,False,False,66.0
321356896,sale,1,False,107345000,1703888.89,63.0,14.1,29.4,15,17,,monolith,Хамовники,,fz214,True,КОЛЛЕКЦИЯ ЛУЖНИКИ,"Москва, Лужнецкая набережная",Воробьёвы горы,17,пешком,55.7152023823584,37.5729976389884,,,,,2026-09-02,https://www.cian.ru/sale/flat/321356896/,1,2026-09-05 11:26,1-комнатные,Продажа,False,False,
331368214,sale,1,False,36500000,912500.0,40.0,25.0,10.0,4,6,1931.0,,Хамовники,,free,False,,"Москва, переулок Сивцев Вражек, д.29/16",Смоленская,8,пешком,55.746978,37.591234,,,,,2026-08-29,https://www.cian.ru/sale/flat/331368214/,1,2026-09-05 11:26,1-комнатные,Продажа,False,False,95.0
333243947,sale,1,False,21000000,634441.09,33.1,17.9,7.4,5,9,1962.0,brick,Хамовники,,alternative,False,,"Россия, Москва, Комсомольский проспект, 31",Фрунзенская,6,пешком,55.724692,37.58022,,,,,2026-08-26,https://www.cian.ru/sale/flat/333243947/,1,2026-09-05 11:26,1-комнатные,Продажа,False,False,64.0
333537149,sale,1,False,274030000,4621079.26,59.3,14.7,30.7,10,12,,monolith,Хамовники,,fz214,True,Клубный квартал «Фрунзенский»,"Москва, Фрунзенская набережная, 30",Парк Культуры,4,транспортом,55.724679888165184,37.58496036947504,,,,,2026-09-05,https://www.cian.ru/sale/flat/333537149/,1,2026-09-05 11:26,1-комнатные,Продажа,False,False,
323193738,sale,1,False,150000000,2035278.15,73.7,,12.2,12,13,,monolithBrick,Хамовники,,free,False,Садовые кварталы,"Москва, Усачева улица, 11Б, квартал 3(3.2)",Фрунзенская,13,пешком,55.727724,37.572288,,,,,2026-09-04,https://www.cian.ru/sale/flat/323193738/,1,2026-09-05 11:26,1-комнатные,Продажа,False,False,
333078910,sale,1,False,22000000,750853.24,29.3,17.0,6.0,2,9,1964.0,brick,Хамовники,,free,False,,"Россия, Москва, Оболенский переулок, 3",Парк Культуры,8,пешком,55.732869,37.585529,,,,,2026-09-03,https://www.cian.ru/sale/flat/333078910/,1,2026-09-05 11:26,1-комнатные,Продажа,False,False,62.0
333537319,sale,1,False,234010000,2839927.18,82.4,17.4,41.9,5,10,,monolith,Хамовники,,fz214,True,Клубный квартал «Фрунзенский»,"Москва, Фрунзенская набережная, 30",Парк Культуры,4,транспортом,55.72428479191037,37.58470019519951,,,,,2026-09-05,https://www.cian.ru/sale/flat/333537319/,1,2026-09-05 11:26,1-комнатные,Продажа,False,False,
325366759,sale,1,False,49980000,980000.0,51.0,21.0,25.0,1,9,1996.0,brick,Хамовники,,free,False,,"Россия, Москва, Большой Власьевский переулок, 9",Смоленская,9,пешком,55.74601,37.590335,,,,,2026-08-26,https://www.cian.ru/sale/flat/325366759/,1,2026-09-05 11:26,1-комнатные,Продажа,True,False,30.0
333468251,sale,1,False,33000000,767441.86,43.0,12.9,26.2,10,11,1959.0,brick,Хамовники,,free,False,,"Россия, Москва, Фрунзенская набережная, 36/2",Фрунзенская,10,пешком,55.722157,37.584721,,,,,2026-09-01,https://www.cian.ru/sale/flat/333468251/,1,2026-09-05 11:26,1-комнатные,Продажа,False,False,67.0
333564427,sale,1,False,467192951,3684487.0,126.8,82.3,9.0,2,5,,monolith,Хамовники,,fz214,True,Лё Дом,"Москва, Соймоновский проезд, 3",Кропоткинская,5,пешком,55.7425815166732,37.605376568122,,,,,2026-09-04,https://www.cian.ru/sale/flat/333564427/,1,2026-09-05 11:26,1-комнатные,Продажа,False,False,
322552394,sale,1,False,24499999,808580.83,30.3,19.3,6.0,2,5,1960.0,monolithBrick,Хамовники,,free,False,,"Москва, Москва, Земледельческий переулок, 18",Смоленская,12,пешком,55.741794,37.579421,,,,,2026-09-03,https://www.cian.ru/sale/flat/322552394/,1,2026-09-05 11:26,1-комнатные,Продажа,False,False,66.0
331304810,sale,1,False,22500000,700934.58,32.1,18.0,7.5,2,10,1964.0,brick,Хамовники,,free,False,,"Россия, Москва, Комсомольский проспект, 21/10",Фрунзенская,3,пешком,55.727942,37.584757,,,,,2026-08-22,https://www.cian.ru/sale/flat/331304810/,1,2026-09-05 11:26,1-комнатные,Продажа,False,False,62.0
333537078,sale,1,False,159200000,2369047.62,67.2,17.0,26.6,2,12,,monolith,Хамовники,,fz214,True,Клубный квартал «Фрунзенский»,"Москва, Фрунзенская набережная, 30",Парк Культуры,4,транспортом,55.724679888165184,37.58496036947504,,,,,2026-09-05,https://www.cian.ru/sale/flat/333537078/,1,2026-09-05 11:26,1-комнатные,Продажа,False,False,
333474015,sale,1,False,25900000,670984.46,38.6,18.0,10.0,4,14,1973.0,block,Хамовники,,free,False,,"Россия, Москва, Большой Саввинский переулок, 10с1",Киевская,16,пешком,55.733751,37.565802,,,,,2026-09-04,https://www.cian.ru/sale/flat/333474015/,1,2026-09-05 11:26,1-комнатные,Продажа,False,False,53.0
333287615,sale,1,False,26990000,843437.5,32.0,,8.0,4,9,1973.0,brick,Хамовники,,free,False,,"Россия, Москва, улица Плющиха, 42",Киевская,11,пешком,55.741029,37.576313,,,,,2026-09-01,https://www.cian.ru/sale/flat/333287615/,1,2026-09-05 11:26,1-комнатные,Продажа,False,False,53.0
333537451,sale,1,False,233860000,3190450.2,73.3,17.1,25.5,5,10,,monolith,Хамовники,,fz214,True,Клубный квартал «Фрунзенский»,"Москва, Фрунзенская набережная, 30",Парк Культуры,4,транспортом,55.72437864670762,37.58455535591348,,,,,2026-09-05,https://www.cian.ru/sale/flat/333537451/,1,2026-09-05 11:26,1-комнатные,Продажа,False,False,
332338295,sale,1,False,29000000,828571.43,35.0,20.0,9.0,9,14,1971.0,brick,Хамовники,,free,False,,"Россия, Москва, Большая Пироговская улица, 29",Спортивная,12,пешком,55.729782,37.567078,,,,,2026-08-25,https://www.cian.ru/sale/flat/332338295/,1,2026-09-05 11:26,1-комнатные,Продажа,False,False,55.0
321955597,sale,1,False,21500000,655487.8,32.8,18.0,7.5,6,9,1962.0,monolithBrick,Хамовники,,free,False,,"Россия, Москва, Комсомольский проспект, 31",Фрунзенская,6,пешком,55.724692,37.58022,,,,,2026-08-27,https://www.cian.ru/sale/flat/321955597/,1,2026-09-05 11:26,1-комнатные,Продажа,False,False,64.0
330816143,sale,1,False,79089000,1588132.53,49.8,22.0,22.8,5,17,,monolith,Хамовники,,fz214,True,КОЛЛЕКЦИЯ ЛУЖНИКИ,"Москва, жилой комплекс Коллекция Лужники",Воробьёвы горы,12,пешком,55.71523266481593,37.5705353711112,,,,,2026-09-02,https://www.cian.ru/sale/flat/330816143/,1,2026-09-05 11:26,1-комнатные,Продажа,False,False,
328117992,sale,1,False,37500000,801282.05,46.8,16.0,13.0,11,11,1999.0,brick,Хамовники,,free,False,,"Россия, Москва, Саввинская набережная, 7с3",Киевская,13,пешком,55.736944,37.570483,,,,,2026-09-03,https://www.cian.ru/sale/flat/328117992/,1,2026-09-05 11:26,1-комнатные,Продажа,False,True,27.0
330013766,sale,1,False,22800000,721518.99,31.6,,6.8,2,8,1961.0,monolith,Хамовники,,free,False,,"Россия, Москва, Комсомольский проспект, 40",Спортивная,8,пешком,55.721873,37.573977,,,,,2026-09-03,https://www.cian.ru/sale/flat/330013766/,1,2026-09-05 11:26,1-комнатные,Продажа,False,False,65.0
333537293,sale,1,False,202180000,2743283.58,73.7,17.2,23.2,3,10,,monolith,Хамовники,,fz214,True,Клубный квартал «Фрунзенский»,"Москва, Фрунзенская набережная, 30",Парк Культуры,4,транспортом,55.72428479191037,37.58470019519951,,,,,2026-09-02,https://www.cian.ru/sale/flat/333537293/,1,2026-09-05 11:26,1-комнатные,Продажа,False,False,
333210608,sale,1,False,67000000,1218181.82,55.0,16.9,22.0,7,18,,monolith,Хамовники,,dupt,False,КОЛЛЕКЦИЯ ЛУЖНИКИ,"Москва, ЖК Коллекция Лужники",Лужники,19,пешком,55.7156081703927,37.5715492461217,,,,,2026-09-04,https://www.cian.ru/sale/flat/333210608/,1,2026-09-05 11:26,1-комнатные,Продажа,False,False,
308231073,sale,1,False,24000000,750000.0,32.0,21.2,5.2,7,8,1961.0,brick,Хамовники,,free,False,,"Россия, Москва, Комсомольский проспект, 11",Парк Культуры,8,пешком,55.730112,37.590156,,,,,2026-08-01,https://www.cian.ru/sale/flat/308231073/,1,2026-09-05 11:26,1-комнатные,Продажа,False,False,65.0
333537062,sale,1,False,225220000,3203698.44,70.3,30.2,35.1,1,10,,monolith,Хамовники,,fz214,True,Клубный квартал «Фрунзенский»,"Москва, Фрунзенская набережная, 30",Парк Культуры,4,транспортом,55.7244588775083,37.5843810123283,,,,,2026-09-05,https://www.cian.ru/sale/flat/333537062/,1,2026-09-05 11:26,1-комнатные,Продажа,True,False,
331798348,sale,1,False,49980000,980000.0,51.0,31.0,14.0,1,9,1997.0,brick,Хамовники,,free,False,,"Москва, Хамовники район, Власьевский Б. пер., д.9",Смоленская,9,пешком,55.74601,37.590335,,,,,2026-09-02,https://www.cian.ru/sale/flat/331798348/,1,2026-09-05 11:26,1-комнатные,Продажа,True,False,29.0
332622279,sale,1,False,25000000,757575.76,33.0,13.0,15.0,3,9,1963.0,brick,Хамовники,,free,False,,"Россия, Москва, Комсомольский проспект, 27А",Фрунзенская,4,пешком,55.725463,37.581891,,,,,2026-08-28,https://www.cian.ru/sale/flat/332622279/,1,2026-09-05 11:26,1-комнатные,Продажа,False,False,63.0
330816110,sale,1,False,112844000,1859044.48,60.7,15.1,25.2,9,18,,monolith,Хамовники,,fz214,True,КОЛЛЕКЦИЯ ЛУЖНИКИ,"Москва, Лужнецкая набережная",Воробьёвы горы,15,пешком,55.7156081703927,37.5715492461217,,,,,2026-09-02,https://www.cian.ru/sale/flat/330816110/,1,2026-09-05 11:26,1-комнатные,Продажа,False,False,
333405312,sale,1,False,32000000,941176.47,34.0,18.0,8.0,6,9,,brick,Хамовники,,free,False,,"Москва, Хамовники район, Комсомольский пр-кт., д.29",Фрунзенская,4,пешком,55.724981,37.580104,,,,,2026-09-04,https://www.cian.ru/sale/flat/333405312/,1,2026-09-05 11:26,1-комнатные,Продажа,False,False,
331811364,sale,1,False,44500000,988888.89,45.0,30.2,7.5,6,8,1961.0,brick,Хамовники,,free,False,,"Москва, Новодевичий проезд, 10",Спортивная,11,пешком,55.729863,37.557511,,,,,2026-09-03,https://www.cian.ru/sale/flat/331811364/,1,2026-09-05 11:26,1-комнатные,Продажа,False,False,65.0
333537544,sale,1,False,235560000,3055252.92,77.1,34.8,37.3,1,10,,monolith,Хамовники,,fz214,True,Клубный квартал «Фрунзенский»,"Москва, Фрунзенская набережная, 30",Парк Культуры,4,транспортом,55.72437864670762,37.58455535591348,,,,,2026-09-05,https://www.cian.ru/sale/flat/333537544/,1,2026-09-05 11:26,1-комнатные,Продажа,True,False,
333296985,sale,1,False,150000000,2133712.66,70.3,,12.6,12,13,,monolithBrick,Хамовники,,free,False,Садовые кварталы,"Россия, Москва, Усачёва улица, 11Б",Спортивная,9,пешком,55.727724,37.572288,,,,,2026-09-02,https://www.cian.ru/sale/flat/333296985/,1,2026-09-05 11:26,1-комнатные,Продажа,False,False,
326042579,sale,1,False,21700000,529268.29,41.0,,5.0,1,12,1974.0,panel,Хамовники,,free,False,,"Россия, Москва, Погодинская улица, 14",Спортивная,15,пешком,55.731642,37.565614,,,,,2026-09-02,https://www.cian.ru/sale/flat/326042579/,1,2026-09-05 11:26,1-комнатные,Продажа,True,False,52.0
333537227,sale,1,False,272320000,4663013.7,58.4,14.7,26.2,11,12,,monolith,Хамовники,,fz214,True,Клубный квартал «Фрунзенский»,"Москва, Фрунзенская набережная, 30",Парк Культуры,4,транспортом,55.724679888165184,37.58496036947504,,,,,2026-09-05,https://www.cian.ru/sale/flat/333537227/,1,2026-09-05 11:26,1-комнатные,Продажа,False,False,
332412538,sale,1,False,110000000,1989150.09,55.3,26.0,15.0,11,18,,,Хамовники,,dupt,False,КОЛЛЕКЦИЯ ЛУЖНИКИ,"Россия, Москва, ЖК Коллекция Лужники",Воробьёвы горы,14,пешком,55.714344080273975,37.57406048283202,,,,,2026-08-28,https://www.cian.ru/sale/flat/332412538/,1,2026-09-05 11:26,1-комнатные,Продажа,False,False,
332066337,sale,1,False,24300000,788961.04,30.8,18.0,6.0,4,5,,brick,Хамовники,,free,False,,"Москва г., Пироговская М. ул, 23",Спортивная,8,пешком,55.727192,37.565784,,,,,2026-09-03,https://www.cian.ru/sale/flat/332066337/,1,2026-09-05 11:26,1-комнатные,Продажа,False,False,
330544331,sale,1,False,284092788,3295740.0,86.2,19.3,32.6,2,10,,monolith,Хамовники,,fz214,True,Узоры,"Москва, 2-й Вражский переулок, 8с2",Киевская,8,пешком,55.7393082371145,37.5734459828025,,,,,2026-07-15,https://www.cian.ru/sale/flat/330544331/,1,2026-09-05 11:26,1-комнатные,Продажа,False,False,
332342981,sale,1,False,34000000,755555.56,45.0,20.0,11.0,2,7,1968.0,brick,Хамовники,,free,False,,"Россия, Москва, Языковский переулок, 2",Парк Культуры,11,пешком,55.731044,37.584541,,,,,2026-08-27,https://www.cian.ru/sale/flat/332342981/,1,2026-09-05 11:26,1-комнатные,Продажа,False,False,58.0
332209176,sale,1,False,22700000,687878.79,33.0,17.2,9.1,5,9,1967.0,brick,Хамовники,,free,False,,"Россия, Москва, Учебный переулок, 3",Спортивная,5,пешком,55.724292,37.559631,,,,,2026-09-04,https://www.cian.ru/sale/flat/332209176/,1,2026-09-05 11:26,1-комнатные,Продажа,False,False,59.0
333537402,sale,1,False,227830000,2935953.61,77.6,35.4,37.2,1,10,,monolith,Хамовники,,fz214,True,Клубный квартал «Фрунзенский»,"Москва, Фрунзенская набережная, 30",Парк Культуры,4,транспортом,55.72428479191037,37.58470019519951,,,,,2026-09-05,https://www.cian.ru/sale/flat/333537402/,1,2026-09-05 11:26,1-комнатные,Продажа,True,False,
333138414,sale,1,False,23000000,830324.91,27.7,16.7,6.0,6,12,1974.0,panel,Хамовники,,free,False,,"Россия, Москва, Погодинская улица, 14",Спортивная,15,пешком,55.731642,37.565614,,,,,2026-09-04,https://www.cian.ru/sale/flat/333138414/,1,2026-09-05 11:26,1-комнатные,Продажа,False,False,52.0
333025596,sale,1,False,48000000,1200000.0,40.0,20.0,8.0,3,7,1932.0,brick,Хамовники,,,False,,"Россия, Москва, Большой Афанасьевский переулок, 5",Кропоткинская,6,пешком,55.745453,37.596381,,,,,2026-09-04,https://www.cian.ru/sale/flat/333025596/,1,2026-09-05 11:26,1-комнатные,Продажа,False,False,94.0
333537101,sale,1,False,246520000,2779255.92,88.7,16.8,43.8,1,12,,monolith,Хамовники,,fz214,True,Клубный квартал «Фрунзенский»,"Москва, Фрунзенская набережная, 30",Парк Культуры,4,транспортом,55.724679888165184,37.58496036947504,,,,,2026-09-05,https://www.cian.ru/sale/flat/333537101/,1,2026-09-05 11:26,1-комнатные,Продажа,True,False,
330727081,sale,1,False,62000000,1244979.92,49.8,,,10,18,,,Хамовники,,dupt,False,КОЛЛЕКЦИЯ ЛУЖНИКИ,"Россия, Москва, ЖК Коллекция Лужники",Воробьёвы горы,14,пешком,55.7156081703927,37.5715492461217,,,,,2026-08-04,https://www.cian.ru/sale/flat/330727081/,1,2026-09-05 11:26,1-комнатные,Продажа,False,False,
321356839,sale,1,False,136332000,1817760.0,75.0,16.5,32.8,8,17,,monolith,Хамовники,,fz214,True,КОЛЛЕКЦИЯ ЛУЖНИКИ,"Москва, Лужнецкая набережная",Воробьёвы горы,11,пешком,55.7139668271363,37.5699238274583,,,,,2026-09-01,https://www.cian.ru/sale/flat/321356839/,1,2026-09-05 11:26,1-комнатные,Продажа,False,False,
333102690,sale,1,False,39000000,928571.43,42.0,20.0,10.0,11,12,1970.0,brick,Хамовники,,free,False,,"Россия, Москва, Серпов переулок, 5",Смоленская,15,пешком,55.740218,37.579268,,,,,2026-08-31,https://www.cian.ru/sale/flat/333102690/,1,2026-09-05 11:26,1-комнатные,Продажа,False,False,56.0
332076428,sale,1,False,37000000,973684.21,38.0,,10.0,7,9,1960.0,brick,Хамовники,,free,False,,"Россия, Москва, улица Хамовнический Вал, 8",Фрунзенская,19,пешком,55.716788,37.574929,,,,,2026-09-01,https://www.cian.ru/sale/flat/332076428/,1,2026-09-05 11:26,1-комнатные,Продажа,False,False,66.0
327575727,sale,1,False,91041000,1655290.91,55.0,12.8,22.2,5,12,,monolith,Хамовники,,fz214,True,КОЛЛЕКЦИЯ ЛУЖНИКИ,"Москва, жилой комплекс Коллекция Лужники",Воробьёвы горы,11,пешком,55.71473148229745,37.57007671337002,,,,,2026-09-01,https://www.cian.ru/sale/flat/327575727/,1,2026-09-05 11:26,1-комнатные,Продажа,False,False,
330834445,sale,1,False,33700000,823960.88,40.9,16.2,11.0,5,9,,monolithBrick,Хамовники,,alternative,False,,Россия Москва  Москва район Хамовники   Плющиха 42,Киевская,11,пешком,55.741029,37.576313,,,,,2026-09-04,https://www.cian.ru/sale/flat/330834445/,1,2026-09-05 11:26,1-комнатные,Продажа,False,False,
299177845,sale,1,False,11500000,328571.43,35.0,19.4,9.8,3,14,1973.0,block,Хамовники,,free,False,,"Россия, Москва, Усачёва улица, 40",Спортивная,7,пешком,55.726669,37.565883,,,,,2026-08-15,https://www.cian.ru/sale/flat/299177845/,1,2026-09-05 11:26,1-комнатные,Продажа,False,False,53.0
322436616,sale,1,False,30000000,859598.85,34.9,20.0,7.2,1,6,1914.0,brick,Хамовники,,free,False,,"Россия, Москва, улица Бурденко, 8/1",Парк Культуры,8,пешком,55.738951,37.58367,,,,,2026-07-23,https://www.cian.ru/sale/flat/322436616/,1,2026-09-05 11:26,1-комнатные,Продажа,True,False,112.0
333164962,sale,1,False,62000000,1244979.92,49.8,11.3,22.7,10,18,,monolith,Хамовники,,dupt,False,КОЛЛЕКЦИЯ ЛУЖНИКИ,"Москва, ЖК Коллекция Лужники",Лужники,19,пешком,55.7156081703927,37.5715492461217,,,,,2026-09-03,https://www.cian.ru/sale/flat/333164962/,1,2026-09-05 11:26,1-комнатные,Продажа,False,False,
331088675,sale,1,False,69900000,1403614.46,49.8,11.3,22.7,4,18,,monolith,Хамовники,,dupt,False,КОЛЛЕКЦИЯ ЛУЖНИКИ,"Россия, Москва, ЖК Коллекция Лужники",Воробьёвы горы,14,пешком,55.7156081703927,37.5715492461217,,,,,2026-09-04,https://www.cian.ru/sale/flat/331088675/,1,2026-09-05 11:26,1-комнатные,Продажа,False,False,
333141736,sale,1,False,72000000,1309090.91,55.0,12.8,22.2,3,18,,monolith,Хамовники,,dupt,False,КОЛЛЕКЦИЯ ЛУЖНИКИ,"Москва, ЖК Коллекция Лужники",Лужники,19,пешком,55.7156081703927,37.5715492461217,,,,,2026-09-03,https://www.cian.ru/sale/flat/333141736/,1,2026-09-05 11:26,1-комнатные,Продажа,False,False,
333537265,sale,2,False,324100000,2603212.85,124.5,57.8,30.1,3,12,,monolith,Хамовники,,fz214,True,Клубный квартал «Фрунзенский»,"Москва, Фрунзенская набережная, 30",Парк Культуры,4,транспортом,55.724679888165184,37.58496036947504,,,,,2026-09-05,https://www.cian.ru/sale/flat/333537265/,2,2026-09-05 11:26,2-комнатные,Продажа,False,False,
330003320,sale,2,False,135000000,2213114.75,61.0,,,4,13,2017.0,,Хамовники,,free,False,Садовые кварталы,"Россия, г. Москва, Усачева ул., д. 11Б",Спортивная,9,пешком,55.727724,37.572288,,,,,2026-09-05,https://www.cian.ru/sale/flat/330003320/,2,2026-09-05 11:26,2-комнатные,Продажа,False,False,9.0
332636986,sale,2,False,16716000,453008.13,36.9,,,6,9,,,Хамовники,,free,False,,"Усачёва улица, дом 19, корпус 3, Этаж № 6, кв. 42",Спортивная,6,пешком,55.726092,37.568614,,,,,2026-09-04,https://www.cian.ru/sale/flat/332636986/,2,2026-09-05 11:26,2-комнатные,Продажа,False,False,
332519719,sale,2,False,435841879,3147100.0,138.49,64.5,,3,11,,monolithBrick,Хамовники,,free,False,Веспер Погодинская,"Москва, Погодинская улица",Спортивная,10,пешком,55.72910446892335,37.56003355323304,,,,,2026-09-02,https://www.cian.ru/sale/flat/332519719/,2,2026-09-05 11:26,2-комнатные,Продажа,False,False,
332677946,sale,2,False,140000000,1958041.96,71.5,31.5,35.0,5,12,2017.0,monolith,Хамовники,,free,False,Садовые кварталы,"Россия, г. Москва, Усачева ул., д. 11И",Спортивная,9,пешком,55.72746,37.570698,,,,,2026-09-05,https://www.cian.ru/sale/flat/332677946/,2,2026-09-05 11:26,2-комнатные,Продажа,False,False,9.0
333212401,sale,2,False,23500000,550351.29,42.7,26.5,4.7,4,5,1962.0,,Хамовники,,free,False,,"Россия, Москва, Комсомольский проспект, 19",Фрунзенская,7,пешком,55.728859,37.585538,,,,,2026-08-24,https://www.cian.ru/sale/flat/333212401/,2,2026-09-05 11:26,2-комнатные,Продажа,False,False,64.0
328904518,sale,2,False,200283072,2844930.0,70.4,,26.3,2,8,,monolith,Хамовники,,fz214,True,"Клубные резиденции Лёвшинский, 19","Российская Федерация, город Москва, вн.тер.г. муниципальный округ Хамовники, переулок Большой Лёвшинский, земельный участок 19",Парк Культуры,11,пешком,55.74141019821372,37.586046898147465,,,,,2026-09-03,https://www.cian.ru/sale/flat/328904518/,2,2026-09-05 11:26,2-комнатные,Продажа,False,False,
333561814,sale,2,False,180000000,2387267.9,75.4,,,8,15,2021.0,monolith,Хамовники,,free,False,White Khamovniki,"Москва, Олсуфьевский пер., д. 9, к. 1",Фрунзенская,8,пешком,55.732702,37.579933,,,,,2026-09-04,https://www.cian.ru/sale/flat/333561814/,2,2026-09-05 11:26,2-комнатные,Продажа,False,False,5.0
331514083,sale,2,False,23950000,704411.76,34.0,25.0,7.0,3,5,1929.0,brick,Хамовники,,free,False,,"Россия, Москва, улица Ефремова, 20",Спортивная,5,пешком,55.722314,37.568605,,,,,2026-08-30,https://www.cian.ru/sale/flat/331514083/,2,2026-09-05 11:26,2-комнатные,Продажа,False,False,97.0
333537123,sale,2,False,295370000,3214037.0,91.9,30.7,26.0,6,12,,monolith,Хамовники,,fz214,True,Клубный квартал «Фрунзенский»,"Москва, Фрунзенская набережная, 30",Парк Культуры,4,транспортом,55.724679888165184,37.58496036947504,,,,,2026-09-05,https://www.cian.ru/sale/flat/333537123/,2,2026-09-05 11:26,2-комнатные,Продажа,False,False,
296106356,sale,2,False,280000000,2916666.67,96.0,,7.0,6,7,2014.0,monolith,Хамовники,,free,False,Литератор,"Москва, Льва Толстого ул., д. 23, к. 1",Парк Культуры,10,пешком,55.734917,37.58482,,,,,2026-09-04,https://www.cian.ru/sale/flat/296106356/,2,2026-09-05 11:26,2-комнатные,Продажа,False,False,12.0
332912364,sale,2,False,21000000,512195.12,41.0,28.0,6.0,5,5,,brick,Хамовники,,free,False,,"Москва, Хамовники район, Пироговская М. ул., д.6/4, к.1",Фрунзенская,13,пешком,55.730492,37.571426,,,,,2026-09-04,https://www.cian.ru/sale/flat/332912364/,2,2026-09-05 11:26,2-комнатные,Продажа,False,True,
333537208,sale,2,False,290000000,2804642.17,103.4,29.9,35.3,6,12,,monolith,Хамовники,,fz214,True,Клубный квартал «Фрунзенский»,"Москва, Фрунзенская набережная, 30",Парк Культуры,4,транспортом,55.724679888165184,37.58496036947504,,,,,2026-09-05,https://www.cian.ru/sale/flat/333537208/,2,2026-09-05 11:26,2-комнатные,Продажа,False,False,
333307605,sale,2,False,120000000,1328903.65,90.3,,18.0,2,14,2022.0,monolith,Хамовники,,free,False,Садовые кварталы,"Россия, Москва, Усачёва улица, 15А",Спортивная,6,пешком,55.7256,37.570276,,,,,2026-09-01,https://www.cian.ru/sale/flat/333307605/,2,2026-09-05 11:26,2-комнатные,Продажа,False,False,4.0
333129808,sale,2,False,28990000,548015.12,52.9,32.2,,5,5,,,Хамовники,,free,False,,"г. Москва, ул. Ефремова, 11",Фрунзенская,7,пешком,55.7242,37.57554,,,,,2026-09-03,https://www.cian.ru/sale/flat/333129808/,2,2026-09-05 11:26,2-комнатные,Продажа,False,True,
324759216,sale,2,False,109263000,1650498.49,66.2,23.8,24.1,13,18,,monolith,Хамовники,,fz214,True,КОЛЛЕКЦИЯ ЛУЖНИКИ,"Москва, Лужнецкая набережная",Воробьёвы горы,17,пешком,55.7152023823584,37.5729976389884,,,,,2026-09-02,https://www.cian.ru/sale/flat/324759216/,2,2026-09-05 11:26,2-комнатные,Продажа,False,False,
332613331,sale,2,False,295000000,1798780.49,164.0,,30.0,2,15,2015.0,monolith,Хамовники,,free,False,Barrin House,"Россия, Москва, Малая Пироговская улица, 8",Спортивная,11,пешком,55.72961,37.570474,,,,,2026-09-04,https://www.cian.ru/sale/flat/332613331/,2,2026-09-05 11:26,2-комнатные,Продажа,False,False,11.0
324356752,sale,2,False,26500000,588888.89,45.0,27.7,7.1,4,9,,brick,Хамовники,,free,False,,"город Москва, проспект Комсомольский, д.29",Фрунзенская,4,пешком,55.724981,37.580104,,,,,2026-09-03,https://www.cian.ru/sale/flat/324356752/,2,2026-09-05 11:26,2-комнатные,Продажа,False,False,
333537083,sale,2,False,287940000,3185176.99,90.4,31.1,26.3,8,12,,monolith,Хамовники,,fz214,True,Клубный квартал «Фрунзенский»,"Москва, Фрунзенская набережная, 30",Парк Культуры,4,транспортом,55.724679888165184,37.58496036947504,,,,,2026-09-05,https://www.cian.ru/sale/flat/333537083/,2,2026-09-05 11:26,2-комнатные,Продажа,False,False,
332877652,sale,2,False,62000000,1244979.92,49.8,,,10,18,,monolith,Хамовники,,dupt,False,КОЛЛЕКЦИЯ ЛУЖНИКИ,"Россия, Москва, ЖК Коллекция Лужники",Воробьёвы горы,14,пешком,55.7156081703927,37.5715492461217,,,,,2026-09-04,https://www.cian.ru/sale/flat/332877652/,2,2026-09-05 11:26,2-комнатные,Продажа,False,False,
332636987,sale,2,False,18085000,479708.22,37.7,,,1,12,,,Хамовники,,free,False,,"Малый Саввинский переулок, дом 5, Этаж № 1, кв. 5",Спортивная,13,пешком,55.730502,37.55982,,,,,2026-08-05,https://www.cian.ru/sale/flat/332636987/,2,2026-09-05 11:26,2-комнатные,Продажа,True,False,
332519698,sale,2,False,546321622,3397100.0,160.82,73.1,,3,11,,monolithBrick,Хамовники,,free,False,Веспер Погодинская,"Москва, Погодинская улица",Спортивная,10,пешком,55.72910446892335,37.56003355323304,,,,,2026-08-28,https://www.cian.ru/sale/flat/332519698/,2,2026-09-05 11:26,2-комнатные,Продажа,False,False,
332917512,sale,2,False,73000000,1327272.73,55.0,,,5,18,,monolith,Хамовники,,dupt,False,КОЛЛЕКЦИЯ ЛУЖНИКИ,"Россия, Москва, ЖК Коллекция Лужники",Воробьёвы горы,14,пешком,55.7156081703927,37.5715492461217,,,,,2026-09-04,https://www.cian.ru/sale/flat/332917512/,2,2026-09-05 11:26,2-комнатные,Продажа,False,False,
330582804,sale,2,False,249448125,3060713.19,81.5,42.4,6.9,3,6,,monolith,Хамовники,,fz214,True,Саввинская 27,"Москва, Саввинская набережная, 27",Спортивная,13,пешком,55.730669,37.557942,,,,,2026-08-31,https://www.cian.ru/sale/flat/330582804/,2,2026-09-05 11:26,2-комнатные,Продажа,False,False,
333537307,sale,2,False,336760000,2832296.05,118.9,34.3,42.3,3,10,,monolith,Хамовники,,fz214,True,Клубный квартал «Фрунзенский»,"Москва, Фрунзенская набережная, 30",Парк Культуры,4,транспортом,55.72428479191037,37.58470019519951,,,,,2026-09-05,https://www.cian.ru/sale/flat/333537307/,2,2026-09-05 11:26,2-комнатные,Продажа,False,False,
332733495,sale,2,False,65000000,1305220.88,49.8,,,9,18,,monolith,Хамовники,,dupt,False,КОЛЛЕКЦИЯ ЛУЖНИКИ,"Россия, Москва, ЖК Коллекция Лужники",Воробьёвы горы,14,пешком,55.71523266481593,37.5705353711112,,,,,2026-08-11,https://www.cian.ru/sale/flat/332733495/,2,2026-09-05 11:26,2-комнатные,Продажа,False,False,
333050430,sale,2,False,30000000,721153.85,41.6,28.0,6.8,3,10,1964.0,brick,Хамовники,,free,False,,"Россия, Москва, 1-я Фрунзенская улица, 8",Фрунзенская,5,пешком,55.727886,37.585404,,,,,2026-09-03,https://www.cian.ru/sale/flat/333050430/,2,2026-09-05 11:26,2-комнатные,Продажа,False,False,62.0
333537080,sale,2,False,351380000,2935505.43,119.7,33.8,36.7,6,12,,monolith,Хамовники,,fz214,True,Клубный квартал «Фрунзенский»,"Москва, Фрунзенская набережная, 30",Парк Культуры,4,транспортом,55.724679888165184,37.58496036947504,,,,,2026-09-05,https://www.cian.ru/sale/flat/333537080/,2,2026-09-05 11:26,2-комнатные,Продажа,False,False,
333393018,sale,2,False,45000000,1046511.63,43.0,,6.0,4,6,2022.0,monolithBrick,Хамовники,,free,False,,"Россия, Москва, Усачёва улица, 62",Спортивная,3,пешком,55.724865,37.562874,,,,,2026-09-04,https://www.cian.ru/sale/flat/333393018/,2,2026-09-05 11:26,2-комнатные,Продажа,False,False,4.0
331644072,sale,2,False,28400000,671394.8,42.3,28.0,6.0,7,8,1961.0,brick,Хамовники,,,False,,"Россия, Москва, Комсомольский проспект, 11",Парк Культуры,8,пешком,55.730112,37.590156,,,,,2026-08-31,https://www.cian.ru/sale/flat/331644072/,2,2026-09-05 11:26,2-комнатные,Продажа,False,False,65.0
333537052,sale,2,False,464380000,3220388.35,144.2,38.9,48.7,4,10,,monolith,Хамовники,,fz214,True,Клубный квартал «Фрунзенский»,"Москва, Фрунзенская набережная, 30",Парк Культуры,4,транспортом,55.7244588775083,37.5843810123283,,,,,2026-09-05,https://www.cian.ru/sale/flat/333537052/,2,2026-09-05 11:26,2-комнатные,Продажа,False,False,
315702571,sale,2,False,475347783,2716273.05,175.0,145.0,9.2,4,7,,brick,Хамовники,,free,False,Barkli Plaza,"Москва, Пречистенская наб., 17-19",Кропоткинская,9,пешком,55.739732,37.605508,,,,,2026-09-04,https://www.cian.ru/sale/flat/315702571/,2,2026-09-05 11:26,2-комнатные,Продажа,False,False,
333496851,sale,2,False,40000000,856531.05,46.7,25.0,7.0,7,10,,panel,Хамовники,,free,False,,"Москва г, Москва, Москва, Фрунзенская наб, 50",Спортивная,14,пешком,55.718633,37.576879,,,,,2026-09-04,https://www.cian.ru/sale/flat/333496851/,2,2026-09-05 11:26,2-комнатные,Продажа,False,False,
332519716,sale,2,False,534445925,3590500.0,148.85,64.4,,2,11,,monolithBrick,Хамовники,,free,False,Веспер Погодинская,"Москва, Погодинская улица",Спортивная,10,пешком,55.72910446892335,37.56003355323304,,,,,2026-09-02,https://www.cian.ru/sale/flat/332519716/,2,2026-09-05 11:26,2-комнатные,Продажа,False,False,
332311213,sale,2,False,117000000,1568364.61,74.6,47.0,9.0,4,6,2015.0,monolithBrick,Хамовники,,free,False,Садовые кварталы,"Москва, Усачева ул., 11",Фрунзенская,13,пешком,55.72746,37.570698,,,,,2026-09-05,https://www.cian.ru/sale/flat/332311213/,2,2026-09-05 11:26,2-комнатные,Продажа,False,False,11.0
331497844,sale,2,False,28900000,652370.2,44.3,30.0,6.0,4,5,1961.0,panel,Хамовники,,alternative,False,,"Россия, Москва, Кропоткинский переулок, 20с1",Парк Культуры,9,пешком,55.740806,37.588494,,,,,2026-09-03,https://www.cian.ru/sale/flat/331497844/,2,2026-09-05 11:26,2-комнатные,Продажа,False,False,65.0
333537276,sale,2,False,292230000,2358595.64,123.9,53.8,37.5,3,13,,monolith,Хамовники,,fz214,True,Клубный квартал «Фрунзенский»,"Москва, Фрунзенская набережная, 30",Парк Культуры,4,транспортом,55.724679888165184,37.58496036947504,,,,,2026-09-05,https://www.cian.ru/sale/flat/333537276/,2,2026-09-05 11:26,2-комнатные,Продажа,False,False,
332119336,sale,2,False,105000000,1666666.67,63.0,30.0,15.0,9,16,,monolithBrick,Хамовники,,dupt,False,КОЛЛЕКЦИЯ ЛУЖНИКИ,"г. Москва, наб. Лужнецкая, вл. 2/4 корп. Е",Воробьёвы горы,12,пешком,55.714344080273975,37.57406048283202,,,,,2026-09-04,https://www.cian.ru/sale/flat/332119336/,2,2026-09-05 11:26,2-комнатные,Продажа,False,False,
332482640,sale,2,False,33500000,620370.37,54.0,33.2,9.0,4,8,1958.0,block,Хамовники,,free,False,,"Москва, Хамовники район, Хамовнический Вал ул., д.16",Фрунзенская,17,пешком,55.717994,37.572369,,,,,2026-09-04,https://www.cian.ru/sale/flat/332482640/,2,2026-09-05 11:26,2-комнатные,Продажа,False,False,68.0
333537093,sale,2,False,464170000,4250641.03,109.2,32.7,31.0,10,12,,monolith,Хамовники,,fz214,True,Клубный квартал «Фрунзенский»,"Москва, Фрунзенская набережная, 30",Парк Культуры,4,транспортом,55.724679888165184,37.58496036947504,,,,,2026-09-05,https://www.cian.ru/sale/flat/333537093/,2,2026-09-05 11:26,2-комнатные,Продажа,False,False,
328977598,sale,2,False,199900000,2093193.72,95.5,,18.0,2,10,2013.0,monolith,Хамовники,,free,False,GRAND DELUXE на Плющихе,"Москва, Погодинская улица, 4",Фрунзенская,16,пешком,55.734973,37.571013,,,,,2026-09-05,https://www.cian.ru/sale/flat/328977598/,2,2026-09-05 11:26,2-комнатные,Продажа,False,False,13.0
333379154,sale,2,False,45600000,786206.9,58.0,28.9,13.6,3,4,1890.0,brick,Хамовники,,free,False,,"Россия, Москва, Барыковский переулок, 10",Кропоткинская,6,пешком,55.742027,37.595986,,,,,2026-09-04,https://www.cian.ru/sale/flat/333379154/,2,2026-09-05 11:26,2-комнатные,Продажа,False,False,136.0
332519693,sale,2,False,633344478,3875800.0,163.41,60.7,,2,11,,monolithBrick,Хамовники,,free,False,Веспер Погодинская,"Москва, Погодинская улица",Спортивная,10,пешком,55.72910446892335,37.56003355323304,,,,,2026-08-28,https://www.cian.ru/sale/flat/332519693/,2,2026-09-05 11:26,2-комнатные,Продажа,False,False,
328843904,sale,2,False,150000000,1875000.0,80.0,,,6,6,1999.0,monolithBrick,Хамовники,,free,False,,"Москва, 1-й Зачатьевский переулок, 4",Кропоткинская,10,пешком,55.739716,37.604169,,,,,2026-09-04,https://www.cian.ru/sale/flat/328843904/,2,2026-09-05 11:26,2-комнатные,Продажа,False,True,27.0
333287158,sale,2,False,41000000,697278.91,58.8,30.0,8.0,3,10,1955.0,brick,Хамовники,,alternative,False,,"Россия, Москва, 3-я Фрунзенская улица, 9",Фрунзенская,10,пешком,55.721234,37.576816,,,,,2026-09-01,https://www.cian.ru/sale/flat/333287158/,2,2026-09-05 11:26,2-комнатные,Продажа,False,False,71.0
333495985,sale,2,False,362750000,2500000.0,145.1,,55.9,3,6,,monolith,Хамовники,,free,False,Nabokov,"Москва, Курсовой переулок, 10/1",Кропоткинская,8,пешком,55.740167,37.604843,,,,,2026-09-01,https://www.cian.ru/sale/flat/333495985/,2,2026-09-05 11:26,2-комнатные,Продажа,False,False,
331882184,sale,2,False,289000000,3524390.24,82.0,,9.0,4,6,,monolithBrick,Хамовники,,free,False,Клубный дом Обыденский №1,"Россия, Москва, 3-й Обыденский переулок, 1",Кропоткинская,5,пешком,55.742129,37.604394,,,,,2026-09-04,https://www.cian.ru/sale/flat/331882184/,2,2026-09-05 11:26,2-комнатные,Продажа,False,False,
331156584,sale,2,False,38000000,892018.78,42.6,,15.0,10,11,1959.0,,Хамовники,,,False,,"Россия, Москва, Фрунзенская набережная, 36/2",Фрунзенская,10,пешком,55.722157,37.584721,,,,,2026-09-04,https://www.cian.ru/sale/flat/331156584/,2,2026-09-05 11:26,2-комнатные,Продажа,False,False,67.0
332519701,sale,2,False,682254660,4278800.0,159.45,65.5,,4,11,,monolithBrick,Хамовники,,free,False,Веспер Погодинская,"Москва, Погодинская улица",Спортивная,10,пешком,55.72910446892335,37.56003355323304,,,,,2026-09-02,https://www.cian.ru/sale/flat/332519701/,2,2026-09-05 11:26,2-комнатные,Продажа,False,False,
333059138,sale,2,False,61900000,1242971.89,49.8,,22.7,10,18,,monolith,Хамовники,,dupt,False,КОЛЛЕКЦИЯ ЛУЖНИКИ,"Москва, Коллекция Лужники ЖК",Воробьёвы горы,14,пешком,55.7143864764713,37.5721614788484,,,,,2026-09-04,https://www.cian.ru/sale/flat/333059138/,2,2026-09-05 11:26,2-комнатные,Продажа,False,False,
329246682,sale,2,False,50000000,769230.77,65.0,,8.0,7,9,1960.0,brick,Хамовники,,free,False,,"Россия, Москва, Фрунзенская набережная, 18",Парк Культуры,11,пешком,55.72924,37.591773,,,,,2026-08-24,https://www.cian.ru/sale/flat/329246682/,2,2026-09-05 11:26,2-комнатные,Продажа,False,False,66.0
332519691,sale,2,False,626646024,4053600.0,154.59,62.2,,2,11,,monolithBrick,Хамовники,,free,False,Веспер Погодинская,"Москва, Погодинская улица",Спортивная,10,пешком,55.72910446892335,37.56003355323304,,,,,2026-09-04,https://www.cian.ru/sale/flat/332519691/,2,2026-09-05 11:26,2-комнатные,Продажа,False,False,
333441116,sale,2,False,72500000,1318181.82,55.0,,22.2,5,18,,monolith,Хамовники,,dupt,False,КОЛЛЕКЦИЯ ЛУЖНИКИ,"Москва, Коллекция Лужники ЖК",Воробьёвы горы,14,пешком,55.7143864764713,37.5721614788484,,,,,2026-09-04,https://www.cian.ru/sale/flat/333441116/,2,2026-09-05 11:26,2-комнатные,Продажа,False,False,
310218489,sale,2,False,34500000,539062.5,64.0,41.0,10.0,4,4,1930.0,brick,Хамовники,,free,False,,"Россия, Москва, Языковский переулок, 5к5",Фрунзенская,7,пешком,55.731404,37.583248,,,,,2026-07-16,https://www.cian.ru/sale/flat/310218489/,2,2026-09-05 11:26,2-комнатные,Продажа,False,True,96.0
332519697,sale,2,False,667446752,4110400.0,162.38,68.8,,3,11,,monolithBrick,Хамовники,,free,False,Веспер Погодинская,"Москва, Погодинская улица",Спортивная,10,пешком,55.72910446892335,37.56003355323304,,,,,2026-09-02,https://www.cian.ru/sale/flat/332519697/,2,2026-09-05 11:26,2-комнатные,Продажа,False,False,
333127190,sale,2,False,97000000,1539682.54,63.0,,30.2,11,18,,monolith,Хамовники,,dupt,False,КОЛЛЕКЦИЯ ЛУЖНИКИ,"Москва, Коллекция Лужники ЖК",Воробьёвы горы,14,пешком,55.7143864764713,37.5721614788484,,,,,2026-09-04,https://www.cian.ru/sale/flat/333127190/,2,2026-09-05 11:26,2-комнатные,Продажа,False,False,
323560758,sale,2,False,30500000,476562.5,64.0,41.0,7.0,2,6,1926.0,brick,Хамовники,,free,False,,"Россия, Москва, Комсомольский проспект, 14/1к1",Парк Культуры,8,пешком,55.731065,37.589096,,,,,2026-09-04,https://www.cian.ru/sale/flat/323560758/,2,2026-09-05 11:26,2-комнатные,Продажа,False,False,100.0
333471887,sale,2,False,87500000,1582278.48,55.3,,,4,18,,monolith,Хамовники,,dupt,False,КОЛЛЕКЦИЯ ЛУЖНИКИ,"Москва, Коллекция Лужники ЖК",Воробьёвы горы,14,пешком,55.7143864764713,37.5721614788484,,,,,2026-09-04,https://www.cian.ru/sale/flat/333471887/,2,2026-09-05 11:26,2-комнатные,Продажа,False,False,
322869278,sale,2,False,28000000,616740.09,45.4,28.2,6.0,2,12,1969.0,block,Хамовники,,alternative,False,,"Россия, Москва, Усачёва улица, 25",Спортивная,3,пешком,55.724941,37.565138,,,,,2026-07-07,https://www.cian.ru/sale/flat/322869278/,2,2026-09-05 11:26,2-комнатные,Продажа,False,False,57.0
329938417,sale,2,False,225000000,1873438.8,120.1,70.2,8.1,13,15,,monolithBrick,Хамовники,,free,False,Садовые кварталы,"Москва, Усачева улица, 15, квартал 5(5.2c2)",Фрунзенская,14,пешком,55.726836,37.570357,,,,,2026-09-04,https://www.cian.ru/sale/flat/329938417/,2,2026-09-05 11:26,2-комнатные,Продажа,False,False,
333404442,sale,2,False,37800000,875000.0,43.2,,6.0,5,8,1961.0,brick,Хамовники,,free,False,,"Россия, Москва, 2-я Фрунзенская улица, 7",Фрунзенская,9,пешком,55.72275,37.580786,,,,,2026-09-04,https://www.cian.ru/sale/flat/333404442/,2,2026-09-05 11:26,2-комнатные,Продажа,False,False,65.0
333606342,sale,2,False,37990000,883488.37,43.0,,6.0,5,8,1960.0,brick,Хамовники,,free,False,,"Россия, Москва, 1-я Фрунзенская улица, 5",Фрунзенская,6,пешком,55.72636,37.585134,,,,,2026-09-04,https://www.cian.ru/sale/flat/333606342/,2,2026-09-05 11:26,2-комнатные,Продажа,False,False,66.0
332145432,sale,2,False,33000000,717391.3,46.0,,8.0,16,17,1967.0,panel,Хамовники,,,False,,"Россия, Москва, Смоленский бульвар, 6-8",Парк Культуры,10,пешком,55.740517,37.586338,,,,,2026-08-22,https://www.cian.ru/sale/flat/332145432/,2,2026-09-05 11:26,2-комнатные,Продажа,False,False,59.0
329280427,sale,2,False,169000000,2588055.13,65.3,,18.3,3,4,2025.0,brick,Хамовники,,,False,Саввинская 17,"Россия, Москва, Саввинская набережная, 17",Киевская,16,пешком,55.734567,37.565767,,,,,2026-09-04,https://www.cian.ru/sale/flat/329280427/,2,2026-09-05 11:26,2-комнатные,Продажа,False,False,1.0
333203201,sale,2,False,36900000,900000.0,41.0,,5.0,2,8,1960.0,brick,Хамовники,,free,False,,"Россия, Москва, 2-я Фрунзенская улица, 10",Фрунзенская,7,пешком,55.723846,37.582233,,,,,2026-08-28,https://www.cian.ru/sale/flat/333203201/,2,2026-09-05 11:26,2-комнатные,Продажа,False,False,66.0
332824214,sale,2,False,167000000,1849390.92,90.3,52.0,20.0,9,14,2022.0,monolithBrick,Хамовники,,free,False,Садовые кварталы,"Россия, Москва, Усачёва улица, 15А",Фрунзенская,11,пешком,55.7256,37.570276,,,,,2026-09-04,https://www.cian.ru/sale/flat/332824214/,2,2026-09-05 11:26,2-комнатные,Продажа,False,False,4.0
332876870,sale,2,False,97000000,1539682.54,63.0,,,11,18,,,Хамовники,,dupt,False,КОЛЛЕКЦИЯ ЛУЖНИКИ,"Лужнецкая набережная, 2/4",Воробьёвы горы,17,пешком,55.7143864764713,37.5721614788484,,,,,2026-09-04,https://www.cian.ru/sale/flat/332876870/,2,2026-09-05 11:26,2-комнатные,Продажа,False,False,
332806058,sale,2,False,28000000,578512.4,48.4,34.8,7.8,1,4,1917.0,,Хамовники,,free,False,,"Россия, Москва, улица Тимура Фрунзе, 8/5",Парк Культуры,3,пешком,55.733609,37.591683,,,,,2026-08-28,https://www.cian.ru/sale/flat/332806058/,2,2026-09-05 11:26,2-комнатные,Продажа,True,False,109.0
332697239,sale,2,False,180000000,2387267.9,75.4,,12.0,8,15,2021.0,,Хамовники,,free,False,White Khamovniki,"Россия, Москва, Олсуфьевский переулок, 9к1",Фрунзенская,8,пешком,55.732702,37.579933,,,,,2026-09-04,https://www.cian.ru/sale/flat/332697239/,2,2026-09-05 11:26,2-комнатные,Продажа,False,False,5.0
332729736,sale,2,False,60000000,1071428.57,56.0,34.0,9.0,3,5,1957.0,brick,Хамовники,,alternative,False,,"Россия, Москва, Большой Лёвшинский переулок, 3",Смоленская,9,пешком,55.74338,37.590668,,,,,2026-08-22,https://www.cian.ru/sale/flat/332729736/,2,2026-09-05 11:26,2-комнатные,Продажа,False,False,69.0
324759209,sale,2,False,286033000,2511264.27,113.9,36.5,41.1,9,18,,monolith,Хамовники,,fz214,True,КОЛЛЕКЦИЯ ЛУЖНИКИ,"Москва, жилой комплекс Коллекция Лужники",Воробьёвы горы,12,пешком,55.71333692108894,37.570690939236,,,,,2026-09-01,https://www.cian.ru/sale/flat/324759209/,2,2026-09-05 11:26,2-комнатные,Продажа,False,False,
328531678,sale,2,False,69000000,1380000.0,50.0,33.0,10.0,3,6,2022.0,monolith,Хамовники,,free,False,Roza Rossa,"Россия, Москва, Зубовская улица, 7",Парк Культуры,10,пешком,55.736934,37.583365,,,,,2026-09-01,https://www.cian.ru/sale/flat/328531678/,2,2026-09-05 11:26,2-комнатные,Продажа,False,False,4.0
332849539,sale,2,False,34900000,612280.7,57.0,32.0,9.0,3,5,1890.0,brick,Хамовники,,free,False,,"Россия, Москва, Зубовский бульвар, 29",Парк Культуры,5,пешком,55.737238,37.588072,,,,,2026-09-04,https://www.cian.ru/sale/flat/332849539/,2,2026-09-05 11:26,2-комнатные,Продажа,False,False,136.0
321356932,sale,2,False,157199000,1819432.87,86.4,30.3,25.6,13,18,,monolith,Хамовники,,fz214,True,КОЛЛЕКЦИЯ ЛУЖНИКИ,"Москва, Лужнецкая набережная",Воробьёвы горы,15,пешком,55.7156081703927,37.5715492461217,,,,,2026-09-02,https://www.cian.ru/sale/flat/321356932/,2,2026-09-05 11:26,2-комнатные,Продажа,False,False,
327276122,sale,2,False,85000000,1375404.53,61.8,,19.0,5,6,1930.0,,Хамовники,,free,False,,"Россия, Москва, 1-й Зачатьевский переулок, 13",Парк Культуры,10,пешком,55.739757,37.602328,,,,,2026-09-01,https://www.cian.ru/sale/flat/327276122/,2,2026-09-05 11:26,2-комнатные,Продажа,False,False,96.0
331461682,sale,2,False,54000000,892561.98,60.5,34.9,9.1,7,9,1939.0,brick,Хамовники,,free,False,,"Россия, Москва, Фрунзенская набережная, 48",Фрунзенская,18,пешком,55.717873,37.579681,,,,,2026-07-30,https://www.cian.ru/sale/flat/331461682/,2,2026-09-05 11:26,2-комнатные,Продажа,False,False,87.0
332519711,sale,2,False,609533062,4258300.0,143.14,65.0,,7,11,,monolithBrick,Хамовники,,free,False,Веспер Погодинская,"Москва, Погодинская улица",Спортивная,10,пешком,55.72910446892335,37.56003355323304,,,,,2026-08-28,https://www.cian.ru/sale/flat/332519711/,2,2026-09-05 11:26,2-комнатные,Продажа,False,False,
333603168,sale,2,False,40000000,856531.05,46.7,25.0,7.0,7,10,1957.0,brick,Хамовники,,free,False,,"Россия, Москва, Фрунзенская набережная, 50",Спортивная,14,пешком,55.718633,37.576879,,,,,2026-09-04,https://www.cian.ru/sale/flat/333603168/,2,2026-09-05 11:26,2-комнатные,Продажа,False,False,69.0
332865894,sale,2,False,31500000,665961.95,47.3,,8.7,6,14,1971.0,brick,Хамовники,,free,False,,"Россия, Москва, Большая Пироговская улица, 29",Спортивная,12,пешком,55.729782,37.567078,,,,,2026-08-30,https://www.cian.ru/sale/flat/332865894/,2,2026-09-05 11:26,2-комнатные,Продажа,False,False,55.0
330548741,sale,2,False,225817000,1828477.73,123.5,57.8,51.8,4,18,,monolith,Хамовники,,fz214,True,КОЛЛЕКЦИЯ ЛУЖНИКИ,"Москва, жилой комплекс Коллекция Лужники",Воробьёвы горы,12,пешком,55.71333692108894,37.570690939236,,,,,2026-09-01,https://www.cian.ru/sale/flat/330548741/,2,2026-09-05 11:26,2-комнатные,Продажа,False,False,
332129819,sale,2,False,215000000,2336956.52,92.0,,40.0,10,14,2014.0,monolith,Хамовники,,free,False,Садовые кварталы,"Россия, Москва, улица Ефремова, 10к1",Фрунзенская,8,пешком,55.725154,37.574507,,,,,2026-08-18,https://www.cian.ru/sale/flat/332129819/,2,2026-09-05 11:26,2-комнатные,Продажа,False,False,12.0
315368003,sale,2,False,35000000,596252.13,58.7,35.2,10.0,2,11,1956.0,stalin,Хамовники,,free,False,,"Москва, Хамовники район, Хамовнический Вал ул., д.2",Спортивная,15,пешком,55.716133,37.576492,,,,,2026-09-04,https://www.cian.ru/sale/flat/315368003/,2,2026-09-05 11:26,2-комнатные,Продажа,False,False,70.0
330548753,sale,2,False,142603000,1589777.03,89.7,31.3,27.7,4,17,,monolith,Хамовники,,fz214,True,КОЛЛЕКЦИЯ ЛУЖНИКИ,"Москва, Лужнецкая набережная",Воробьёвы горы,11,пешком,55.7139668271363,37.5699238274583,,,,,2026-09-01,https://www.cian.ru/sale/flat/330548753/,2,2026-09-05 11:26,2-комнатные,Продажа,False,False,
332243984,sale,2,False,32900000,765116.28,43.0,25.0,5.0,3,5,,panel,Хамовники,,free,False,,"Москва, Бурденко ул, 11а",Парк Культуры,11,пешком,55.738343,37.580436,,,,,2026-09-03,https://www.cian.ru/sale/flat/332243984/,2,2026-09-05 11:26,2-комнатные,Продажа,False,False,
330089656,sale,2,False,53400000,1026923.08,52.0,28.0,6.0,2,14,1958.0,brick,Хамовники,,free,False,,"Россия, Москва, Фрунзенская набережная, 40",Фрунзенская,13,пешком,55.720778,37.582897,,,,,2026-08-19,https://www.cian.ru/sale/flat/330089656/,2,2026-09-05 11:26,2-комнатные,Продажа,False,False,68.0
330730465,sale,2,False,145900000,1677011.49,87.0,,35.0,4,6,2021.0,monolith,Хамовники,,free,False,Magnum,"Россия, Москва, Усачёва улица, 9",Спортивная,9,пешком,55.728307,37.572414,,,,,2026-08-18,https://www.cian.ru/sale/flat/330730465/,2,2026-09-05 11:26,2-комнатные,Продажа,False,False,5.0
332863593,sale,2,False,32000000,752941.18,42.5,30.0,6.0,6,8,1960.0,brick,Хамовники,,free,False,,"Россия, Москва, 2-я Фрунзенская улица, 10",Фрунзенская,7,пешком,55.723846,37.582233,,,,,2026-08-18,https://www.cian.ru/sale/flat/332863593/,2,2026-09-05 11:26,2-комнатные,Продажа,False,False,66.0
318433413,sale,2,False,230000000,1796875.0,128.0,,30.0,2,6,2014.0,monolith,Хамовники,,free,False,Литератор,"Россия, Москва, улица Льва Толстого, 23к1",Парк Культуры,10,пешком,55.734917,37.58482,,,,,2026-08-29,https://www.cian.ru/sale/flat/318433413/,2,2026-09-05 11:26,2-комнатные,Продажа,False,False,12.0
332519702,sale,2,False,558401342,3536200.0,157.91,67.2,,4,11,,monolithBrick,Хамовники,,free,False,Веспер Погодинская,"Москва, Погодинская улица",Спортивная,10,пешком,55.72910446892335,37.56003355323304,,,,,2026-09-03,https://www.cian.ru/sale/flat/332519702/,2,2026-09-05 11:26,2-комнатные,Продажа,False,False,
332028382,sale,2,False,69000000,1380000.0,50.0,27.0,8.0,3,6,2022.0,monolithBrick,Хамовники,,free,False,Roza Rossa,"Россия, Москва город, улица Зубовская, дом 7",Фрунзенская,16,пешком,55.736934,37.583365,,,,,2026-09-04,https://www.cian.ru/sale/flat/332028382/,2,2026-09-05 11:26,2-комнатные,Продажа,False,False,4.0
332268258,sale,2,False,42000000,807692.31,52.0,35.0,8.0,7,7,,brick,Хамовники,,free,False,,"Россия, Москва, переулок Сивцев Вражек, 21",Арбатская,14,пешком,55.747267,37.593381,,,,,2026-09-01,https://www.cian.ru/sale/flat/332268258/,2,2026-09-05 11:26,2-комнатные,Продажа,False,True,
332125503,sale,2,False,671680000,3200000.0,209.9,57.2,83.1,18,18,,monolith,Хамовники,,fz214,True,КОЛЛЕКЦИЯ ЛУЖНИКИ,"Москва, Лужнецкая набережная",Воробьёвы горы,14,пешком,55.7147723668241,37.5721607897779,,,,,2026-08-19,https://www.cian.ru/sale/flat/332125503/,2,2026-09-05 11:26,2-комнатные,Продажа,False,True,
332391424,sale,2,False,128000000,2031746.03,63.0,40.0,15.0,3,12,2022.0,monolith,Хамовники,,alternative,False,Садовые кварталы,"Россия, Москва, Усачёва улица, 15",Спортивная,8,пешком,55.726836,37.570357,,,,,2026-09-04,https://www.cian.ru/sale/flat/332391424/,2,2026-09-05 11:26,2-комнатные,Продажа,False,False,4.0
326737104,sale,2,False,52000000,928571.43,56.0,34.0,12.0,16,17,1967.0,panel,Хамовники,,free,False,,"Россия, Москва, Большой Афанасьевский переулок, 11-13",Кропоткинская,5,пешком,55.746208,37.596821,,,,,2026-08-17,https://www.cian.ru/sale/flat/326737104/,2,2026-09-05 11:26,2-комнатные,Продажа,False,False,59.0
332519710,sale,2,False,866080904,4813700.0,179.92,88.9,,6,11,,monolithBrick,Хамовники,,free,False,Веспер Погодинская,"Москва, Погодинская улица",Спортивная,10,пешком,55.72910446892335,37.56003355323304,,,,,2026-09-03,https://www.cian.ru/sale/flat/332519710/,2,2026-09-05 11:26,2-комнатные,Продажа,False,False,
331554481,sale,2,False,31000000,487421.38,63.6,,10.0,1,5,1958.0,brick,Хамовники,,alternative,False,,"Россия, Москва, улица Плющиха, 43-47",Киевская,11,пешком,55.739478,37.576717,,,,,2026-09-02,https://www.cian.ru/sale/flat/331554481/,2,2026-09-05 11:26,2-комнатные,Продажа,True,False,68.0
329011384,sale,2,False,34000000,618181.82,55.0,33.6,8.6,8,8,1958.0,stalin,Хамовники,,free,False,,"Россия, Москва, улица Хамовнический Вал, 16",Фрунзенская,17,пешком,55.717994,37.572369,,,,,2026-09-04,https://www.cian.ru/sale/flat/329011384/,2,2026-09-05 11:26,2-комнатные,Продажа,False,True,68.0
330816147,sale,2,False,146742000,1595021.74,92.0,28.1,33.0,9,17,,monolith,Хамовники,,fz214,True,КОЛЛЕКЦИЯ ЛУЖНИКИ,"Москва, жилой комплекс Коллекция Лужники",Воробьёвы горы,12,пешком,55.71523266481593,37.5705353711112,,,,,2026-09-02,https://www.cian.ru/sale/flat/330816147/,2,2026-09-05 11:26,2-комнатные,Продажа,False,False,
331749229,sale,2,False,206000000,2106339.47,97.8,49.2,21.3,9,12,2022.0,monolithBrick,Хамовники,,free,False,Садовые кварталы,"Москва, Усачёва улица, 15А",Спортивная,9,пешком,55.7256,37.570276,,,,,2026-08-28,https://www.cian.ru/sale/flat/331749229/,2,2026-09-05 11:26,2-комнатные,Продажа,False,False,4.0
333090639,sale,2,False,33000000,743243.24,44.4,26.7,5.5,9,9,1965.0,brick,Хамовники,,free,False,,"Россия, Москва, улица Плющиха, 33",Киевская,11,пешком,55.741607,37.577624,,,,,2026-09-04,https://www.cian.ru/sale/flat/333090639/,2,2026-09-05 11:26,2-комнатные,Продажа,False,True,61.0
332519696,sale,2,False,689352740,3977800.0,173.3,82.9,,2,11,,monolithBrick,Хамовники,,free,False,Веспер Погодинская,"Москва, Погодинская улица",Спортивная,10,пешком,55.72910446892335,37.56003355323304,,,,,2026-08-28,https://www.cian.ru/sale/flat/332519696/,2,2026-09-05 11:26,2-комнатные,Продажа,False,False,
330048933,sale,2,False,43000000,803738.32,53.5,28.0,10.0,2,11,1955.0,stalin,Хамовники,,free,False,,"Россия, Москва, Комсомольский проспект, 41",Спортивная,11,пешком,55.720864,37.574678,,,,,2026-09-03,https://www.cian.ru/sale/flat/330048933/,2,2026-09-05 11:26,2-комнатные,Продажа,False,False,71.0
333211716,sale,2,False,35000000,615114.24,56.9,,9.0,2,11,1956.0,brick,Хамовники,,free,False,,"Россия, Москва, улица Хамовнический Вал, 2",Лужники,14,пешком,55.716133,37.576492,,,,,2026-08-31,https://www.cian.ru/sale/flat/333211716/,2,2026-09-05 11:26,2-комнатные,Продажа,False,False,70.0
322377185,sale,2,False,155346000,1536557.86,101.1,28.8,36.9,2,17,,monolith,Хамовники,,fz214,True,КОЛЛЕКЦИЯ ЛУЖНИКИ,"Москва, Лужнецкая набережная",Воробьёвы горы,11,пешком,55.7139668271363,37.5699238274583,,,,,2026-09-01,https://www.cian.ru/sale/flat/322377185/,2,2026-09-05 11:26,2-комнатные,Продажа,False,False,
330890640,sale,2,False,34990000,863950.62,40.5,28.9,5.3,5,5,1961.0,brick,Хамовники,,free,False,,"Россия, Москва, Усачёва улица, 38",Спортивная,5,пешком,55.72638,37.566701,,,,,2026-07-13,https://www.cian.ru/sale/flat/330890640/,2,2026-09-05 11:26,2-комнатные,Продажа,False,True,65.0
333192651,sale,2,False,32700000,638671.88,51.2,31.2,8.8,1,14,1971.0,brick,Хамовники,,free,False,,"Россия, Москва, Большая Пироговская улица, 29",Спортивная,12,пешком,55.729782,37.567078,,,,,2026-08-22,https://www.cian.ru/sale/flat/333192651/,2,2026-09-05 11:26,2-комнатные,Продажа,True,False,55.0
329440301,sale,2,False,31490000,684565.22,46.0,,,6,14,,,Хамовники,,free,False,,"Россия, Москва, Большой Саввинский переулок, 10с1",Киевская,16,пешком,55.733751,37.565802,,,,,2026-09-04,https://www.cian.ru/sale/flat/329440301/,2,2026-09-05 11:26,2-комнатные,Продажа,False,False,
332252276,sale,2,False,29990000,697441.86,43.0,,6.0,4,5,1820.0,brick,Хамовники,,free,False,,"Россия, Москва, Смоленский бульвар, 17с1",Смоленская,10,пешком,55.742326,37.583616,,,,,2026-09-02,https://www.cian.ru/sale/flat/332252276/,2,2026-09-05 11:26,2-комнатные,Продажа,False,False,206.0
324759273,sale,2,False,169198000,1924891.92,87.9,29.6,27.4,14,17,,monolith,Хамовники,,fz214,True,КОЛЛЕКЦИЯ ЛУЖНИКИ,"Москва, Лужнецкая набережная",Воробьёвы горы,13,пешком,55.7145301007607,37.570851871778,,,,,2026-09-02,https://www.cian.ru/sale/flat/324759273/,2,2026-09-05 11:26,2-комнатные,Продажа,False,False,
333618107,sale,2,False,28990000,548015.12,52.9,,8.4,5,5,1959.0,brick,Хамовники,,free,False,,"Россия, Москва, улица Ефремова, 11",Спортивная,11,пешком,55.7242,37.57554,,,,,2026-09-04,https://www.cian.ru/sale/flat/333618107/,2,2026-09-05 11:26,2-комнатные,Продажа,False,True,67.0
326060205,sale,2,False,47350000,657638.89,72.0,43.0,13.0,5,6,1914.0,brick,Хамовники,,free,False,,"Россия, Москва, Смоленский бульвар, 15",Смоленская,10,пешком,55.741799,37.582538,,,,,2026-08-10,https://www.cian.ru/sale/flat/326060205/,2,2026-09-05 11:26,2-комнатные,Продажа,False,False,112.0
321356929,sale,2,False,168197000,1652229.86,101.8,25.1,37.5,11,18,,monolith,Хамовники,,fz214,True,КОЛЛЕКЦИЯ ЛУЖНИКИ,"Москва, Лужнецкая набережная",Воробьёвы горы,15,пешком,55.7156081703927,37.5715492461217,,,,,2026-09-02,https://www.cian.ru/sale/flat/321356929/,2,2026-09-05 11:26,2-комнатные,Продажа,False,False,
333278369,sale,2,False,40900000,750458.72,54.5,35.0,8.0,3,8,1958.0,brick,Хамовники,,free,False,,"Москва, Комсомольский пр-кт., 35",Фрунзенская,8,пешком,55.723009,37.577768,,,,,2026-09-03,https://www.cian.ru/sale/flat/333278369/,2,2026-09-05 11:26,2-комнатные,Продажа,False,False,68.0
330532748,sale,2,False,59800000,920000.0,65.0,42.0,8.0,2,9,1960.0,brick,Хамовники,,free,False,,"Россия, Москва, 3-я Фрунзенская улица, 10",Фрунзенская,11,пешком,55.721265,37.578774,,,,,2026-08-25,https://www.cian.ru/sale/flat/330532748/,2,2026-09-05 11:26,2-комнатные,Продажа,False,False,66.0
327575716,sale,2,False,227721000,2379529.78,95.7,30.9,27.0,12,17,,monolith,Хамовники,,fz214,True,КОЛЛЕКЦИЯ ЛУЖНИКИ,"Москва, Лужнецкая набережная",Воробьёвы горы,11,пешком,55.7139668271363,37.5699238274583,,,,,2026-09-01,https://www.cian.ru/sale/flat/327575716/,2,2026-09-05 11:26,2-комнатные,Продажа,False,False,
331362123,sale,2,False,38000000,678571.43,56.0,37.0,6.0,3,11,1958.0,brick,Хамовники,,free,False,,"Россия, Москва город, площадь Смоленская-Сенная, дом 23/25",Смоленская,7,пешком,55.743923,37.582655,,,,,2026-09-04,https://www.cian.ru/sale/flat/331362123/,2,2026-09-05 11:26,2-комнатные,Продажа,False,False,68.0
271911334,sale,2,False,38500000,620967.74,62.0,35.0,12.0,5,6,1926.0,brick,Хамовники,,free,False,,"Россия, Москва, Усачёва улица, 19Ак3",Спортивная,7,пешком,55.725554,37.568749,,,,,2026-09-02,https://www.cian.ru/sale/flat/271911334/,2,2026-09-05 11:26,2-комнатные,Продажа,False,False,100.0
333564434,sale,2,False,696013441,4525445.0,153.8,94.8,15.9,3,5,,monolith,Хамовники,,fz214,True,Лё Дом,"Москва, Соймоновский проезд, 3",Кропоткинская,5,пешком,55.7425815166732,37.605376568122,,,,,2026-09-04,https://www.cian.ru/sale/flat/333564434/,2,2026-09-05 11:26,2-комнатные,Продажа,False,False,
330833560,sale,2,False,42000000,673076.92,62.4,,9.0,7,11,1956.0,brick,Хамовники,,alternative,False,,"Россия, Москва, улица Хамовнический Вал, 2",Спортивная,15,пешком,55.716133,37.576492,,,,,2026-08-22,https://www.cian.ru/sale/flat/330833560/,2,2026-09-05 11:26,2-комнатные,Продажа,False,False,70.0
331785937,sale,2,False,113000000,1036697.25,109.0,,12.0,4,6,2008.0,monolithBrick,Хамовники,,free,False,Фьюжн парк,"Россия, Москва, Усачёва улица, 2с3",Фрунзенская,12,пешком,55.730426,37.574067,,,,,2026-09-03,https://www.cian.ru/sale/flat/331785937/,2,2026-09-05 11:26,2-комнатные,Продажа,False,False,18.0
332125506,sale,2,False,299640000,2200000.0,136.2,42.6,50.3,17,17,,monolith,Хамовники,,fz214,True,КОЛЛЕКЦИЯ ЛУЖНИКИ,"Москва, Лужнецкая набережная",Воробьёвы горы,17,пешком,55.7152023823584,37.5729976389884,,,,,2026-08-19,https://www.cian.ru/sale/flat/332125506/,2,2026-09-05 11:26,2-комнатные,Продажа,False,True,
332210184,sale,2,False,55000000,959860.38,57.3,35.0,10.0,5,10,1959.0,brick,Хамовники,,free,False,,"Россия, Москва, Фрунзенская набережная, 36/2",Фрунзенская,10,пешком,55.722157,37.584721,,,,,2026-09-03,https://www.cian.ru/sale/flat/332210184/,2,2026-09-05 11:26,2-комнатные,Продажа,False,False,67.0
333115681,sale,2,False,45000000,799289.52,56.3,35.9,6.0,5,6,1926.0,brick,Хамовники,,free,False,,"Россия, Москва, Кооперативная улица, 3к4",Спортивная,7,пешком,55.725311,37.56909,,,,,2026-09-04,https://www.cian.ru/sale/flat/333115681/,2,2026-09-05 11:26,2-комнатные,Продажа,False,False,100.0
330544329,sale,2,False,285390336,3413760.0,83.6,52.3,8.1,3,9,,monolith,Хамовники,,fz214,True,Узоры,"Москва, 2-й Вражский переулок, 8с2",Киевская,8,пешком,55.7393082371145,37.5734459828025,,,,,2026-08-19,https://www.cian.ru/sale/flat/330544329/,2,2026-09-05 11:26,2-комнатные,Продажа,False,False,
330332884,sale,2,False,45000000,762711.86,59.0,35.3,9.0,10,10,1968.0,brick,Хамовники,,free,False,,"Россия, Москва, Оболенский переулок, 7",Фрунзенская,8,пешком,55.732048,37.582718,,,,,2026-09-04,https://www.cian.ru/sale/flat/330332884/,2,2026-09-05 11:26,2-комнатные,Продажа,False,True,58.0
333227732,sale,2,False,43500000,679687.5,64.0,40.0,10.0,3,4,,brick,Хамовники,,free,False,,"Москва, Языковский переулок, 5к5",Фрунзенская,7,пешком,55.731404,37.583248,,,,,2026-09-03,https://www.cian.ru/sale/flat/333227732/,2,2026-09-05 11:26,2-комнатные,Продажа,False,False,
332125504,sale,2,False,307340000,2200000.0,139.7,42.9,51.9,18,18,,monolith,Хамовники,,fz214,True,КОЛЛЕКЦИЯ ЛУЖНИКИ,"Москва, Лужнецкая набережная",Воробьёвы горы,17,пешком,55.7152023823584,37.5729976389884,,,,,2026-08-19,https://www.cian.ru/sale/flat/332125504/,2,2026-09-05 11:26,2-комнатные,Продажа,False,True,
328067928,sale,2,False,86000000,1109677.42,77.5,52.1,5.6,10,20,2006.0,monolithBrick,Хамовники,,free,False,,"Россия, Москва, Комсомольский проспект, 32",Фрунзенская,5,пешком,55.7249,37.57687,,,,,2026-08-27,https://www.cian.ru/sale/flat/328067928/,2,2026-09-05 11:26,2-комнатные,Продажа,False,False,20.0
333085083,sale,2,False,308000000,3500000.0,88.0,,,6,12,,,Хамовники,,fz214,True,ДОМ XXII,"Москва, Новодевичий проезд, 6с2",Спортивная,12,пешком,55.7297699330094,37.5591669814725,,,,,2026-08-19,https://www.cian.ru/sale/flat/333085083/,2,2026-09-05 11:26,2-комнатные,Продажа,False,False,
333095504,sale,2,False,268620000,3300000.0,81.4,,,8,12,,,Хамовники,,fz214,True,ДОМ XXII,"Москва, Новодевичий проезд, 6с2",Спортивная,12,пешком,55.7297699330094,37.5591669814725,,,,,2026-08-19,https://www.cian.ru/sale/flat/333095504/,2,2026-09-05 11:26,2-комнатные,Продажа,False,False,
330115718,sale,2,False,93947000,1592322.03,59.0,,10.0,3,13,2019.0,monolith,Хамовники,,free,False,Садовые кварталы,"Россия, Москва, Усачёва улица, 11Б",Фрунзенская,13,пешком,55.727724,37.572288,,,,,2026-08-25,https://www.cian.ru/sale/flat/330115718/,2,2026-09-05 11:26,2-комнатные,Продажа,False,False,7.0
326788565,sale,2,False,43000000,823754.79,52.2,,12.0,2,7,1945.0,brick,Хамовники,,free,False,,"Россия, Москва, Зубовский бульвар, 31-33",Парк Культуры,7,пешком,55.737431,37.587667,,,,,2026-09-04,https://www.cian.ru/sale/flat/326788565/,2,2026-09-05 11:26,2-комнатные,Продажа,False,False,81.0
331348781,sale,2,False,41500000,761467.89,54.5,,8.0,2,9,1946.0,brick,Хамовники,,free,False,,"Россия, Москва, Саввинская набережная, 3",Киевская,10,пешком,55.738799,37.570977,,,,,2026-08-13,https://www.cian.ru/sale/flat/331348781/,2,2026-09-05 11:26,2-комнатные,Продажа,False,False,80.0
332793852,sale,2,False,59000000,921875.0,64.0,37.0,11.0,7,10,,brick,Хамовники,,free,False,,"Москва, Хамовники район, Фрунзенская наб., д.38/1",Фрунзенская,13,пешком,55.721006,37.584326,,,,,2026-09-04,https://www.cian.ru/sale/flat/332793852/,2,2026-09-05 11:26,2-комнатные,Продажа,False,False,
332442544,sale,2,False,64500000,838751.63,76.9,,9.5,1,10,2009.0,monolith,Хамовники,,free,False,,"Россия, Москва, Большая Пироговская улица, 8",Спортивная,9,пешком,55.728297,37.561221,,,,,2026-09-03,https://www.cian.ru/sale/flat/332442544/,2,2026-09-05 11:26,2-комнатные,Продажа,True,False,17.0
329349764,sale,2,False,26500000,590200.45,44.9,,6.0,1,14,1973.0,block,Хамовники,,free,False,,"Россия, Москва, Усачёва улица, 40",Спортивная,7,пешком,55.726669,37.565883,,,,,2026-08-25,https://www.cian.ru/sale/flat/329349764/,2,2026-09-05 11:26,2-комнатные,Продажа,True,False,53.0
329991443,sale,2,False,7200000,160000.0,45.0,30.2,6.0,4,8,1961.0,brick,Хамовники,,alternative,False,,"Россия, Москва, 3-я Фрунзенская улица, 13",Спортивная,8,пешком,55.722487,37.573968,,,,,2026-08-18,https://www.cian.ru/sale/flat/329991443/,2,2026-09-05 11:26,2-комнатные,Продажа,False,False,65.0
333269925,sale,2,False,52000000,735502.12,70.7,48.4,10.4,4,10,1973.0,brick,Хамовники,,free,False,,"Россия, Москва, Смоленская улица, 7",Смоленская,8,пешком,55.745199,37.578352,,,,,2026-09-04,https://www.cian.ru/sale/flat/333269925/,2,2026-09-05 11:26,2-комнатные,Продажа,False,False,53.0
331252046,sale,2,False,37000000,822222.22,45.0,,8.0,15,17,1967.0,panel,Хамовники,,free,False,,"Россия, Москва, Смоленский бульвар, 6-8",Парк Культуры,10,пешком,55.740517,37.586338,,,,,2026-07-20,https://www.cian.ru/sale/flat/331252046/,2,2026-09-05 11:26,2-комнатные,Продажа,False,False,59.0
283300077,sale,2,False,37800000,787500.0,48.0,35.0,9.0,7,8,1961.0,brick,Хамовники,,free,False,,"Россия, Москва, Комсомольский проспект, 27с5",Фрунзенская,2,пешком,55.725635,37.580957,,,,,2026-08-20,https://www.cian.ru/sale/flat/283300077/,2,2026-09-05 11:26,2-комнатные,Продажа,False,False,65.0
329818915,sale,2,False,56700000,838757.4,67.6,38.0,8.0,5,8,1941.0,brick,Хамовники,,free,False,,"Москва, Хамовники район, Смоленский б-р., д.22/14",Смоленская,9,пешком,55.742215,37.585035,,,,,2026-09-04,https://www.cian.ru/sale/flat/329818915/,2,2026-09-05 11:26,2-комнатные,Продажа,False,False,85.0
333546920,sale,2,False,89900000,1652573.53,54.4,,18.5,2,9,2022.0,,Хамовники,,free,False,Садовые кварталы,"Россия, Москва, Усачёва улица, 15А",Спортивная,6,пешком,55.7256,37.570276,,,,,2026-09-02,https://www.cian.ru/sale/flat/333546920/,2,2026-09-05 11:26,2-комнатные,Продажа,False,False,4.0
329477962,sale,2,False,37900000,842222.22,45.0,35.0,6.0,3,8,1961.0,brick,Хамовники,,free,False,,"Россия, Москва, Комсомольский проспект, 27с5",Фрунзенская,2,пешком,55.725635,37.580957,,,,,2026-09-01,https://www.cian.ru/sale/flat/329477962/,2,2026-09-05 11:26,2-комнатные,Продажа,False,False,65.0
333213918,sale,2,False,40000000,909090.91,44.0,25.0,10.0,17,17,1967.0,panel,Хамовники,,free,False,,"Россия, Москва, Смоленский бульвар, 6-8",Смоленская,12,пешком,55.740517,37.586338,,,,,2026-08-23,https://www.cian.ru/sale/flat/333213918/,2,2026-09-05 11:26,2-комнатные,Продажа,False,True,59.0
330688549,sale,2,False,35500000,640794.22,55.4,36.0,6.0,3,6,1926.0,brick,Хамовники,,free,False,,"Россия, Москва, улица Доватора, 4/7",Спортивная,5,пешком,55.724545,37.569692,,,,,2026-09-03,https://www.cian.ru/sale/flat/330688549/,2,2026-09-05 11:26,2-комнатные,Продажа,False,False,100.0
332749872,sale,2,False,42000000,666666.67,63.0,,10.0,2,7,1961.0,brick,Хамовники,,free,False,,"Россия, Москва, Смоленская-Сенная площадь, 27с1А",Смоленская,6,пешком,55.745123,37.582484,,,,,2026-09-04,https://www.cian.ru/sale/flat/332749872/,2,2026-09-05 11:26,2-комнатные,Продажа,False,False,65.0
322341342,sale,2,False,38000000,904761.9,42.0,27.0,5.0,10,11,1959.0,stalin,Хамовники,,free,False,,"Москва, Фрунзенская наб., 36/2",Фрунзенская,10,пешком,55.722157,37.584721,,,,,2026-09-05,https://www.cian.ru/sale/flat/322341342/,2,2026-09-05 11:26,2-комнатные,Продажа,False,False,67.0
327795980,sale,2,False,130000000,1529411.76,85.0,,20.0,5,6,2014.0,brick,Хамовники,,free,False,Литератор,"Россия, Москва, улица Льва Толстого, 23к1",Парк Культуры,10,пешком,55.734917,37.58482,,,,,2026-09-04,https://www.cian.ru/sale/flat/327795980/,2,2026-09-05 11:26,2-комнатные,Продажа,False,False,12.0
322699228,sale,2,False,42100000,676848.87,62.2,40.0,7.0,3,5,1928.0,brick,Хамовники,,free,False,,"Россия, Москва, Усачёва улица, 29к7",Спортивная,4,пешком,55.7227,37.5637,,,,,2026-09-04,https://www.cian.ru/sale/flat/322699228/,2,2026-09-05 11:26,2-комнатные,Продажа,False,False,98.0
315751206,sale,2,False,475347783,2731883.81,174.0,,20.0,4,7,,,Хамовники,,,False,Barkli Plaza,"Россия, Москва, Пречистенская набережная, 17-19",Кропоткинская,9,пешком,55.739732,37.605508,,,,,2026-08-20,https://www.cian.ru/sale/flat/315751206/,2,2026-09-05 11:26,2-комнатные,Продажа,False,False,
322319778,sale,2,False,68990000,919866.67,75.0,,10.0,4,11,1999.0,brick,Хамовники,,free,False,,"Россия, Москва, Саввинская набережная, 7с3",Киевская,13,пешком,55.736944,37.570483,,,,,2026-09-01,https://www.cian.ru/sale/flat/322319778/,2,2026-09-05 11:26,2-комнатные,Продажа,False,False,27.0
323874811,sale,2,False,95000000,1397058.82,68.0,,,3,9,2023.0,,Хамовники,,free,False,Пироговская 14,"Москва, Малая Пироговская улица, д.12",Фрунзенская,17,пешком,55.728378,37.567509,,,,,2026-09-04,https://www.cian.ru/sale/flat/323874811/,2,2026-09-05 11:26,2-комнатные,Продажа,False,False,3.0
332282960,sale,2,False,50000000,685871.06,72.9,,9.0,3,3,1917.0,brick,Хамовники,,free,False,,"Россия, Москва, улица Плющиха, 20/2",Киевская,13,пешком,55.743644,37.57793,,,,,2026-08-22,https://www.cian.ru/sale/flat/332282960/,2,2026-09-05 11:26,2-комнатные,Продажа,False,True,109.0
331998059,sale,2,False,230000000,2194656.49,104.8,58.0,16.1,4,15,2014.0,monolith,Хамовники,,free,False,Садовые кварталы,"Россия, Москва, Трубецкая улица, 12",Фрунзенская,6,пешком,55.726568,37.575378,,,,,2026-08-17,https://www.cian.ru/sale/flat/331998059/,2,2026-09-05 11:26,2-комнатные,Продажа,False,False,12.0
322282922,sale,2,False,250000000,2747252.75,91.0,29.0,28.0,10,14,2019.0,monolith,Хамовники,,free,False,Садовые кварталы,"Россия, Москва, Усачёва улица, 11Д",Спортивная,10,пешком,55.72706,37.572019,,,,,2026-08-22,https://www.cian.ru/sale/flat/322282922/,2,2026-09-05 11:26,2-комнатные,Продажа,False,False,7.0
330263562,sale,2,False,71000000,959459.46,74.0,45.0,15.0,5,6,2014.0,monolith,Хамовники,,free,False,Clerkenwell House,"Россия, Москва, Комсомольский проспект, 42с2",Спортивная,8,пешком,55.721731,37.572899,,,,,2026-09-03,https://www.cian.ru/sale/flat/330263562/,2,2026-09-05 11:26,2-комнатные,Продажа,False,False,12.0
325259615,sale,2,False,89900000,1661737.52,54.1,,,2,14,,monolithBrick,Хамовники,,free,False,Садовые кварталы,"Москва, Усачева улица, 15А, квартал 2(2.9)",Фрунзенская,11,пешком,55.7256,37.570276,,,,,2026-09-03,https://www.cian.ru/sale/flat/325259615/,2,2026-09-05 11:26,2-комнатные,Продажа,False,False,
330238734,sale,2,False,190000000,3064516.13,62.0,27.0,30.0,8,12,2023.0,monolith,Хамовники,,free,False,Садовые кварталы,"Москва, Хамовники район, Ефремова ул., д.10, к.2",Фрунзенская,10,пешком,55.725113,37.572863,,,,,2026-09-04,https://www.cian.ru/sale/flat/330238734/,2,2026-09-05 11:26,2-комнатные,Продажа,False,False,3.0
325228475,sale,2,False,29900000,553703.7,54.0,36.0,10.0,1,14,1971.0,brick,Хамовники,,free,False,,"Россия, Москва, Большая Пироговская улица, 29",Спортивная,12,пешком,55.729782,37.567078,,,,,2026-08-27,https://www.cian.ru/sale/flat/325228475/,2,2026-09-05 11:26,2-комнатные,Продажа,True,False,55.0
333208498,sale,2,False,130000000,1710526.32,76.0,15.0,25.0,2,6,,,Хамовники,,free,False,Allegoria Mosca,"Россия, Москва, улица Остоженка, 6с2",Парк Культуры,11,пешком,55.743426,37.599831,,,,,2026-08-23,https://www.cian.ru/sale/flat/333208498/,2,2026-09-05 11:26,2-комнатные,Продажа,False,False,
331372506,sale,2,False,199000000,1809090.91,110.0,,15.0,5,8,2009.0,monolithBrick,Хамовники,,free,False,Барыковские палаты,"Россия, Москва, Барыковский переулок, 6",Кропоткинская,8,пешком,55.741784,37.596633,,,,,2026-09-04,https://www.cian.ru/sale/flat/331372506/,2,2026-09-05 11:26,2-комнатные,Продажа,False,False,17.0
331266115,sale,2,False,32600000,571929.82,57.0,34.0,9.0,1,8,1958.0,stalin,Хамовники,,free,False,,"Россия, Москва, улица Хамовнический Вал, 16",Лужники,11,пешком,55.717994,37.572369,,,,,2026-08-22,https://www.cian.ru/sale/flat/331266115/,2,2026-09-05 11:26,2-комнатные,Продажа,True,False,68.0
333047586,sale,2,False,62000000,1240000.0,50.0,,,10,18,,,Хамовники,,dupt,False,КОЛЛЕКЦИЯ ЛУЖНИКИ,"Россия, Москва, ЖК Коллекция Лужники",Воробьёвы горы,14,пешком,55.7156081703927,37.5715492461217,,,,,2026-08-18,https://www.cian.ru/sale/flat/333047586/,2,2026-09-05 11:26,2-комнатные,Продажа,False,False,
332213912,sale,2,False,36100000,902500.0,40.0,22.1,6.0,1,12,1939.0,brick,Хамовники,,free,False,,"Россия, Москва, Ростовская набережная, 5",Киевская,10,пешком,55.742189,37.574992,,,,,2026-09-03,https://www.cian.ru/sale/flat/332213912/,2,2026-09-05 11:26,2-комнатные,Продажа,True,False,87.0
330299560,sale,2,False,68400000,804705.88,85.0,44.0,14.0,10,12,1969.0,brick,Хамовники,,free,False,,"Россия, Москва, Большая Пироговская улица, 5",Парк Культуры,12,пешком,55.736017,37.581397,,,,,2026-08-31,https://www.cian.ru/sale/flat/330299560/,2,2026-09-05 11:26,2-комнатные,Продажа,False,False,57.0
331684615,sale,2,False,48900000,710755.81,68.8,37.7,8.4,2,5,1890.0,brick,Хамовники,,free,False,,"Россия, Москва, Зубовский бульвар, 29",Парк Культуры,5,пешком,55.737238,37.588072,,,,,2026-09-04,https://www.cian.ru/sale/flat/331684615/,2,2026-09-05 11:26,2-комнатные,Продажа,False,False,136.0
330211282,sale,2,False,64999999,1277013.73,50.9,32.6,8.8,6,6,1950.0,brick,Хамовники,,alternative,False,,"Россия, Москва, Мансуровский переулок, 10с1",Парк Культуры,7,пешком,55.740365,37.594378,,,,,2026-07-09,https://www.cian.ru/sale/flat/330211282/,2,2026-09-05 11:26,2-комнатные,Продажа,False,True,76.0
331806121,sale,2,False,65000000,1292246.52,50.3,26.0,8.5,3,6,1950.0,brick,Хамовники,,alternative,False,,"Россия, Москва, Мансуровский переулок, 10с1",Парк Культуры,7,пешком,55.740365,37.594378,,,,,2026-08-19,https://www.cian.ru/sale/flat/331806121/,2,2026-09-05 11:26,2-комнатные,Продажа,False,False,76.0
324571172,sale,2,False,88000000,1591320.07,55.3,22.0,11.0,4,18,,monolith,Хамовники,,dupt,False,КОЛЛЕКЦИЯ ЛУЖНИКИ,"Россия, Москва, ЖК Коллекция Лужники",Воробьёвы горы,14,пешком,55.714344080273975,37.57406048283202,,,,,2026-08-17,https://www.cian.ru/sale/flat/324571172/,2,2026-09-05 11:26,2-комнатные,Продажа,False,False,
326124708,sale,2,False,100000000,1545595.05,64.7,,10.0,4,7,2013.0,monolith,Хамовники,,free,False,Clerkenwell House,"Москва, Комсомольский проспект, д. 42 стр. 2",Фрунзенская,11,пешком,55.721731,37.572899,,,,,2026-09-04,https://www.cian.ru/sale/flat/326124708/,2,2026-09-05 11:26,2-комнатные,Продажа,False,False,13.0
331525054,sale,2,False,75000000,1363636.36,55.0,,5.0,5,18,,monolithBrick,Хамовники,,dupt,False,КОЛЛЕКЦИЯ ЛУЖНИКИ,Россия г Москва  г Москва р-н Хамовники  Лужнецкая наб,Воробьёвы горы,15,пешком,55.7156081703927,37.5715492461217,,,,,2026-09-04,https://www.cian.ru/sale/flat/331525054/,2,2026-09-05 11:26,2-комнатные,Продажа,False,False,
326570812,sale,2,False,69000000,1380000.0,50.0,35.0,8.0,3,6,2023.0,monolith,Хамовники,,free,False,Roza Rossa,"Москва, ул. Зубовская д.7",Парк Культуры,10,пешком,55.736934,37.583365,,,,,2026-09-03,https://www.cian.ru/sale/flat/326570812/,2,2026-09-05 11:26,2-комнатные,Продажа,False,False,3.0
332338437,sale,2,False,139500000,1737235.37,80.3,,,3,17,,,Хамовники,,dupt,False,КОЛЛЕКЦИЯ ЛУЖНИКИ,"Россия, Москва, ЖК Коллекция Лужники",Воробьёвы горы,14,пешком,55.7152023823584,37.5729976389884,,,,,2026-07-26,https://www.cian.ru/sale/flat/332338437/,2,2026-09-05 11:26,2-комнатные,Продажа,False,False,
332445348,sale,2,False,72900000,1325454.55,55.0,15.0,5.0,5,18,,monolith,Хамовники,,dupt,False,КОЛЛЕКЦИЯ ЛУЖНИКИ,"Москва, жилой комплекс Коллекция Лужники",Лужники,19,пешком,55.71523266481593,37.5705353711112,,,,,2026-09-03,https://www.cian.ru/sale/flat/332445348/,2,2026-09-05 11:26,2-комнатные,Продажа,False,False,
333183355,sale,2,False,478000000,2879518.07,166.0,116.0,45.0,6,16,2021.0,monolith,Хамовники,,free,False,Brodsky,"Москва, Москва, Москва, 1-й Тружеников пер, 16",Киевская,11,пешком,55.737466,37.571103,,,,,2026-09-05,https://www.cian.ru/sale/flat/333183355/,2,2026-09-05 11:26,2-комнатные,Продажа,False,False,5.0
306875192,sale,2,False,308000000,3208333.33,96.0,55.0,15.9,6,6,,monolith,Хамовники,,free,False,Литератор,"Москва, улица Льва Толстого, 23к1",Парк Культуры,12,пешком,55.734917,37.58482,,,,,2026-09-04,https://www.cian.ru/sale/flat/306875192/,2,2026-09-05 11:26,2-комнатные,Продажа,False,True,
253016244,sale,2,False,39000000,684210.53,57.0,33.0,10.0,4,8,1958.0,brick,Хамовники,,alternative,False,,"Россия, Москва, улица Хамовнический Вал, 16",Спортивная,12,пешком,55.717994,37.572369,,,,,2026-09-03,https://www.cian.ru/sale/flat/253016244/,2,2026-09-05 11:26,2-комнатные,Продажа,False,False,68.0
330431792,sale,2,False,200000000,2998500.75,66.7,,18.0,9,13,2019.0,monolithBrick,Хамовники,,free,False,Садовые кварталы,"Россия, Москва, Усачёва улица, 11Б",Спортивная,9,пешком,55.727724,37.572288,,,,,2026-07-25,https://www.cian.ru/sale/flat/330431792/,2,2026-09-05 11:26,2-комнатные,Продажа,False,False,7.0
330726520,sale,2,False,97000000,1539682.54,63.0,,,11,18,,,Хамовники,,dupt,False,КОЛЛЕКЦИЯ ЛУЖНИКИ,"Россия, Москва, ЖК Коллекция Лужники",Воробьёвы горы,14,пешком,55.7152023823584,37.5729976389884,,,,,2026-06-29,https://www.cian.ru/sale/flat/330726520/,2,2026-09-05 11:26,2-комнатные,Продажа,False,False,
332479538,sale,2,False,203000000,2036108.32,99.7,49.2,19.7,9,13,2022.0,monolithBrick,Хамовники,,free,False,Садовые кварталы,"Москва, Хамовники район, Усачёва ул., д.15А",Спортивная,6,пешком,55.7256,37.570276,,,,,2026-09-03,https://www.cian.ru/sale/flat/332479538/,2,2026-09-05 11:26,2-комнатные,Продажа,False,False,4.0
332366445,sale,2,False,199900000,2093193.72,95.5,,,2,10,2014.0,monolith,Хамовники,,free,False,GRAND DELUXE на Плющихе,"Россия, Москва, Погодинская улица, 4",Фрунзенская,16,пешком,55.734973,37.571013,,,,,2026-08-31,https://www.cian.ru/sale/flat/332366445/,2,2026-09-05 11:26,2-комнатные,Продажа,False,False,12.0
329940742,sale,2,False,84000000,1138211.38,73.8,,15.0,4,6,2020.0,,Хамовники,,free,False,Roza Rossa,"Москва, Зубовская улица, 7",Фрунзенская,16,пешком,55.736934,37.583365,,,,,2026-09-04,https://www.cian.ru/sale/flat/329940742/,2,2026-09-05 11:26,2-комнатные,Продажа,False,False,6.0
328420937,sale,2,False,138580000,1300000.0,106.6,,,2,2,1916.0,,Хамовники,,free,False,,"Россия, г. Москва, Пречистенка ул., д. 33/19, стр. 2",Парк Культуры,8,пешком,55.739493,37.589428,,,,,2026-09-05,https://www.cian.ru/sale/flat/328420937/,2,2026-09-05 11:26,2-комнатные,Продажа,False,True,110.0
330000714,sale,2,False,155000000,1771428.57,87.5,57.0,5.0,2,15,2015.0,monolithBrick,Хамовники,,free,False,Садовые кварталы,"Москва, Усачева ул., 15А",Фрунзенская,14,пешком,55.726836,37.570357,,,,,2026-09-05,https://www.cian.ru/sale/flat/330000714/,2,2026-09-05 11:26,2-комнатные,Продажа,False,False,11.0
318323976,sale,2,False,154900000,1792824.07,86.4,30.3,25.6,14,18,,monolith,Хамовники,,dupt,False,КОЛЛЕКЦИЯ ЛУЖНИКИ,"Москва, Лужнецкая наб, 2/4стр24Б",Воробьёвы горы,15,пешком,55.7156081703927,37.5715492461217,,,,,2026-09-04,https://www.cian.ru/sale/flat/318323976/,2,2026-09-05 11:26,2-комнатные,Продажа,False,False,
327417697,sale,2,False,291200000,2800000.0,104.0,64.0,9.0,3,14,2026.0,monolithBrick,Хамовники,,free,False,Хамовники 12,"Москва, 1-ый Тружеников пер., 12, корп. А",Киевская,12,пешком,55.73776,37.5728,,,,,2026-09-05,https://www.cian.ru/sale/flat/327417697/,2,2026-09-05 11:26,2-комнатные,Продажа,False,False,0.0
326765992,sale,2,False,230000000,2738095.24,84.0,,15.0,2,6,,,Хамовники,,free,False,Magnum,"Москва, Усачева, д. 9",Фрунзенская,13,пешком,55.728307,37.572414,,,,,2026-09-04,https://www.cian.ru/sale/flat/326765992/,2,2026-09-05 11:26,2-комнатные,Продажа,False,False,
327417696,sale,2,False,289016000,2800000.0,103.22,49.0,11.0,3,14,2026.0,monolithBrick,Хамовники,,free,False,Хамовники 12,"Москва, 1-ый Тружеников пер., 12, корп. А",Киевская,12,пешком,55.73776,37.5728,,,,,2026-09-05,https://www.cian.ru/sale/flat/327417696/,2,2026-09-05 11:26,2-комнатные,Продажа,False,False,0.0
333578632,sale,2,False,195000000,1919102.45,101.61,50.0,32.0,8,14,2022.0,monolith,Хамовники,,free,False,Садовые кварталы,"Москва, Усачёва улица, 15А",Спортивная,6,пешком,55.7256,37.570276,,,,,2026-09-03,https://www.cian.ru/sale/flat/333578632/,2,2026-09-05 11:26,2-комнатные,Продажа,False,False,4.0
331049615,sale,2,False,155000000,2348484.85,66.0,31.0,15.0,2,4,2025.0,brick,Хамовники,,free,False,Саввинская 17,"г Москва, Саввинская наб, д 17",Киевская,16,пешком,55.734567,37.565767,,,,,2026-09-04,https://www.cian.ru/sale/flat/331049615/,2,2026-09-05 11:26,2-комнатные,Продажа,False,False,1.0
326245661,sale,2,False,210000000,1996197.72,105.2,40.8,31.2,3,13,2017.0,monolith,Хамовники,,free,False,Садовые кварталы,"Москва г, Москва, Усачёва улица, 15А",Спортивная,6,пешком,55.7256,37.570276,,,,,2026-09-04,https://www.cian.ru/sale/flat/326245661/,2,2026-09-05 11:26,2-комнатные,Продажа,False,False,9.0
324044426,sale,2,False,550000000,4497138.18,122.3,115.0,2.3,3,6,,monolith,Хамовники,,dupt,False,Клубный дом Обыденский №1,"Москва, 3-й Обыденский пер, 1",Кропоткинская,5,пешком,55.742005340258,37.6042283644176,,,,,2026-09-04,https://www.cian.ru/sale/flat/324044426/,2,2026-09-05 11:26,2-комнатные,Продажа,False,False,
329948272,sale,2,False,268620000,3300000.0,81.4,28.4,24.0,8,12,,monolithBrick,Хамовники,,dupt,False,ДОМ XXII,"Россия, Москва, Новодевичий проезд, 6с2",Спортивная,12,пешком,55.7297699330094,37.5591669814725,,,,,2026-08-17,https://www.cian.ru/sale/flat/329948272/,2,2026-09-05 11:26,2-комнатные,Продажа,False,False,
330727840,sale,2,False,125000000,1574307.3,79.4,,,4,18,,monolith,Хамовники,,dupt,False,КОЛЛЕКЦИЯ ЛУЖНИКИ,"Россия, Москва, ЖК Коллекция Лужники",Воробьёвы горы,14,пешком,55.7152023823584,37.5729976389884,,,,,2026-09-03,https://www.cian.ru/sale/flat/330727840/,2,2026-09-05 11:26,2-комнатные,Продажа,False,False,
333239687,sale,2,False,120000000,1678321.68,71.5,31.5,35.0,7,12,2019.0,brick,Хамовники,,free,False,,"Россия, Москва, Усачёва улица, 11Г",Спортивная,9,пешком,55.727273,37.57254,,,,,2026-09-04,https://www.cian.ru/sale/flat/333239687/,2,2026-09-05 11:26,2-комнатные,Продажа,False,False,7.0
332519714,sale,4,False,1598735879,4855100.0,329.29,177.0,,8,11,,monolithBrick,Хамовники,,free,False,Веспер Погодинская,"Москва, Погодинская улица",Спортивная,10,пешком,55.72910446892335,37.56003355323304,,,,,2026-08-28,https://www.cian.ru/sale/flat/332519714/,3plus,2026-09-05 11:28,3+ комнатные,Продажа,False,False,
327140893,sale,3,False,490000000,2246675.84,218.1,170.0,15.0,6,8,2009.0,monolithBrick,Хамовники,,free,False,Парк Палас,"Россия, Москва, Хилков переулок, 1",Парк Культуры,6,пешком,55.736681,37.599319,,,,,2026-09-04,https://www.cian.ru/sale/flat/327140893/,3plus,2026-09-05 11:28,3+ комнатные,Продажа,False,False,17.0
333537288,sale,6,False,2653050000,5890430.73,450.4,130.5,110.8,12,12,,monolith,Хамовники,,fz214,True,Клубный квартал «Фрунзенский»,"Москва, Фрунзенская набережная, 30",Парк Культуры,4,транспортом,55.724679888165184,37.58496036947504,,,,,2026-09-05,https://www.cian.ru/sale/flat/333537288/,3plus,2026-09-05 11:28,3+ комнатные,Продажа,False,True,
332232999,sale,5,False,164990000,647019.61,255.0,150.0,20.0,5,5,2019.0,monolithBrick,Хамовники,,free,False,,"Россия, Москва город, переулок Нащокинский, дом 8",Кропоткинская,4,пешком,55.745833,37.598672,,,,,2026-09-05,https://www.cian.ru/sale/flat/332232999/,3plus,2026-09-05 11:28,3+ комнатные,Продажа,False,True,7.0
331842096,sale,4,False,595000000,3863636.36,154.0,89.0,60.0,9,11,,monolithBrick,Хамовники,,free,False,Садовые кварталы,"Москва, ул. Усачева д.15А",Спортивная,6,пешком,55.7256,37.570276,,,,,2026-09-04,https://www.cian.ru/sale/flat/331842096/,3plus,2026-09-05 11:28,3+ комнатные,Продажа,False,False,
333375250,sale,3,False,340000000,2601377.2,130.7,,35.0,7,13,2022.0,monolithBrick,Хамовники,,,False,Садовые кварталы,"Россия, Москва, Усачёва улица, 15А",Спортивная,6,пешком,55.7256,37.570276,,,,,2026-09-04,https://www.cian.ru/sale/flat/333375250/,3plus,2026-09-05 11:28,3+ комнатные,Продажа,False,False,4.0
333380230,sale,3,False,650560000,3189019.61,204.0,64.6,38.4,3,6,,monolith,Хамовники,,fz214,True,Клубный дом Обыденский №1,"Москва, 3-й Обыденский переулок, 1",Кропоткинская,5,пешком,55.742005340258,37.6042283644176,,,,,2026-09-01,https://www.cian.ru/sale/flat/333380230/,3plus,2026-09-05 11:28,3+ комнатные,Продажа,False,False,
332604175,sale,4,False,485000000,3540145.99,137.0,91.0,10.0,15,15,,monolithBrick,Хамовники,,free,False,Садовые кварталы,"Москва, ул. Усачева, дом 15",Спортивная,8,пешком,55.726836,37.570357,,,,,2026-09-04,https://www.cian.ru/sale/flat/332604175/,3plus,2026-09-05 11:28,3+ комнатные,Продажа,False,True,
323153994,sale,5,False,670000000,2627450.98,255.0,124.2,21.0,12,12,2012.0,monolithBrick,Хамовники,,free,False,Садовые кварталы,"Россия, Москва, улица Ефремова, 10к1",Фрунзенская,8,пешком,55.725154,37.574507,,,,,2026-08-25,https://www.cian.ru/sale/flat/323153994/,3plus,2026-09-05 11:28,3+ комнатные,Продажа,False,True,14.0
332519715,sale,3,False,563805756,3003600.0,187.71,90.3,,2,11,,monolithBrick,Хамовники,,free,False,Веспер Погодинская,"Москва, Погодинская улица",Спортивная,10,пешком,55.72910446892335,37.56003355323304,,,,,2026-08-28,https://www.cian.ru/sale/flat/332519715/,3plus,2026-09-05 11:28,3+ комнатные,Продажа,False,False,
319659795,sale,4,False,700000000,3004291.85,233.0,,,9,12,2015.0,,Хамовники,,free,False,Barrin House,"Россия, г. Москва, Пироговская М. ул., д. 8",Фрунзенская,12,пешком,55.72961,37.570474,,,,,2026-09-05,https://www.cian.ru/sale/flat/319659795/,3plus,2026-09-05 11:28,3+ комнатные,Продажа,False,False,11.0
305590523,sale,4,False,850000000,3863636.36,220.0,,15.0,3,7,,monolith,Хамовники,,free,False,Knightsbridge Private Park,"Россия, Москва, улица Ефремова, 19к1",Спортивная,6,пешком,55.722568,37.570357,,,,,2026-09-04,https://www.cian.ru/sale/flat/305590523/,3plus,2026-09-05 11:28,3+ комнатные,Продажа,False,False,
333537193,sale,6,False,2005330000,4542083.81,441.5,129.5,115.4,12,13,,monolith,Хамовники,,fz214,True,Клубный квартал «Фрунзенский»,"Москва, Фрунзенская набережная, 30",Парк Культуры,4,транспортом,55.724679888165184,37.58496036947504,,,,,2026-09-05,https://www.cian.ru/sale/flat/333537193/,3plus,2026-09-05 11:28,3+ комнатные,Продажа,False,False,
332030648,sale,3,False,255000000,1593750.0,160.0,,20.0,2,7,,monolithBrick,Хамовники,,free,False,Barrin House,"Москва, Малая Пироговская ул, 8",Спортивная,11,пешком,55.72961,37.570474,,,,,2026-09-04,https://www.cian.ru/sale/flat/332030648/,3plus,2026-09-05 11:28,3+ комнатные,Продажа,False,False,
333547431,sale,3,False,43000000,661538.46,65.0,,8.5,4,5,1890.0,,Хамовники,,free,False,,"Россия, Москва, Зубовский бульвар, 29",Парк Культуры,5,пешком,55.737238,37.588072,,,,,2026-09-04,https://www.cian.ru/sale/flat/333547431/,3plus,2026-09-05 11:28,3+ комнатные,Продажа,False,False,136.0
330151757,sale,3,False,215000000,2028301.89,106.0,,7.0,7,12,2019.0,monolith,Хамовники,,free,False,Садовые кварталы,"Москва, Ефремова ул., д. 10с1к4/3",Лужники,13,пешком,55.725154,37.574507,,,,,2026-09-04,https://www.cian.ru/sale/flat/330151757/,3plus,2026-09-05 11:28,3+ комнатные,Продажа,False,False,7.0
332125507,sale,3,False,824460000,4200000.0,196.3,53.3,54.3,18,18,,monolith,Хамовники,,fz214,True,КОЛЛЕКЦИЯ ЛУЖНИКИ,"Москва, жилой комплекс Коллекция Лужники",Воробьёвы горы,15,пешком,55.714344080273975,37.57406048283202,,,,,2026-08-19,https://www.cian.ru/sale/flat/332125507/,3plus,2026-09-05 11:28,3+ комнатные,Продажа,False,True,
332611922,sale,4,False,620000000,3333333.33,186.0,161.0,20.0,10,12,2015.0,monolith,Хамовники,,free,False,Barrin House,"Россия, г. Москва, Пироговская М. ул., д. 8",Фрунзенская,12,пешком,55.72961,37.570474,,,,,2026-09-05,https://www.cian.ru/sale/flat/332611922/,3plus,2026-09-05 11:28,3+ комнатные,Продажа,False,False,11.0
332375457,sale,5,False,590000000,2641002.69,223.4,,11.7,6,12,2021.0,monolith,Хамовники,,free,False,Садовые кварталы,"Россия, Москва, Усачёва улица, 13",Спортивная,7,пешком,55.726157,37.57201,,,,,2026-09-04,https://www.cian.ru/sale/flat/332375457/,3plus,2026-09-05 11:28,3+ комнатные,Продажа,False,False,5.0
333537191,sale,4,False,940950000,3768321.99,249.7,73.7,71.8,11,13,,monolith,Хамовники,,fz214,True,Клубный квартал «Фрунзенский»,"Москва, Фрунзенская набережная, 30",Парк Культуры,4,транспортом,55.724679888165184,37.58496036947504,,,,,2026-09-05,https://www.cian.ru/sale/flat/333537191/,3plus,2026-09-05 11:28,3+ комнатные,Продажа,False,False,
322293820,sale,3,False,250000000,2450980.39,102.0,76.4,20.6,6,13,2020.0,monolith,Хамовники,,free,False,Садовые кварталы,"Россия, г. Москва, Усачева ул., д. 15А",Спортивная,9,пешком,55.7256,37.570276,,,,,2026-09-05,https://www.cian.ru/sale/flat/322293820/,3plus,2026-09-05 11:28,3+ комнатные,Продажа,False,False,6.0
333464088,sale,3,False,43000000,599721.06,71.7,50.0,6.0,8,8,1961.0,brick,Хамовники,,free,False,,"Россия, Москва, Новодевичий проезд, 2",Спортивная,9,пешком,55.728038,37.56008,,,,,2026-09-01,https://www.cian.ru/sale/flat/333464088/,3plus,2026-09-05 11:28,3+ комнатные,Продажа,False,True,65.0
333380229,sale,3,False,885190000,5237810.65,169.0,52.1,39.3,5,6,,monolith,Хамовники,,fz214,True,Клубный дом Обыденский №1,"Москва, 3-й Обыденский переулок, 1",Кропоткинская,5,пешком,55.742005340258,37.6042283644176,,,,,2026-09-01,https://www.cian.ru/sale/flat/333380229/,3plus,2026-09-05 11:28,3+ комнатные,Продажа,False,False,
329330615,sale,3,False,230000000,2053571.43,112.0,,25.0,5,6,2002.0,monolithBrick,Хамовники,,free,False,,"Москва, 3-й Обыденский пер, 2",Кропоткинская,4,пешком,55.742858,37.604089,,,,,2026-08-27,https://www.cian.ru/sale/flat/329330615/,3plus,2026-09-05 11:28,3+ комнатные,Продажа,False,False,24.0
332971265,sale,3,False,45000000,640113.8,70.3,,8.0,3,8,1961.0,brick,Хамовники,,alternative,False,,"Россия, Москва, Новодевичий проезд, 2",Спортивная,9,пешком,55.728038,37.56008,,,,,2026-09-03,https://www.cian.ru/sale/flat/332971265/,3plus,2026-09-05 11:28,3+ комнатные,Продажа,False,False,65.0
326011468,sale,3,False,172840000,1412091.5,122.4,49.0,32.9,2,18,,monolith,Хамовники,,fz214,True,КОЛЛЕКЦИЯ ЛУЖНИКИ,"Москва, жилой комплекс Коллекция Лужники",Воробьёвы горы,12,пешком,55.71333692108894,37.570690939236,,,,,2026-09-01,https://www.cian.ru/sale/flat/326011468/,3plus,2026-09-05 11:28,3+ комнатные,Продажа,False,False,
332663328,sale,4,False,355000000,2049653.58,173.2,,20.0,2,7,2015.0,monolithBrick,Хамовники,,free,False,Knightsbridge Private Park,"Москва, Ефремова ул, 19к4",Фрунзенская,14,пешком,55.721863,37.568875,,,,,2026-09-03,https://www.cian.ru/sale/flat/332663328/,3plus,2026-09-05 11:28,3+ комнатные,Продажа,False,False,11.0
331896019,sale,5,False,190000000,1217948.72,156.0,77.7,29.3,13,17,,monolith,Хамовники,,dupt,False,КОЛЛЕКЦИЯ ЛУЖНИКИ,"Москва, жилой комплекс Коллекция Лужники",Воробьёвы горы,14,пешком,55.714344080273975,37.57406048283202,,,,,2026-09-04,https://www.cian.ru/sale/flat/331896019/,3plus,2026-09-05 11:28,3+ комнатные,Продажа,False,False,
333537148,sale,4,False,702410000,3512050.0,200.0,73.8,55.7,9,12,,monolith,Хамовники,,fz214,True,Клубный квартал «Фрунзенский»,"Москва, Фрунзенская набережная, 30",Парк Культуры,4,транспортом,55.724679888165184,37.58496036947504,,,,,2026-09-05,https://www.cian.ru/sale/flat/333537148/,3plus,2026-09-05 11:28,3+ комнатные,Продажа,False,False,
328917133,sale,3,False,260000000,2574257.43,101.0,56.5,10.0,8,13,,monolith,Хамовники,,free,False,Садовые кварталы,"г. Москва, ул. Усачева, д. 15А",Спортивная,6,пешком,55.7256,37.570276,,,,,2026-09-04,https://www.cian.ru/sale/flat/328917133/,3plus,2026-09-05 11:28,3+ комнатные,Продажа,False,False,
332444912,sale,3,False,609670070,2783881.6,219.0,,15.0,2,5,2015.0,monolith,Хамовники,,free,False,Кленовый DOM,"Россия, Москва, Пречистенская набережная, 5",Парк Культуры,6,пешком,55.736584,37.600846,,,,,2026-08-31,https://www.cian.ru/sale/flat/332444912/,3plus,2026-09-05 11:28,3+ комнатные,Продажа,False,False,11.0
322957892,sale,6,False,189000000,739436.62,255.6,,,7,7,,,Хамовники,,free,False,,"Россия, г. Москва, Остоженка ул., д. 5",Кропоткинская,3,пешком,55.74333,37.601439,,,,,2026-09-05,https://www.cian.ru/sale/flat/322957892/,3plus,2026-09-05 11:28,3+ комнатные,Продажа,False,True,
332663808,sale,4,False,150000000,1200000.0,125.0,91.0,11.0,6,6,1911.0,brick,Хамовники,,free,False,,"Москва, Знаменка ул., 15",Боровицкая,5,пешком,55.749983,37.604969,,,,,2026-09-04,https://www.cian.ru/sale/flat/332663808/,3plus,2026-09-05 11:28,3+ комнатные,Продажа,False,True,115.0
330707597,sale,3,False,210805239,2558316.01,82.4,14.5,43.6,4,4,,monolith,Хамовники,,fz214,True,Саввинская 17,"Москва, Саввинская набережная, 17",Фрунзенская,5,транспортом,55.7346476689809,37.5656114318769,,,,,2026-09-04,https://www.cian.ru/sale/flat/330707597/,3plus,2026-09-05 11:28,3+ комнатные,Продажа,False,True,
319352551,sale,4,False,405000000,2657480.31,152.4,,15.0,9,15,2021.0,monolith,Хамовники,,free,False,White Khamovniki,"Москва, Олсуфьевский пер., д. 9, к. 1",Фрунзенская,8,пешком,55.732702,37.579933,,,,,2026-09-04,https://www.cian.ru/sale/flat/319352551/,3plus,2026-09-05 11:28,3+ комнатные,Продажа,False,False,5.0
332652939,sale,3,False,39500000,690559.44,57.2,42.5,5.0,4,5,1962.0,brick,Хамовники,,free,False,,"г Москва, Комсомольский пр-кт, д 17",Парк Культуры,10,пешком,55.729432,37.587084,,,,,2026-09-04,https://www.cian.ru/sale/flat/332652939/,3plus,2026-09-05 11:28,3+ комнатные,Продажа,False,False,64.0
333537196,sale,4,False,1250070000,4624750.28,270.3,77.3,55.8,12,13,,monolith,Хамовники,,fz214,True,Клубный квартал «Фрунзенский»,"Москва, Фрунзенская набережная, 30",Парк Культуры,4,транспортом,55.724679888165184,37.58496036947504,,,,,2026-09-05,https://www.cian.ru/sale/flat/333537196/,3plus,2026-09-05 11:28,3+ комнатные,Продажа,False,False,
326367397,sale,4,False,380000000,1314878.89,289.0,145.0,50.0,3,7,2004.0,monolithBrick,Хамовники,,free,False,,"Москва, Пожарский переулок, 5А",Кропоткинская,8,пешком,55.74038,37.603765,,,,,2026-09-04,https://www.cian.ru/sale/flat/326367397/,3plus,2026-09-05 11:28,3+ комнатные,Продажа,False,False,22.0
331176835,sale,4,False,38500000,452941.18,85.0,60.6,7.0,2,5,1929.0,brick,Хамовники,,alternative,False,,"Москва, Доватора ул., 11К1",Спортивная,3,пешком,55.7231,37.56759,,,,,2026-09-03,https://www.cian.ru/sale/flat/331176835/,3plus,2026-09-05 11:28,3+ комнатные,Продажа,False,False,97.0
333380228,sale,4,False,987900000,4239914.16,233.0,72.8,54.3,4,6,,monolith,Хамовники,,fz214,True,Клубный дом Обыденский №1,"Москва, 3-й Обыденский переулок, 1",Кропоткинская,5,пешком,55.742005340258,37.6042283644176,,,,,2026-09-01,https://www.cian.ru/sale/flat/333380228/,3plus,2026-09-05 11:28,3+ комнатные,Продажа,False,False,
324116883,sale,4,False,245000000,1884615.38,130.0,,20.0,3,9,,monolith,Хамовники,,free,False,SAVVIN RIVER RESIDENCE,"Россия, Москва, Саввинская набережная, 13",Киевская,12,пешком,55.73554,37.567267,,,,,2026-09-04,https://www.cian.ru/sale/flat/324116883/,3plus,2026-09-05 11:28,3+ комнатные,Продажа,False,False,
330386808,sale,4,False,749000000,3339277.75,224.3,150.0,25.0,11,14,2021.0,monolith,Хамовники,,free,False,Brodsky,"Россия, Москва, 1-й переулок Тружеников, 16",Киевская,11,пешком,55.737466,37.571103,,,,,2026-08-30,https://www.cian.ru/sale/flat/330386808/,3plus,2026-09-05 11:28,3+ комнатные,Продажа,False,False,5.0
330548728,sale,3,False,285367000,1959938.19,145.6,53.5,48.1,12,18,,monolith,Хамовники,,fz214,True,КОЛЛЕКЦИЯ ЛУЖНИКИ,"Москва, Лужнецкая набережная",Воробьёвы горы,15,пешком,55.7156081703927,37.5715492461217,,,,,2026-09-01,https://www.cian.ru/sale/flat/330548728/,3plus,2026-09-05 11:28,3+ комнатные,Продажа,False,False,
325305066,sale,4,False,295000000,1372093.02,215.0,131.0,19.0,15,15,,monolithBrick,Хамовники,,free,False,,"Москва, Саввинская наб., д. 9",Киевская,11,пешком,55.736914,37.569396,,,,,2026-09-04,https://www.cian.ru/sale/flat/325305066/,3plus,2026-09-05 11:28,3+ комнатные,Продажа,False,True,
332815766,sale,5,False,71990000,594958.68,121.0,81.0,12.0,3,16,1988.0,block,Хамовники,,free,False,,"Россия, Москва, Большой Саввинский переулок, 1",Киевская,15,пешком,55.73591,37.570788,,,,,2026-08-12,https://www.cian.ru/sale/flat/332815766/,3plus,2026-09-05 11:28,3+ комнатные,Продажа,False,False,38.0
333537230,sale,5,False,2259520000,6255592.47,361.2,121.5,75.1,12,12,,monolith,Хамовники,,fz214,True,Клубный квартал «Фрунзенский»,"Москва, Фрунзенская набережная, 30",Парк Культуры,4,транспортом,55.724679888165184,37.58496036947504,,,,,2026-09-02,https://www.cian.ru/sale/flat/333537230/,3plus,2026-09-05 11:28,3+ комнатные,Продажа,False,True,
324923398,sale,4,False,405000000,2657480.31,152.4,,20.0,9,15,,monolith,Хамовники,,free,False,White Khamovniki,"Россия, Москва, Олсуфьевский переулок, 9к1",Фрунзенская,8,пешком,55.732702,37.579933,,,,,2026-09-04,https://www.cian.ru/sale/flat/324923398/,3plus,2026-09-05 11:28,3+ комнатные,Продажа,False,False,
333545533,sale,3,False,62000000,727699.53,85.2,60.7,8.1,2,10,1959.0,stalin,Хамовники,,alternative,False,,"Россия, Москва, Фрунзенская набережная, 36/2",Фрунзенская,10,пешком,55.722157,37.584721,,,,,2026-09-03,https://www.cian.ru/sale/flat/333545533/,3plus,2026-09-05 11:28,3+ комнатные,Продажа,False,False,67.0
333380226,sale,4,False,1660720000,3808990.83,436.0,76.3,106.4,1,6,,monolith,Хамовники,,fz214,True,Клубный дом Обыденский №1,"Москва, 3-й Обыденский переулок, 1",Кропоткинская,5,пешком,55.742005340258,37.6042283644176,,,,,2026-09-01,https://www.cian.ru/sale/flat/333380226/,3plus,2026-09-05 11:28,3+ комнатные,Продажа,True,False,
329492307,sale,5,False,295000000,1372093.02,215.0,,15.0,15,15,2006.0,monolith,Хамовники,,free,False,,"Москва, Саввинская наб., д. 9",Киевская,11,пешком,55.736914,37.569396,,,,,2026-09-04,https://www.cian.ru/sale/flat/329492307/,3plus,2026-09-05 11:28,3+ комнатные,Продажа,False,True,20.0
332217095,sale,3,False,40500000,551020.41,73.5,,5.0,3,6,1926.0,brick,Хамовники,,free,False,,"Россия, Москва, Кооперативная улица, 2к12",Спортивная,5,пешком,55.724778,37.567069,,,,,2026-09-01,https://www.cian.ru/sale/flat/332217095/,3plus,2026-09-05 11:28,3+ комнатные,Продажа,False,False,100.0
330582805,sale,3,False,301308051,2256989.15,133.5,78.7,10.1,2,6,,monolith,Хамовники,,fz214,True,Саввинская 27,"Москва, Саввинская набережная, 27",Спортивная,13,пешком,55.730669,37.557942,,,,,2026-09-04,https://www.cian.ru/sale/flat/330582805/,3plus,2026-09-05 11:28,3+ комнатные,Продажа,False,False,
328765591,sale,4,False,245000000,1884615.38,130.0,,10.0,3,9,2021.0,,Хамовники,,free,False,SAVVIN RIVER RESIDENCE,"Москва, Саввинская наб., д. 13",Киевская,12,пешком,55.73554,37.567267,,,,,2026-09-04,https://www.cian.ru/sale/flat/328765591/,3plus,2026-09-05 11:28,3+ комнатные,Продажа,False,False,5.0
333345227,sale,3,False,38000000,550724.64,69.0,45.0,8.0,4,8,1960.0,brick,Хамовники,,free,False,,"Россия, Москва, Комсомольский проспект, 44",Спортивная,9,пешком,55.720687,37.572378,,,,,2026-09-04,https://www.cian.ru/sale/flat/333345227/,3plus,2026-09-05 11:28,3+ комнатные,Продажа,False,False,66.0
333537169,sale,4,False,531330000,2593118.59,204.9,112.9,57.6,7,13,,monolith,Хамовники,,fz214,True,Клубный квартал «Фрунзенский»,"Москва, Фрунзенская набережная, 30",Парк Культуры,4,транспортом,55.724679888165184,37.58496036947504,,,,,2026-09-05,https://www.cian.ru/sale/flat/333537169/,3plus,2026-09-05 11:28,3+ комнатные,Продажа,False,False,
333472707,sale,5,False,260000000,1262135.92,206.0,,,5,9,2007.0,monolithBrick,Хамовники,,free,False,,"Россия, г. Москва, Ростовский 7-й пер., д. 15",Киевская,7,пешком,55.741115,37.573151,,,,,2026-09-05,https://www.cian.ru/sale/flat/333472707/,3plus,2026-09-05 11:28,3+ комнатные,Продажа,False,False,19.0
322764035,sale,3,False,350000000,2517985.61,139.0,52.1,42.8,3,14,,brick,Хамовники,,free,False,Brodsky,"Москва, 1-й Тружеников переулок, 16-18",Киевская,11,пешком,55.737466,37.571103,,,,,2026-09-04,https://www.cian.ru/sale/flat/322764035/,3plus,2026-09-05 11:28,3+ комнатные,Продажа,False,False,
329605075,sale,5,False,165000000,708458.57,232.9,132.1,15.5,1,6,1914.0,block,Хамовники,,free,False,,"г Москва, г Москва, Чистый пер, 6стр2",Кропоткинская,10,пешком,55.743086,37.591755,,,,,2026-09-04,https://www.cian.ru/sale/flat/329605075/,3plus,2026-09-05 11:28,3+ комнатные,Продажа,True,False,112.0
324759213,sale,4,False,410833000,2425224.32,169.4,55.3,50.8,15,18,,monolith,Хамовники,,fz214,True,КОЛЛЕКЦИЯ ЛУЖНИКИ,"Москва, жилой комплекс Коллекция Лужники",Воробьёвы горы,15,пешком,55.714344080273975,37.57406048283202,,,,,2026-09-01,https://www.cian.ru/sale/flat/324759213/,3plus,2026-09-05 11:28,3+ комнатные,Продажа,False,False,
318719181,sale,3,False,340000000,2635658.91,129.0,90.0,15.0,5,6,2023.0,monolith,Хамовники,,free,False,Villa Grace,"Москва, Пожарский переулок, 3",Кропоткинская,8,пешком,55.740254,37.60434,,,,,2026-09-04,https://www.cian.ru/sale/flat/318719181/,3plus,2026-09-05 11:28,3+ комнатные,Продажа,False,False,3.0
333029707,sale,4,False,55000000,696202.53,79.0,54.6,7.7,8,8,1962.0,brick,Хамовники,,alternative,False,,"Россия, Москва, Комсомольский проспект, 23/7к2",Фрунзенская,4,пешком,55.726634,37.583993,,,,,2026-09-02,https://www.cian.ru/sale/flat/333029707/,3plus,2026-09-05 11:28,3+ комнатные,Продажа,False,True,64.0
333537173,sale,3,False,472550000,2522957.82,187.3,53.5,54.7,7,13,,monolith,Хамовники,,fz214,True,Клубный квартал «Фрунзенский»,"Москва, Фрунзенская набережная, 30",Парк Культуры,4,транспортом,55.724679888165184,37.58496036947504,,,,,2026-09-05,https://www.cian.ru/sale/flat/333537173/,3plus,2026-09-05 11:28,3+ комнатные,Продажа,False,False,
330291108,sale,3,False,340000000,2637703.65,128.9,,15.0,5,6,2020.0,monolithBrick,Хамовники,,free,False,Villa Grace,"Москва, Пожарский переулок, 3",Кропоткинская,8,пешком,55.740254,37.60434,,,,,2026-09-04,https://www.cian.ru/sale/flat/330291108/,3plus,2026-09-05 11:28,3+ комнатные,Продажа,False,False,6.0
331320730,sale,3,False,55500000,637931.03,87.0,,13.0,3,12,1972.0,brick,Хамовники,,free,False,,"Россия, Москва, Новоконюшенный переулок, 11",Киевская,14,пешком,55.740345,37.580086,,,,,2026-09-04,https://www.cian.ru/sale/flat/331320730/,3plus,2026-09-05 11:28,3+ комнатные,Продажа,False,False,54.0
330548725,sale,3,False,209895000,1661876.48,126.3,45.3,37.5,9,18,,monolith,Хамовники,,fz214,True,КОЛЛЕКЦИЯ ЛУЖНИКИ,"Москва, Лужнецкая набережная",Воробьёвы горы,15,пешком,55.7156081703927,37.5715492461217,,,,,2026-09-01,https://www.cian.ru/sale/flat/330548725/,3plus,2026-09-05 11:28,3+ комнатные,Продажа,False,False,
332119305,sale,3,False,474300000,3100000.0,153.0,,28.4,10,13,,monolithBrick,Хамовники,,free,False,Садовые кварталы,"Москва, Усачева улица, 11Б, квартал 3(3.2)",Фрунзенская,13,пешком,55.727724,37.572288,,,,,2026-09-04,https://www.cian.ru/sale/flat/332119305/,3plus,2026-09-05 11:28,3+ комнатные,Продажа,False,False,
332183239,sale,4,False,60000000,696864.11,86.1,60.6,10.0,5,5,1785.0,brick,Хамовники,,free,False,,"Россия, Москва, улица Пречистенка, 17/9",Кропоткинская,7,пешком,55.742048,37.595123,,,,,2026-08-21,https://www.cian.ru/sale/flat/332183239/,3plus,2026-09-05 11:28,3+ комнатные,Продажа,False,True,241.0
330582806,sale,3,False,410692063,3130274.87,131.2,74.0,9.8,5,6,,monolith,Хамовники,,fz214,True,Саввинская 27,"Москва, Саввинская набережная, 27",Спортивная,13,пешком,55.730669,37.557942,,,,,2026-09-02,https://www.cian.ru/sale/flat/330582806/,3plus,2026-09-05 11:28,3+ комнатные,Продажа,False,False,
321478091,sale,4,False,490000000,2008196.72,244.0,,,4,6,2009.0,,Хамовники,,free,False,Course House,"Россия, г. Москва, Пречистенская наб., д. 19",Кропоткинская,7,пешком,55.741044,37.606029,,,,,2026-09-05,https://www.cian.ru/sale/flat/321478091/,3plus,2026-09-05 11:28,3+ комнатные,Продажа,False,False,17.0
333388939,sale,4,False,120000000,749063.67,160.2,104.0,10.0,6,11,1958.0,brick,Хамовники,,free,False,,"Россия, Москва, Фрунзенская набережная, 38/1",Фрунзенская,13,пешком,55.721006,37.584326,,,,,2026-08-31,https://www.cian.ru/sale/flat/333388939/,3plus,2026-09-05 11:28,3+ комнатные,Продажа,False,False,68.0
333537181,sale,4,False,690100000,3692348.85,186.9,65.8,54.0,9,13,,monolith,Хамовники,,fz214,True,Клубный квартал «Фрунзенский»,"Москва, Фрунзенская набережная, 30",Парк Культуры,4,транспортом,55.724679888165184,37.58496036947504,,,,,2026-09-05,https://www.cian.ru/sale/flat/333537181/,3plus,2026-09-05 11:28,3+ комнатные,Продажа,False,False,
328854393,sale,5,False,500000000,2500000.0,200.0,154.0,10.0,4,11,2008.0,monolithBrick,Хамовники,,free,False,Фьюжн парк,"Москва, ул. Усачева, 2С3",Фрунзенская,12,пешком,55.730426,37.574067,,,,,2026-09-04,https://www.cian.ru/sale/flat/328854393/,3plus,2026-09-05 11:28,3+ комнатные,Продажа,False,False,18.0
333534760,sale,3,False,115000000,1017699.12,113.0,,13.0,2,11,1985.0,brick,Хамовники,,free,False,,"Россия, Москва, Денежный переулок, 22",Смоленская,7,пешком,55.745387,37.587317,,,,,2026-09-02,https://www.cian.ru/sale/flat/333534760/,3plus,2026-09-05 11:28,3+ комнатные,Продажа,False,False,41.0
332519700,sale,3,False,740179720,4070500.0,181.84,85.0,,3,11,,monolithBrick,Хамовники,,free,False,Веспер Погодинская,"Москва, Погодинская улица",Спортивная,10,пешком,55.72910446892335,37.56003355323304,,,,,2026-08-28,https://www.cian.ru/sale/flat/332519700/,3plus,2026-09-05 11:28,3+ комнатные,Продажа,False,False,
323948511,sale,5,False,500000000,2500000.0,200.0,141.0,20.0,4,7,,,Хамовники,,free,False,Фьюжн парк,"Россия, Москва, Усачёва улица, 2с3",Фрунзенская,12,пешком,55.730426,37.574067,,,,,2026-09-04,https://www.cian.ru/sale/flat/323948511/,3plus,2026-09-05 11:28,3+ комнатные,Продажа,False,False,
329516940,sale,5,False,79000000,730804.81,108.1,90.1,13.0,2,11,,,Хамовники,,free,False,,"Москва, набережная Ростовская, 5",Смоленская,12,пешком,55.742189,37.574992,,,,,2026-09-04,https://www.cian.ru/sale/flat/329516940/,3plus,2026-09-05 11:28,3+ комнатные,Продажа,False,False,
324759249,sale,3,False,192743000,1462389.98,131.8,46.5,26.6,2,17,,monolith,Хамовники,,fz214,True,КОЛЛЕКЦИЯ ЛУЖНИКИ,"Москва, жилой комплекс Коллекция Лужники",Воробьёвы горы,13,пешком,55.71376998359258,37.57238609533453,,,,,2026-09-02,https://www.cian.ru/sale/flat/324759249/,3plus,2026-09-05 11:28,3+ комнатные,Продажа,False,False,
331461063,sale,4,False,410000000,2240437.16,183.0,,,2,13,2019.0,monolithBrick,Хамовники,,free,False,Жизнь на Плющихе,"Россия, Москва, Погодинская улица, 2",Фрунзенская,14,пешком,55.735713,37.572351,,,,,2026-09-04,https://www.cian.ru/sale/flat/331461063/,3plus,2026-09-05 11:28,3+ комнатные,Продажа,False,False,7.0
330730334,sale,4,False,51200000,691891.89,74.0,52.0,14.0,5,5,1928.0,brick,Хамовники,,free,False,,"Россия, Москва, Усачёва улица, 29к1",Спортивная,2,пешком,55.724429,37.563817,,,,,2026-09-02,https://www.cian.ru/sale/flat/330730334/,3plus,2026-09-05 11:28,3+ комнатные,Продажа,False,True,98.0
332707775,sale,5,False,589000000,2560869.57,230.0,,,6,13,2019.0,monolithBrick,Хамовники,,free,False,Жизнь на Плющихе,"Россия, Москва, Погодинская улица, 2",Фрунзенская,14,пешком,55.735713,37.572351,,,,,2026-09-04,https://www.cian.ru/sale/flat/332707775/,3plus,2026-09-05 11:28,3+ комнатные,Продажа,False,False,7.0
308166945,sale,3,False,39990000,588088.24,68.0,30.0,28.0,8,11,,stalin,Хамовники,,free,False,,"Россия, Москва, улица Хамовнический Вал, 2",Спортивная,15,пешком,55.716133,37.576492,,,,,2026-08-31,https://www.cian.ru/sale/flat/308166945/,3plus,2026-09-05 11:28,3+ комнатные,Продажа,False,False,
330548767,sale,3,False,273971000,2290727.42,119.6,44.5,38.7,15,18,,monolith,Хамовники,,fz214,True,КОЛЛЕКЦИЯ ЛУЖНИКИ,"Москва, жилой комплекс Коллекция Лужники",Воробьёвы горы,15,пешком,55.714344080273975,37.57406048283202,,,,,2026-09-01,https://www.cian.ru/sale/flat/330548767/,3plus,2026-09-05 11:28,3+ комнатные,Продажа,False,False,
330656835,sale,3,False,220000000,1675552.17,131.3,,,10,14,,monolithBrick,Хамовники,,free,False,Садовые кварталы,"Москва, Усачева улица, 15А, квартал 2(2.10)",Фрунзенская,11,пешком,55.7256,37.570276,,,,,2026-09-04,https://www.cian.ru/sale/flat/330656835/,3plus,2026-09-05 11:28,3+ комнатные,Продажа,False,False,
332056615,sale,5,False,84900000,673809.52,126.0,,10.0,4,4,1906.0,brick,Хамовники,,free,False,,"Россия, Москва город, проезд Зубовский, дом 2, корпус 2",Фрунзенская,17,пешком,55.73625,37.589464,,,,,2026-09-04,https://www.cian.ru/sale/flat/332056615/,3plus,2026-09-05 11:28,3+ комнатные,Продажа,False,True,120.0
332519717,sale,3,False,571229274,3058300.0,186.78,90.3,,3,11,,monolithBrick,Хамовники,,free,False,Веспер Погодинская,"Москва, Погодинская улица",Спортивная,10,пешком,55.72910446892335,37.56003355323304,,,,,2026-08-28,https://www.cian.ru/sale/flat/332519717/,3plus,2026-09-05 11:28,3+ комнатные,Продажа,False,False,
332430836,sale,6,False,360000000,1756097.56,205.0,,20.0,17,20,2002.0,monolithBrick,Хамовники,,free,False,,"Москва, Комсомольский проспект, 32",Фрунзенская,5,пешком,55.7249,37.57687,,,,,2026-09-04,https://www.cian.ru/sale/flat/332430836/,3plus,2026-09-05 11:28,3+ комнатные,Продажа,False,False,24.0
332803993,sale,3,False,75000000,1000000.0,75.0,54.0,12.0,8,9,1956.0,brick,Хамовники,,free,False,,"Россия, Москва, 3-я Фрунзенская улица, 4",Фрунзенская,13,пешком,55.720337,37.58243,,,,,2026-08-23,https://www.cian.ru/sale/flat/332803993/,3plus,2026-09-05 11:28,3+ комнатные,Продажа,False,False,70.0
333537180,sale,4,False,515820000,2835733.92,181.9,61.1,57.6,9,13,,monolith,Хамовники,,fz214,True,Клубный квартал «Фрунзенский»,"Москва, Фрунзенская набережная, 30",Парк Культуры,4,транспортом,55.724679888165184,37.58496036947504,,,,,2026-09-05,https://www.cian.ru/sale/flat/333537180/,3plus,2026-09-05 11:28,3+ комнатные,Продажа,False,False,
323191112,sale,4,False,480000000,2000000.0,240.0,88.6,29.6,6,6,,monolithBrick,Хамовники,,free,False,Садовые кварталы,"Москва, Усачева улица, 15А, квартал 2(2.7)",Фрунзенская,11,пешком,55.7256,37.570276,,,,,2026-09-04,https://www.cian.ru/sale/flat/323191112/,3plus,2026-09-05 11:28,3+ комнатные,Продажа,False,True,
331128908,sale,6,False,69850000,500000.0,139.7,102.0,10.0,3,5,1930.0,monolith,Хамовники,,free,False,,"Россия, Москва, Усачёва улица, 62",Спортивная,3,пешком,55.724865,37.562874,,,,,2026-09-04,https://www.cian.ru/sale/flat/331128908/,3plus,2026-09-05 11:28,3+ комнатные,Продажа,False,False,96.0
331611235,sale,3,False,189651000,1703962.26,111.3,39.2,33.3,17,18,,monolith,Хамовники,,fz214,True,КОЛЛЕКЦИЯ ЛУЖНИКИ,"Москва, Лужнецкая набережная",Воробьёвы горы,15,пешком,55.7156081703927,37.5715492461217,,,,,2026-09-01,https://www.cian.ru/sale/flat/331611235/,3plus,2026-09-05 11:28,3+ комнатные,Продажа,False,False,
333497434,sale,4,False,535000000,2377777.78,225.0,,24.0,5,7,2015.0,monolith,Хамовники,,free,False,Knightsbridge Private Park,"Россия, Москва, улица Ефремова, д. 19, корп. 2",Спортивная,7,пешком,55.721863,37.57139,,,,,2026-09-04,https://www.cian.ru/sale/flat/333497434/,3plus,2026-09-05 11:28,3+ комнатные,Продажа,False,False,11.0
318203856,sale,6,False,1700000000,6064930.43,280.3,,20.0,6,8,2012.0,monolith,Хамовники,,free,False,Пречистенка 13,"Москва, Пречистенка улица, д. 13",Кропоткинская,6,пешком,55.74225,37.596651,,,,,2026-09-04,https://www.cian.ru/sale/flat/318203856/,3plus,2026-09-05 11:28,3+ комнатные,Продажа,False,False,14.0
333537256,sale,4,False,1106820000,4552941.18,243.1,78.7,74.3,12,12,,monolith,Хамовники,,fz214,True,Клубный квартал «Фрунзенский»,"Москва, Фрунзенская набережная, 30",Парк Культуры,4,транспортом,55.724679888165184,37.58496036947504,,,,,2026-09-05,https://www.cian.ru/sale/flat/333537256/,3plus,2026-09-05 11:28,3+ комнатные,Продажа,False,True,
327477216,sale,4,False,535000000,2229166.67,240.0,95.0,30.0,5,7,,monolithBrick,Хамовники,,free,False,Парк Палас,"Москва, Хилков 1",Парк Культуры,6,пешком,55.736681,37.599319,,,,,2026-09-02,https://www.cian.ru/sale/flat/327477216/,3plus,2026-09-05 11:28,3+ комнатные,Продажа,False,False,
329575620,sale,4,False,118000000,980881.13,120.3,,11.1,7,10,1975.0,brick,Хамовники,,free,False,,"Россия, Москва, Гагаринский переулок, 6",Кропоткинская,3,пешком,55.745053,37.598106,,,,,2026-09-03,https://www.cian.ru/sale/flat/329575620/,3plus,2026-09-05 11:28,3+ комнатные,Продажа,False,False,51.0
324759208,sale,4,False,432703000,2486798.85,174.0,64.2,60.4,8,18,,monolith,Хамовники,,fz214,True,КОЛЛЕКЦИЯ ЛУЖНИКИ,"Москва, жилой комплекс Коллекция Лужники",Воробьёвы горы,12,пешком,55.71333692108894,37.570690939236,,,,,2026-09-01,https://www.cian.ru/sale/flat/324759208/,3plus,2026-09-05 11:28,3+ комнатные,Продажа,False,False,
332239853,sale,4,False,415000000,1976190.48,210.0,105.0,30.0,2,8,2004.0,monolithBrick,Хамовники,,free,False,Новая Остоженка,"Москва, 1-й зачатьевский переулок 5",Кропоткинская,10,пешком,55.739022,37.603819,,,,,2026-09-03,https://www.cian.ru/sale/flat/332239853/,3plus,2026-09-05 11:28,3+ комнатные,Продажа,False,False,22.0
326686500,sale,6,False,169900000,866836.73,196.0,,15.0,12,16,1956.0,brick,Хамовники,,free,False,,"Москва, Фрунзенская набережная, д. 50",Спортивная,14,пешком,55.718633,37.576879,,,,,2026-09-04,https://www.cian.ru/sale/flat/326686500/,3plus,2026-09-05 11:28,3+ комнатные,Продажа,False,False,70.0
330542297,sale,4,False,500000000,1953125.0,256.0,200.0,30.0,2,7,,monolithBrick,Хамовники,,free,False,Парк Палас,"Москва, Хилков переулок, 1",Парк Культуры,6,пешком,55.736681,37.599319,,,,,2026-09-04,https://www.cian.ru/sale/flat/330542297/,3plus,2026-09-05 11:28,3+ комнатные,Продажа,False,False,
317328150,sale,4,False,725000000,3502415.46,207.0,,15.0,5,14,,monolithBrick,Хамовники,,dupt,False,Хамовники 12,"Россия, Москва, 1-й переулок Тружеников, 12",Киевская,12,пешком,55.73776546854479,37.57276697056815,,,,,2026-08-28,https://www.cian.ru/sale/flat/317328150/,3plus,2026-09-05 11:28,3+ комнатные,Продажа,False,False,
333537269,sale,5,False,1364620000,4662179.71,292.7,85.6,77.7,12,12,,monolith,Хамовники,,fz214,True,Клубный квартал «Фрунзенский»,"Москва, Фрунзенская набережная, 30",Парк Культуры,4,транспортом,55.724679888165184,37.58496036947504,,,,,2026-09-05,https://www.cian.ru/sale/flat/333537269/,3plus,2026-09-05 11:28,3+ комнатные,Продажа,False,True,
333180427,sale,4,False,220000000,1271676.3,173.0,,20.0,3,5,1913.0,brick,Хамовники,,free,False,,"Россия, Москва, Малый Лёвшинский переулок, 7с1",Смоленская,9,пешком,55.741982,37.588916,,,,,2026-09-04,https://www.cian.ru/sale/flat/333180427/,3plus,2026-09-05 11:28,3+ комнатные,Продажа,False,False,113.0
331199917,sale,5,False,189000000,738281.25,256.0,141.0,30.0,7,7,,monolithBrick,Хамовники,,free,False,,"Москва, ул. Остоженка, д.5",Кропоткинская,3,пешком,55.74333,37.601439,,,,,2026-09-04,https://www.cian.ru/sale/flat/331199917/,3plus,2026-09-05 11:28,3+ комнатные,Продажа,False,True,
333537054,sale,4,False,638860000,3296491.23,193.8,65.1,48.8,5,10,,monolith,Хамовники,,fz214,True,Клубный квартал «Фрунзенский»,"Москва, Фрунзенская набережная, 30",Парк Культуры,4,транспортом,55.7244588775083,37.5843810123283,,,,,2026-09-05,https://www.cian.ru/sale/flat/333537054/,3plus,2026-09-05 11:28,3+ комнатные,Продажа,False,False,
310433710,sale,3,False,450000000,2612330.2,172.26,,15.0,5,7,2015.0,monolith,Хамовники,,free,False,Knightsbridge Private Park,"Москва, Ефремова ул., д. 19, к. 4",Фрунзенская,14,пешком,55.721863,37.568875,,,,,2026-09-04,https://www.cian.ru/sale/flat/310433710/,3plus,2026-09-05 11:28,3+ комнатные,Продажа,False,False,11.0
332148946,sale,5,False,260000000,1262135.92,206.0,,67.4,5,9,2006.0,monolith,Хамовники,,free,False,,"Россия, Москва, 7-й Ростовский переулок, 15",Киевская,7,пешком,55.741115,37.573151,,,,,2026-08-31,https://www.cian.ru/sale/flat/332148946/,3plus,2026-09-05 11:28,3+ комнатные,Продажа,False,False,20.0
333087247,sale,4,False,500000000,1945525.29,257.0,,20.0,2,8,2009.0,brick,Хамовники,,free,False,Парк Палас,"Россия, Москва, Хилков переулок, 1",Кропоткинская,14,пешком,55.736681,37.599319,,,,,2026-09-04,https://www.cian.ru/sale/flat/333087247/,3plus,2026-09-05 11:28,3+ комнатные,Продажа,False,False,17.0
332096105,sale,4,False,139000000,868750.0,160.0,,15.0,5,7,,brick,Хамовники,,free,False,,"Россия, Москва город, улица Знаменка, дом 13, строение 1",Арбатская,6,пешком,55.74979,37.605706,,,,,2026-08-20,https://www.cian.ru/sale/flat/332096105/,3plus,2026-09-05 11:28,3+ комнатные,Продажа,False,False,
330577198,sale,4,False,415000000,1976190.48,210.0,130.0,20.0,2,7,2004.0,monolith,Хамовники,,free,False,Новая Остоженка,"Москва, Зачатьевский 1-й пер., д. 5",Парк Культуры,11,пешком,55.739022,37.603819,,,,,2026-09-04,https://www.cian.ru/sale/flat/330577198/,3plus,2026-09-05 11:28,3+ комнатные,Продажа,False,False,22.0
333537106,sale,4,False,608270000,2944191.67,206.6,74.4,55.7,4,12,,monolith,Хамовники,,fz214,True,Клубный квартал «Фрунзенский»,"Москва, Фрунзенская набережная, 30",Парк Культуры,4,транспортом,55.724679888165184,37.58496036947504,,,,,2026-09-05,https://www.cian.ru/sale/flat/333537106/,3plus,2026-09-05 11:28,3+ комнатные,Продажа,False,False,
329738396,sale,6,False,450000000,1092233.01,412.0,,20.0,4,7,2004.0,monolith,Хамовники,,free,False,,"Россия, Москва, Земледельческий переулок, 11",Киевская,12,пешком,55.740902,37.578154,,,,,2026-09-04,https://www.cian.ru/sale/flat/329738396/,3plus,2026-09-05 11:28,3+ комнатные,Продажа,False,False,22.0
314123518,sale,3,False,53000000,735090.15,72.1,49.3,7.6,4,5,1896.0,brick,Хамовники,,free,False,,"Россия, Москва, Малый Лёвшинский переулок, 3",Парк Культуры,9,пешком,55.741211,37.589841,,,,,2026-08-24,https://www.cian.ru/sale/flat/314123518/,3plus,2026-09-05 11:28,3+ комнатные,Продажа,False,False,130.0
324759267,sale,3,False,259069000,1811671.33,143.0,45.0,47.1,4,18,,monolith,Хамовники,,fz214,True,КОЛЛЕКЦИЯ ЛУЖНИКИ,"Москва, Лужнецкая набережная",Воробьёвы горы,14,пешком,55.7147723668241,37.5721607897779,,,,,2026-09-04,https://www.cian.ru/sale/flat/324759267/,3plus,2026-09-05 11:28,3+ комнатные,Продажа,False,False,
322283958,sale,4,False,535000000,2247899.16,238.0,190.0,,5,8,,monolith,Хамовники,,free,False,Парк Палас,"Москва, переулок Хилков, 1",Парк Культуры,6,пешком,55.736681,37.599319,,,,,2026-09-04,https://www.cian.ru/sale/flat/322283958/,3plus,2026-09-05 11:28,3+ комнатные,Продажа,False,False,
332972746,sale,4,False,399000000,2265758.09,176.1,,20.0,3,7,2015.0,monolith,Хамовники,,free,False,Knightsbridge Private Park,"Россия, Москва, улица Ефремова, 19к1",Спортивная,6,пешком,55.722568,37.570357,,,,,2026-09-04,https://www.cian.ru/sale/flat/332972746/,3plus,2026-09-05 11:28,3+ комнатные,Продажа,False,False,11.0
333082537,sale,3,False,422355612,3025470.0,139.6,70.6,9.6,2,10,,monolith,Хамовники,,fz214,True,Узоры,"Москва, 2-й Вражский переулок, 8с2",Киевская,8,пешком,55.7393082371145,37.5734459828025,,,,,2026-08-19,https://www.cian.ru/sale/flat/333082537/,3plus,2026-09-05 11:28,3+ комнатные,Продажа,False,False,
327502967,sale,3,False,215000000,2028301.89,106.0,,12.0,7,12,2014.0,monolith,Хамовники,,free,False,Садовые кварталы,"Россия, Москва, улица Ефремова, 10к1",Фрунзенская,8,пешком,55.725154,37.574507,,,,,2026-09-01,https://www.cian.ru/sale/flat/327502967/,3plus,2026-09-05 11:28,3+ комнатные,Продажа,False,False,12.0
309181776,sale,4,False,171812104,1209944.39,142.0,85.3,23.7,13,14,,brick,Хамовники,,free,False,,"Россия, Москва, 1-й переулок Тружеников, 17",Киевская,15,пешком,55.736985,37.57333,,,,,2026-08-27,https://www.cian.ru/sale/flat/309181776/,3plus,2026-09-05 11:28,3+ комнатные,Продажа,False,False,
333537279,sale,4,False,583310000,2375040.72,245.6,105.5,69.1,3,13,,monolith,Хамовники,,fz214,True,Клубный квартал «Фрунзенский»,"Москва, Фрунзенская набережная, 30",Парк Культуры,4,транспортом,55.724679888165184,37.58496036947504,,,,,2026-09-05,https://www.cian.ru/sale/flat/333537279/,3plus,2026-09-05 11:28,3+ комнатные,Продажа,False,False,
303911233,sale,6,False,300000000,854700.85,351.0,232.4,75.4,5,5,1901.0,monolith,Хамовники,,free,False,Власьевская Слобода,"Москва, Гагаринский пер., д. 24/7 стр. 2",Смоленская,9,пешком,55.745377,37.590578,,,,,2026-09-04,https://www.cian.ru/sale/flat/303911233/,3plus,2026-09-05 11:28,3+ комнатные,Продажа,False,True,125.0
330531983,sale,4,False,88000000,871287.13,101.0,75.0,12.0,3,9,1958.0,brick,Хамовники,,alternative,False,,"Москва, Фрунзенская набережная, 28",Фрунзенская,10,пешком,55.724469,37.587048,,,,,2026-09-03,https://www.cian.ru/sale/flat/330531983/,3plus,2026-09-05 11:28,3+ комнатные,Продажа,False,False,68.0
330816125,sale,3,False,285793000,1870373.04,152.8,46.7,55.0,4,18,,monolith,Хамовники,,fz214,True,КОЛЛЕКЦИЯ ЛУЖНИКИ,"Москва, Лужнецкая набережная",Воробьёвы горы,14,пешком,55.7147723668241,37.5721607897779,,,,,2026-09-04,https://www.cian.ru/sale/flat/330816125/,3plus,2026-09-05 11:28,3+ комнатные,Продажа,False,False,
333442916,sale,3,False,220000000,1692307.69,130.0,65.8,19.6,10,16,,monolithBrick,Хамовники,,free,False,Садовые кварталы,"Москва, ул. Усачева д. 15А",Спортивная,6,пешком,55.7256,37.570276,,,,,2026-09-04,https://www.cian.ru/sale/flat/333442916/,3plus,2026-09-05 11:28,3+ комнатные,Продажа,False,False,
332768428,sale,3,False,71500000,770474.14,92.8,,10.4,2,5,1928.0,brick,Хамовники,,free,False,,"Россия, Москва, Большой Лёвшинский переулок, 8А",Смоленская,10,пешком,55.742149,37.587245,,,,,2026-08-31,https://www.cian.ru/sale/flat/332768428/,3plus,2026-09-05 11:28,3+ комнатные,Продажа,False,False,98.0
329522513,sale,3,False,412978419,2935170.0,140.7,70.4,15.2,2,9,,monolith,Хамовники,,fz214,True,Узоры,"Москва, 2-й Вражский переулок, 8с2",Киевская,8,пешком,55.7393082371145,37.5734459828025,,,,,2026-07-15,https://www.cian.ru/sale/flat/329522513/,3plus,2026-09-05 11:28,3+ комнатные,Продажа,False,False,
328712802,sale,4,False,380000000,2714285.71,140.0,74.0,27.0,6,12,,monolith,Хамовники,,free,False,Садовые кварталы,"Москва, ул. Усачева д.15",Спортивная,8,пешком,55.726836,37.570357,,,,,2026-09-04,https://www.cian.ru/sale/flat/328712802/,3plus,2026-09-05 11:28,3+ комнатные,Продажа,False,False,
330852867,sale,5,False,140000000,1155115.51,121.2,80.5,12.3,4,4,1917.0,brick,Хамовники,,alternative,False,,"Россия, Москва, Пречистенская набережная, 45/1с3",Кропоткинская,3,пешком,55.746375,37.60805,,,,,2026-08-10,https://www.cian.ru/sale/flat/330852867/,3plus,2026-09-05 11:28,3+ комнатные,Продажа,False,True,109.0
333537275,sale,4,False,581000000,2527185.73,229.9,97.3,71.5,3,13,,monolith,Хамовники,,fz214,True,Клубный квартал «Фрунзенский»,"Москва, Фрунзенская набережная, 30",Парк Культуры,4,транспортом,55.724679888165184,37.58496036947504,,,,,2026-09-05,https://www.cian.ru/sale/flat/333537275/,3plus,2026-09-05 11:28,3+ комнатные,Продажа,False,False,
330055463,sale,3,False,333000000,2822033.9,118.0,105.0,8.0,15,15,,monolith,Хамовники,,free,False,Садовые кварталы,"Москва, ул. Усачева, дом 15, к. В",Спортивная,8,пешком,55.726836,37.570357,,,,,2026-09-04,https://www.cian.ru/sale/flat/330055463/,3plus,2026-09-05 11:28,3+ комнатные,Продажа,False,True,
332902931,sale,4,False,75000000,961538.46,78.0,,,3,8,1958.0,block,Хамовники,,,False,,"Россия, Москва, улица Хамовнический Вал, 14",Лужники,12,пешком,55.71802,37.573753,,,,,2026-09-04,https://www.cian.ru/sale/flat/332902931/,3plus,2026-09-05 11:28,3+ комнатные,Продажа,False,False,68.0
330816128,sale,3,False,223094000,1635586.51,136.4,44.7,48.8,2,17,,monolith,Хамовники,,fz214,True,КОЛЛЕКЦИЯ ЛУЖНИКИ,"Москва, Лужнецкая набережная",Воробьёвы горы,11,пешком,55.7139668271363,37.5699238274583,,,,,2026-09-03,https://www.cian.ru/sale/flat/330816128/,3plus,2026-09-05 11:28,3+ комнатные,Продажа,False,False,
331646652,sale,5,False,440000000,1961658.49,224.3,,,3,6,2000.0,monolith,Хамовники,,free,False,Дом в Зубовском проезде,"Москва, Зубовский проезд, д. 1",Парк Культуры,6,пешком,55.736351,37.588503,,,,,2026-09-04,https://www.cian.ru/sale/flat/331646652/,3plus,2026-09-05 11:28,3+ комнатные,Продажа,False,False,26.0
329522518,sale,4,False,640346850,3177900.0,201.5,104.2,14.5,5,9,,monolith,Хамовники,,fz214,True,Узоры,"Москва, 2-й Вражский переулок, 8с2",Киевская,8,пешком,55.7393082371145,37.5734459828025,,,,,2026-07-15,https://www.cian.ru/sale/flat/329522518/,3plus,2026-09-05 11:28,3+ комнатные,Продажа,False,False,
331119214,sale,4,False,535000000,2377777.78,225.0,,,5,7,2015.0,,Хамовники,,free,False,Knightsbridge Private Park,"Москва, Ефремова ул., д. 19, к. 2",Фрунзенская,13,пешком,55.721863,37.57139,,,,,2026-09-04,https://www.cian.ru/sale/flat/331119214/,3plus,2026-09-05 11:28,3+ комнатные,Продажа,False,False,11.0
332009134,sale,3,False,67000000,862290.86,77.7,52.2,8.6,7,7,1958.0,brick,Хамовники,,free,False,,"Россия, Москва, Денежный переулок, 8-10",Смоленская,8,пешком,55.743269,37.588206,,,,,2026-09-03,https://www.cian.ru/sale/flat/332009134/,3plus,2026-09-05 11:28,3+ комнатные,Продажа,False,True,68.0
333537165,sale,4,False,658820000,3062854.49,215.1,80.5,53.6,6,13,,monolith,Хамовники,,fz214,True,Клубный квартал «Фрунзенский»,"Москва, Фрунзенская набережная, 30",Парк Культуры,4,транспортом,55.724679888165184,37.58496036947504,,,,,2026-09-05,https://www.cian.ru/sale/flat/333537165/,3plus,2026-09-05 11:28,3+ комнатные,Продажа,False,False,
299784692,sale,6,False,993000000,2900116.82,342.4,,,11,12,2017.0,,Хамовники,,free,False,Садовые кварталы,"Россия, г. Москва, Усачева ул., д. 11И",Спортивная,9,пешком,55.72746,37.570698,,,,,2026-09-05,https://www.cian.ru/sale/flat/299784692/,3plus,2026-09-05 11:28,3+ комнатные,Продажа,False,False,9.0
333061840,sale,3,False,35500000,686653.77,51.7,35.7,8.3,5,17,1967.0,panel,Хамовники,,free,False,,"Россия, Москва, Смоленский бульвар, 6-8",Парк Культуры,10,пешком,55.740517,37.586338,,,,,2026-09-04,https://www.cian.ru/sale/flat/333061840/,3plus,2026-09-05 11:28,3+ комнатные,Продажа,False,False,59.0
326066146,sale,3,False,345000000,1844919.79,187.0,,10.0,3,7,2004.0,monolith,Хамовники,,free,False,Новая Остоженка,"Москва, Зачатьевский 1-й пер., д. 5",Парк Культуры,11,пешком,55.739022,37.603819,,,,,2026-09-04,https://www.cian.ru/sale/flat/326066146/,3plus,2026-09-05 11:28,3+ комнатные,Продажа,False,False,22.0
333292303,sale,3,False,78978978,936879.93,84.3,50.0,14.0,2,9,1943.0,brick,Хамовники,,free,False,,"Россия, Москва, Фрунзенская набережная, 44с1",Фрунзенская,15,пешком,55.719688,37.582933,,,,,2026-09-05,https://www.cian.ru/sale/flat/333292303/,3plus,2026-09-05 11:28,3+ комнатные,Продажа,False,False,83.0
294651840,sale,3,False,350000000,2556610.66,136.9,,10.0,5,12,2021.0,monolith,Хамовники,,free,False,Садовые кварталы,"Москва г., Усачёва ул., д. 13",Лужники,13,пешком,55.726157,37.57201,,,,,2026-09-04,https://www.cian.ru/sale/flat/294651840/,3plus,2026-09-05 11:28,3+ комнатные,Продажа,False,False,5.0
333537439,sale,3,False,602410000,3488187.61,172.7,52.6,54.5,7,10,,monolith,Хамовники,,fz214,True,Клубный квартал «Фрунзенский»,"Москва, Фрунзенская набережная, 30",Парк Культуры,4,транспортом,55.72437864670762,37.58455535591348,,,,,2026-09-05,https://www.cian.ru/sale/flat/333537439/,3plus,2026-09-05 11:28,3+ комнатные,Продажа,False,False,
331189784,sale,4,False,500000000,1953125.0,256.0,,20.0,2,8,2009.0,monolith,Хамовники,,free,False,Парк Палас,"Москва, Хилков переулок, д. 1",Кропоткинская,14,пешком,55.736681,37.599319,,,,,2026-09-04,https://www.cian.ru/sale/flat/331189784/,3plus,2026-09-05 11:28,3+ комнатные,Продажа,False,False,17.0
331977903,sale,5,False,820000000,3402489.63,241.0,151.0,21.0,6,9,2003.0,monolith,Хамовники,,free,False,,"Россия, Москва, Малый Лёвшинский переулок, 5к2",Парк Культуры,9,пешком,55.741632,37.589464,,,,,2026-09-04,https://www.cian.ru/sale/flat/331977903/,3plus,2026-09-05 11:28,3+ комнатные,Продажа,False,False,23.0
318016991,sale,6,False,1750000000,6243310.74,280.3,,,6,8,2011.0,monolith,Хамовники,,free,False,Пречистенка 13,"Россия, г. Москва, Пречистенка ул., д. 13",Кропоткинская,6,пешком,55.742514,37.596264,,,,,2026-09-05,https://www.cian.ru/sale/flat/318016991/,3plus,2026-09-05 11:28,3+ комнатные,Продажа,False,False,15.0
333406538,sale,4,False,187000000,819815.87,228.1,115.0,22.1,6,6,1911.0,brick,Хамовники,,free,False,,"Россия, Москва, Земледельческий переулок, 12",Парк Культуры,15,пешком,55.740563,37.578774,,,,,2026-08-29,https://www.cian.ru/sale/flat/333406538/,3plus,2026-09-05 11:28,3+ комнатные,Продажа,False,True,115.0
332629082,sale,4,False,535000000,2488372.09,215.0,107.0,20.0,6,6,,monolithBrick,Хамовники,,free,False,Magnum,"Москва, Усачёва дом 9",Фрунзенская,13,пешком,55.728307,37.572414,,,,,2026-09-04,https://www.cian.ru/sale/flat/332629082/,3plus,2026-09-05 11:28,3+ комнатные,Продажа,False,True,
322768064,sale,3,False,200000000,2000000.0,100.0,65.0,5.8,8,12,,monolithBrick,Хамовники,,free,False,Barrin House,"Малая Пироговская ул., 8, Москва",Спортивная,11,пешком,55.72961,37.570474,,,,,2026-09-04,https://www.cian.ru/sale/flat/322768064/,3plus,2026-09-05 11:28,3+ комнатные,Продажа,False,False,
333537505,sale,3,False,562590000,3263283.06,172.4,52.6,54.5,5,10,,monolith,Хамовники,,fz214,True,Клубный квартал «Фрунзенский»,"Москва, Фрунзенская набережная, 30",Парк Культуры,4,транспортом,55.72437864670762,37.58455535591348,,,,,2026-09-05,https://www.cian.ru/sale/flat/333537505/,3plus,2026-09-05 11:28,3+ комнатные,Продажа,False,False,
324600024,sale,4,False,500000000,1960784.31,255.0,150.0,30.0,2,7,2009.0,monolithBrick,Хамовники,,free,False,Парк Палас,"Россия, Москва, Хилков переулок, 1",Парк Культуры,6,пешком,55.736681,37.599319,,,,,2026-09-04,https://www.cian.ru/sale/flat/324600024/,3plus,2026-09-05 11:28,3+ комнатные,Продажа,False,False,17.0
322687367,sale,5,False,996000000,2766666.67,360.0,,,5,5,,brick,Хамовники,,free,False,,"Россия, Москва, Молочный переулок, 6",Парк Культуры,8,пешком,55.738774,37.599381,,,,,2026-09-04,https://www.cian.ru/sale/flat/322687367/,3plus,2026-09-05 11:28,3+ комнатные,Продажа,False,True,
329713922,sale,3,False,336122000,2708477.03,124.1,41.6,29.2,16,17,,monolith,Хамовники,,fz214,True,КОЛЛЕКЦИЯ ЛУЖНИКИ,"Москва, Лужнецкая набережная",Воробьёвы горы,13,пешком,55.7145301007607,37.570851871778,,,,,2026-09-02,https://www.cian.ru/sale/flat/329713922/,3plus,2026-09-05 11:28,3+ комнатные,Продажа,False,False,
299727459,sale,5,False,738541200,2125298.42,347.5,,,6,6,2008.0,,Хамовники,,free,False,Особняк в Хилковом переулке,"Россия, г. Москва, Хилков пер., д. 5",Парк Культуры,5,пешком,55.738368,37.597001,,,,,2026-09-05,https://www.cian.ru/sale/flat/299727459/,3plus,2026-09-05 11:28,3+ комнатные,Продажа,False,True,18.0
330620601,sale,4,False,125000000,838926.17,149.0,97.0,16.0,6,9,1912.0,brick,Хамовники,,free,False,,"Москва, Знаменка ул., 13С1",Арбатская,6,пешком,55.74979,37.605706,,,,,2026-09-03,https://www.cian.ru/sale/flat/330620601/,3plus,2026-09-05 11:28,3+ комнатные,Продажа,False,False,114.0
333082541,sale,6,False,755657427,3636465.0,207.8,128.7,9.6,7,10,,monolith,Хамовники,,fz214,True,Узоры,"Москва, 2-й Вражский переулок, 8с2",Киевская,8,пешком,55.7393082371145,37.5734459828025,,,,,2026-08-19,https://www.cian.ru/sale/flat/333082541/,3plus,2026-09-05 11:28,3+ комнатные,Продажа,False,False,
332510029,sale,3,False,535000000,2491849.09,214.7,,,6,6,2020.0,,Хамовники,,free,False,Magnum,"Москва, Усачева улица, д. 9",Фрунзенская,11,пешком,55.728307,37.572414,,,,,2026-09-04,https://www.cian.ru/sale/flat/332510029/,3plus,2026-09-05 11:28,3+ комнатные,Продажа,False,True,6.0
318160854,sale,4,False,199000000,1206060.61,165.0,,16.0,1,7,,,Хамовники,,free,False,Колымажный 10,"Москва, Колымажный переулок, 10",Кропоткинская,5,пешком,55.748199,37.604403,,,,,2026-08-22,https://www.cian.ru/sale/flat/318160854/,3plus,2026-09-05 11:28,3+ комнатные,Продажа,True,False,
333537286,sale,3,False,475330000,2614576.46,181.8,33.5,42.4,1,12,,monolith,Хамовники,,fz214,True,Клубный квартал «Фрунзенский»,"Москва, Фрунзенская набережная, 30",Парк Культуры,4,транспортом,55.724679888165184,37.58496036947504,,,,,2026-09-05,https://www.cian.ru/sale/flat/333537286/,3plus,2026-09-05 11:28,3+ комнатные,Продажа,True,False,
328042900,sale,6,False,330000000,1224035.61,269.6,,15.0,5,5,1998.0,monolith,Хамовники,,free,False,,"Москва, Остоженка ул., д. 25",Парк Культуры,6,пешком,55.739706,37.597549,,,,,2026-09-04,https://www.cian.ru/sale/flat/328042900/,3plus,2026-09-05 11:28,3+ комнатные,Продажа,False,True,28.0
324759266,sale,3,False,339312000,2351434.51,144.3,45.5,51.8,8,18,,monolith,Хамовники,,fz214,True,КОЛЛЕКЦИЯ ЛУЖНИКИ,"Москва, жилой комплекс Коллекция Лужники",Воробьёвы горы,14,пешком,55.7140296087072,37.57321002756597,,,,,2026-09-01,https://www.cian.ru/sale/flat/324759266/,3plus,2026-09-05 11:28,3+ комнатные,Продажа,False,False,
299779331,sale,6,False,993000000,3000000.0,331.0,,20.0,11,11,2020.0,monolith,Хамовники,,free,False,Садовые кварталы,"Москва, Усачева ул., д. 11И",Лужники,13,пешком,55.727445,37.570617,,,,,2026-09-04,https://www.cian.ru/sale/flat/299779331/,3plus,2026-09-05 11:28,3+ комнатные,Продажа,False,True,6.0
328577655,sale,6,False,990000000,2037456.27,485.9,,15.0,9,9,2003.0,monolith,Хамовники,,free,False,,"Россия, Москва, Малый Лёвшинский переулок, д. 5, корп. 2",Парк Культуры,9,пешком,55.741632,37.589464,,,,,2026-09-04,https://www.cian.ru/sale/flat/328577655/,3plus,2026-09-05 11:28,3+ комнатные,Продажа,False,True,23.0
321265564,sale,5,False,739468550,2127967.05,347.5,,25.0,6,6,2010.0,,Хамовники,,,False,Особняк в Хилковом переулке,"Россия, Москва, Хилков переулок, 5",Парк Культуры,5,пешком,55.738368,37.597001,,,,,2026-09-04,https://www.cian.ru/sale/flat/321265564/,3plus,2026-09-05 11:28,3+ комнатные,Продажа,False,True,16.0
333537071,sale,4,False,845370000,3235246.84,261.3,56.6,66.2,3,10,,monolith,Хамовники,,fz214,True,Клубный квартал «Фрунзенский»,"Москва, Фрунзенская набережная, 30",Парк Культуры,4,транспортом,55.7244588775083,37.5843810123283,,,,,2026-09-05,https://www.cian.ru/sale/flat/333537071/,3plus,2026-09-05 11:28,3+ комнатные,Продажа,False,False,
316371477,sale,4,False,450000000,2612330.2,172.26,,15.0,5,7,2015.0,monolith,Хамовники,,free,False,Knightsbridge Private Park,"Москва, Ефремова ул., д. 19, к. 4",Фрунзенская,14,пешком,55.721863,37.568875,,,,,2026-09-04,https://www.cian.ru/sale/flat/316371477/,3plus,2026-09-05 11:28,3+ комнатные,Продажа,False,False,11.0
330739871,sale,4,False,452690999,2155671.42,210.0,125.0,18.0,5,6,2006.0,monolithBrick,Хамовники,,free,False,Кристалл Хаус,"Москва, Коробейников пер., 1",Кропоткинская,13,пешком,55.737314,37.6009,,,,,2026-09-05,https://www.cian.ru/sale/flat/330739871/,3plus,2026-09-05 11:28,3+ комнатные,Продажа,False,False,20.0
321356897,sale,3,False,266355000,1815644.17,146.7,41.7,50.9,14,18,,monolith,Хамовники,,fz214,True,КОЛЛЕКЦИЯ ЛУЖНИКИ,"Москва, Лужнецкая набережная",Воробьёвы горы,17,пешком,55.7152023823584,37.5729976389884,,,,,2026-09-01,https://www.cian.ru/sale/flat/321356897/,3plus,2026-09-05 11:28,3+ комнатные,Продажа,False,False,
321954764,sale,4,False,325000000,2319771.59,140.1,,10.0,9,12,2014.0,monolith,Хамовники,,free,False,Садовые кварталы,"Москва, Ефремова ул., 10с1к4/2",Лужники,13,пешком,55.725154,37.574507,,,,,2026-09-04,https://www.cian.ru/sale/flat/321954764/,3plus,2026-09-05 11:28,3+ комнатные,Продажа,False,False,12.0
330820953,sale,3,False,55000000,706940.87,77.8,45.0,10.0,9,11,1956.0,brick,Хамовники,,alternative,False,,"Россия, Москва, улица Хамовнический Вал, 2",Лужники,14,пешком,55.716133,37.576492,,,,,2026-09-03,https://www.cian.ru/sale/flat/330820953/,3plus,2026-09-05 11:28,3+ комнатные,Продажа,False,False,70.0
333082534,sale,4,False,602935883,3340365.0,180.5,77.6,23.3,6,9,,monolith,Хамовники,,fz214,True,Узоры,"Москва, 2-й Вражский переулок, 8с2",Киевская,8,пешком,55.7393082371145,37.5734459828025,,,,,2026-08-19,https://www.cian.ru/sale/flat/333082534/,3plus,2026-09-05 11:28,3+ комнатные,Продажа,False,False,
327742455,sale,3,False,225000000,1875000.0,120.0,,7.0,13,14,2022.0,monolith,Хамовники,,free,False,Садовые кварталы,"Москва, Усачёва ул., д. 15",Лужники,13,пешком,55.726836,37.570357,,,,,2026-09-04,https://www.cian.ru/sale/flat/327742455/,3plus,2026-09-05 11:28,3+ комнатные,Продажа,False,False,4.0
333038510,sale,4,False,107700000,928448.28,116.0,60.0,9.0,7,11,1955.0,brick,Хамовники,,free,False,,"Россия, Москва, Комсомольский проспект, 41",Спортивная,11,пешком,55.720864,37.574678,,,,,2026-09-04,https://www.cian.ru/sale/flat/333038510/,3plus,2026-09-05 11:28,3+ комнатные,Продажа,False,False,71.0
333537540,sale,3,False,645550000,3242340.53,199.1,56.4,58.2,7,10,,monolith,Хамовники,,fz214,True,Клубный квартал «Фрунзенский»,"Москва, Фрунзенская набережная, 30",Парк Культуры,4,транспортом,55.72437864670762,37.58455535591348,,,,,2026-09-05,https://www.cian.ru/sale/flat/333537540/,3plus,2026-09-05 11:28,3+ комнатные,Продажа,False,False,
329965347,sale,3,False,370000000,2661870.5,139.0,,7.0,5,9,2022.0,,Хамовники,,free,False,Пироговская 14,"Москва, Малая Пироговская ул., д. 12",Лужники,16,пешком,55.728378,37.567509,,,,,2026-09-04,https://www.cian.ru/sale/flat/329965347/,3plus,2026-09-05 11:28,3+ комнатные,Продажа,False,False,4.0
330548738,sale,3,False,307384000,1902128.71,161.6,47.3,50.8,15,18,,monolith,Хамовники,,fz214,True,КОЛЛЕКЦИЯ ЛУЖНИКИ,"Москва, Лужнецкая набережная",Воробьёвы горы,14,пешком,55.7147723668241,37.5721607897779,,,,,2026-08-19,https://www.cian.ru/sale/flat/330548738/,3plus,2026-09-05 11:28,3+ комнатные,Продажа,False,False,
330477426,sale,4,False,250000000,1282051.28,195.0,156.0,,5,15,,monolith,Хамовники,,free,False,,"Москва, набережная Саввинская, 9",Киевская,11,пешком,55.736914,37.569396,,,,,2026-09-04,https://www.cian.ru/sale/flat/330477426/,3plus,2026-09-05 11:28,3+ комнатные,Продажа,False,False,
332448785,sale,3,False,59990000,731585.37,82.0,55.0,9.0,2,8,1958.0,brick,Хамовники,,free,False,,"Россия, Москва, 3-я Фрунзенская улица, 3",Фрунзенская,16,пешком,55.719252,37.579358,,,,,2026-09-04,https://www.cian.ru/sale/flat/332448785/,3plus,2026-09-05 11:28,3+ комнатные,Продажа,False,False,68.0
333233837,sale,4,False,469400000,2989808.92,157.0,,,3,15,2014.0,brick,Хамовники,,free,False,Садовые кварталы,"Россия, Москва, Трубецкая улица, 12",Фрунзенская,6,пешком,55.726568,37.575378,,,,,2026-09-04,https://www.cian.ru/sale/flat/333233837/,3plus,2026-09-05 11:28,3+ комнатные,Продажа,False,False,12.0
332035737,sale,3,False,39600000,750000.0,52.8,38.0,6.1,9,16,1966.0,panel,Хамовники,,free,False,,"Москва, Хамовники район, Власьевский М. пер., д.6",Кропоткинская,8,пешком,55.746056,37.593542,,,,,2026-09-03,https://www.cian.ru/sale/flat/332035737/,3plus,2026-09-05 11:28,3+ комнатные,Продажа,False,False,60.0
333537277,sale,3,False,383070000,2192730.39,174.7,65.8,48.4,3,13,,monolith,Хамовники,,fz214,True,Клубный квартал «Фрунзенский»,"Москва, Фрунзенская набережная, 30",Парк Культуры,4,транспортом,55.724679888165184,37.58496036947504,,,,,2026-09-05,https://www.cian.ru/sale/flat/333537277/,3plus,2026-09-05 11:28,3+ комнатные,Продажа,False,False,
309680698,sale,4,False,350000000,2554744.53,137.0,,20.0,5,12,2016.0,monolith,Хамовники,,free,False,Садовые кварталы,"Россия, Москва, Усачёва улица, д. 13",Фрунзенская,12,пешком,55.726157,37.57201,,,,,2026-09-04,https://www.cian.ru/sale/flat/309680698/,3plus,2026-09-05 11:28,3+ комнатные,Продажа,False,False,10.0
333300945,sale,3,False,137000000,1104838.71,124.0,80.0,15.0,10,16,2008.0,monolithBrick,Хамовники,,free,False,Смоленская Застава,"Россия, Москва, Ружейный переулок, 3",Смоленская,10,пешком,55.742955,37.580517,,,,,2026-09-04,https://www.cian.ru/sale/flat/333300945/,3plus,2026-09-05 11:28,3+ комнатные,Продажа,False,False,18.0
330548710,sale,3,False,295413000,2189866.57,134.9,42.2,39.5,16,17,,monolith,Хамовники,,fz214,True,КОЛЛЕКЦИЯ ЛУЖНИКИ,"Москва, Лужнецкая набережная",Воробьёвы горы,13,пешком,55.7145301007607,37.570851871778,,,,,2026-09-01,https://www.cian.ru/sale/flat/330548710/,3plus,2026-09-05 11:28,3+ комнатные,Продажа,False,False,
326036770,sale,5,False,505000000,2114740.37,238.8,,,11,12,2019.0,monolithBrick,Хамовники,,free,False,Садовые кварталы,"Россия, Москва, Усачёва улица, 11И",Спортивная,8,пешком,55.727445,37.570617,,,,,2026-09-04,https://www.cian.ru/sale/flat/326036770/,3plus,2026-09-05 11:28,3+ комнатные,Продажа,False,False,7.0
333430263,sale,3,False,75000000,931677.02,80.5,49.8,8.2,2,15,1951.0,brick,Хамовники,,free,False,,"Россия, Москва, Фрунзенская набережная, 24",Фрунзенская,9,пешком,55.725463,37.587515,,,,,2026-09-02,https://www.cian.ru/sale/flat/333430263/,3plus,2026-09-05 11:28,3+ комнатные,Продажа,False,False,75.0
332502645,sale,4,False,240000000,1629327.9,147.3,,10.0,2,11,2022.0,monolithBrick,Хамовники,,free,False,Садовые кварталы,"Россия, Москва, Усачёва улица, 15А",Спортивная,6,пешком,55.7256,37.570276,,,,,2026-09-04,https://www.cian.ru/sale/flat/332502645/,3plus,2026-09-05 11:28,3+ комнатные,Продажа,False,False,4.0
333537262,sale,3,False,459700000,2180740.04,210.8,93.6,61.1,3,12,,monolith,Хамовники,,fz214,True,Клубный квартал «Фрунзенский»,"Москва, Фрунзенская набережная, 30",Парк Культуры,4,транспортом,55.724679888165184,37.58496036947504,,,,,2026-09-05,https://www.cian.ru/sale/flat/333537262/,3plus,2026-09-05 11:28,3+ комнатные,Продажа,False,False,
332385168,sale,3,False,238000000,2087719.3,114.0,80.0,15.0,7,18,,monolith,Хамовники,,dupt,False,КОЛЛЕКЦИЯ ЛУЖНИКИ,"Россия, Москва, ЖК Коллекция Лужники",Воробьёвы горы,14,пешком,55.71376998359258,37.57238609533453,,,,,2026-09-04,https://www.cian.ru/sale/flat/332385168/,3plus,2026-09-05 11:28,3+ комнатные,Продажа,False,False,
330818191,sale,3,False,53000000,676883.78,78.3,,10.0,4,8,1958.0,block,Хамовники,,free,False,,"Россия, Москва, улица Хамовнический Вал, 14",Лужники,12,пешком,55.71802,37.573753,,,,,2026-09-04,https://www.cian.ru/sale/flat/330818191/,3plus,2026-09-05 11:28,3+ комнатные,Продажа,False,False,68.0
323003769,sale,3,False,249390000,1905194.81,130.9,44.8,37.2,6,12,,monolith,Хамовники,,fz214,True,КОЛЛЕКЦИЯ ЛУЖНИКИ,"Москва, жилой комплекс Коллекция Лужники",Воробьёвы горы,11,пешком,55.71473148229745,37.57007671337002,,,,,2026-09-01,https://www.cian.ru/sale/flat/323003769/,3plus,2026-09-05 11:28,3+ комнатные,Продажа,False,False,
333376633,sale,3,False,220000000,1692307.69,130.0,,,10,13,2022.0,monolithBrick,Хамовники,,free,False,Садовые кварталы,"Россия, Москва, Усачёва улица, 15А",Спортивная,6,пешком,55.7256,37.570276,,,,,2026-09-04,https://www.cian.ru/sale/flat/333376633/,3plus,2026-09-05 11:28,3+ комнатные,Продажа,False,False,4.0
333085084,sale,4,False,395200000,2598290.6,152.1,,,7,12,,,Хамовники,,fz214,True,ДОМ XXII,"Москва, Новодевичий проезд, 6с2",Спортивная,12,пешком,55.7297699330094,37.5591669814725,,,,,2026-08-19,https://www.cian.ru/sale/flat/333085084/,3plus,2026-09-05 11:28,3+ комнатные,Продажа,False,False,
333537557,sale,3,False,666230000,3425347.04,194.5,66.9,77.5,6,10,,monolith,Хамовники,,fz214,True,Клубный квартал «Фрунзенский»,"Москва, Фрунзенская набережная, 30",Парк Культуры,4,транспортом,55.72437864670762,37.58455535591348,,,,,2026-09-05,https://www.cian.ru/sale/flat/333537557/,3plus,2026-09-05 11:28,3+ комнатные,Продажа,False,False,
318516848,sale,3,False,240000000,1737871.11,138.1,60.0,20.0,3,12,2015.0,monolithBrick,Хамовники,,free,False,Barrin House,"Россия, Москва, Малая Пироговская улица, 8",Спортивная,11,пешком,55.72961,37.570474,,,,,2026-09-04,https://www.cian.ru/sale/flat/318516848/,3plus,2026-09-05 11:28,3+ комнатные,Продажа,False,False,11.0
331294421,sale,5,False,520000000,2512077.29,207.0,,,6,16,,,Хамовники,,free,False,Садовые кварталы,"улица Ефремова, 10к1, Москва, 119048",Фрунзенская,8,пешком,55.725154,37.574507,,,,,2026-09-04,https://www.cian.ru/sale/flat/331294421/,3plus,2026-09-05 11:28,3+ комнатные,Продажа,False,False,
332125501,sale,3,False,352474000,2061251.46,171.0,46.9,50.8,12,18,,monolith,Хамовники,,fz214,True,КОЛЛЕКЦИЯ ЛУЖНИКИ,"Москва, Лужнецкая набережная",Воробьёвы горы,14,пешком,55.7147723668241,37.5721607897779,,,,,2026-08-19,https://www.cian.ru/sale/flat/332125501/,3plus,2026-09-05 11:28,3+ комнатные,Продажа,False,False,
332441421,sale,3,False,350000000,3500000.0,100.0,,27.7,4,13,2019.0,monolithBrick,Хамовники,,free,False,Жизнь на Плющихе,"Россия, Москва, Погодинская улица, 2",Фрунзенская,14,пешком,55.735713,37.572351,,,,,2026-09-04,https://www.cian.ru/sale/flat/332441421/,3plus,2026-09-05 11:28,3+ комнатные,Продажа,False,False,7.0
333537389,sale,3,False,584800000,3487179.49,167.7,50.3,59.1,8,10,,monolith,Хамовники,,fz214,True,Клубный квартал «Фрунзенский»,"Москва, Фрунзенская набережная, 30",Парк Культуры,4,транспортом,55.72428479191037,37.58470019519951,,,,,2026-09-05,https://www.cian.ru/sale/flat/333537389/,3plus,2026-09-05 11:28,3+ комнатные,Продажа,False,False,
321356876,sale,3,False,317008000,2074659.69,152.8,46.7,56.0,8,17,,monolith,Хамовники,,fz214,True,КОЛЛЕКЦИЯ ЛУЖНИКИ,"Москва, Лужнецкая набережная",Воробьёвы горы,11,пешком,55.7139668271363,37.5699238274583,,,,,2026-09-01,https://www.cian.ru/sale/flat/321356876/,3plus,2026-09-05 11:28,3+ комнатные,Продажа,False,False,
333537532,sale,4,False,874530000,3367462.46,259.7,70.2,70.6,8,10,,monolith,Хамовники,,fz214,True,Клубный квартал «Фрунзенский»,"Москва, Фрунзенская набережная, 30",Парк Культуры,4,транспортом,55.72437864670762,37.58455535591348,,,,,2026-09-05,https://www.cian.ru/sale/flat/333537532/,3plus,2026-09-05 11:28,3+ комнатные,Продажа,False,False,
321909096,sale,3,False,434436000,2896240.0,150.0,105.0,15.0,2,6,2003.0,monolithBrick,Хамовники,,free,False,Бутиковский 5,"Россия, Москва, Бутиковский переулок, д. 5",Парк Культуры,10,пешком,55.738622,37.602813,,,,,2026-09-04,https://www.cian.ru/sale/flat/321909096/,3plus,2026-09-05 11:28,3+ комнатные,Продажа,False,False,23.0
322616338,sale,5,False,295000000,1170634.92,252.0,,12.0,5,9,1997.0,,Хамовники,,free,False,,"Россия, Москва, Ксеньинский переулок, 3",Парк Культуры,8,пешком,55.731445,37.588027,,,,,2026-09-04,https://www.cian.ru/sale/flat/322616338/,3plus,2026-09-05 11:28,3+ комнатные,Продажа,False,False,29.0
321356404,sale,5,False,464125260,2174907.5,213.4,,20.0,3,6,2004.0,,Хамовники,,,False,Кристалл Хаус,"Россия, Москва, Коробейников переулок, 1",Парк Культуры,6,пешком,55.737314,37.6009,,,,,2026-09-04,https://www.cian.ru/sale/flat/321356404/,3plus,2026-09-05 11:28,3+ комнатные,Продажа,False,False,22.0
333537142,sale,4,False,715530000,3466715.12,206.4,73.8,55.7,8,12,,monolith,Хамовники,,fz214,True,Клубный квартал «Фрунзенский»,"Москва, Фрунзенская набережная, 30",Парк Культуры,4,транспортом,55.724679888165184,37.58496036947504,,,,,2026-09-05,https://www.cian.ru/sale/flat/333537142/,3plus,2026-09-05 11:28,3+ комнатные,Продажа,False,False,
329175250,sale,3,False,205000000,1257668.71,163.0,,13.6,3,7,2000.0,brick,Хамовники,,free,False,Light House,"Москва, Сеченовский переулок, 3",Кропоткинская,9,пешком,55.740558,37.596498,,,,,2026-09-04,https://www.cian.ru/sale/flat/329175250/,3plus,2026-09-05 11:28,3+ комнатные,Продажа,False,False,26.0
333350388,sale,3,False,85000000,1000000.0,85.0,40.0,20.0,6,7,1939.0,brick,Хамовники,,free,False,,"Россия, Москва, Фрунзенская набережная, 54",Спортивная,16,пешком,55.71628,37.578109,,,,,2026-08-27,https://www.cian.ru/sale/flat/333350388/,3plus,2026-09-05 11:28,3+ комнатные,Продажа,False,False,87.0
324759207,sale,3,False,436079000,3047372.47,143.1,46.5,42.5,8,18,,monolith,Хамовники,,fz214,True,КОЛЛЕКЦИЯ ЛУЖНИКИ,"Москва, жилой комплекс Коллекция Лужники",Воробьёвы горы,12,пешком,55.71333692108894,37.570690939236,,,,,2026-09-01,https://www.cian.ru/sale/flat/324759207/,3plus,2026-09-05 11:28,3+ комнатные,Продажа,False,False,
329186667,sale,3,False,305000000,1993464.05,153.0,,15.0,5,13,2019.0,monolith,Хамовники,,free,False,Жизнь на Плющихе,"Россия, Москва, Погодинская улица, д. 2",Фрунзенская,14,пешком,55.735713,37.572351,,,,,2026-09-04,https://www.cian.ru/sale/flat/329186667/,3plus,2026-09-05 11:28,3+ комнатные,Продажа,False,False,7.0
333365469,sale,4,False,175873250,857500.0,205.1,,53.0,18,18,2006.0,monolithBrick,Хамовники,,free,False,,"Россия, Москва, Комсомольский проспект, 32к2",Фрунзенская,5,пешком,55.725975,37.578046,,,,,2026-09-02,https://www.cian.ru/sale/flat/333365469/,3plus,2026-09-05 11:28,3+ комнатные,Продажа,False,True,20.0
333537292,sale,5,False,942780000,4387063.75,214.9,80.4,52.7,10,13,,monolith,Хамовники,,fz214,True,Клубный квартал «Фрунзенский»,"Москва, Фрунзенская набережная, 30",Парк Культуры,4,транспортом,55.724679888165184,37.58496036947504,,,,,2026-09-05,https://www.cian.ru/sale/flat/333537292/,3plus,2026-09-05 11:28,3+ комнатные,Продажа,False,False,
320231050,sale,4,False,499000000,1922187.98,259.6,229.6,25.0,6,8,2001.0,brick,Хамовники,,free,False,Дом в Ростовском переулке,"Россия, г. Москва, Ростовский 7-й пер., д. 11",Киевская,7,пешком,55.740613,37.572899,,,,,2026-09-05,https://www.cian.ru/sale/flat/320231050/,3plus,2026-09-05 11:28,3+ комнатные,Продажа,False,False,25.0
330760857,sale,3,False,36000000,590163.93,61.0,45.0,7.0,1,5,1934.0,,Хамовники,,free,False,,"Москва,  1-й Неопалимовский переулок, 11/22",Парк Культуры,12,пешком,55.740198,37.581658,,,,,2026-09-04,https://www.cian.ru/sale/flat/330760857/,3plus,2026-09-05 11:28,3+ комнатные,Продажа,True,False,92.0
323003778,sale,3,False,260327000,2123384.99,122.6,44.7,39.1,8,12,,monolith,Хамовники,,fz214,True,КОЛЛЕКЦИЯ ЛУЖНИКИ,"Москва, жилой комплекс Коллекция Лужники",Воробьёвы горы,11,пешком,55.71473148229745,37.57007671337002,,,,,2026-09-01,https://www.cian.ru/sale/flat/323003778/,3plus,2026-09-05 11:28,3+ комнатные,Продажа,False,False,
319631910,sale,3,False,125000000,1086956.52,115.0,75.0,10.0,6,6,1910.0,brick,Хамовники,,free,False,,"Москва, Пречистенка, 25",Кропоткинская,10,пешком,55.740522,37.591674,,,,,2026-09-04,https://www.cian.ru/sale/flat/319631910/,3plus,2026-09-05 11:28,3+ комнатные,Продажа,False,True,116.0
329950071,sale,3,False,249850000,2211061.95,113.0,57.8,14.5,2,13,,monolith,Хамовники,,free,False,Садовые кварталы,"Москва, Усачева улица д. 13",Спортивная,7,пешком,55.726157,37.57201,,,,,2026-09-04,https://www.cian.ru/sale/flat/329950071/,3plus,2026-09-05 11:28,3+ комнатные,Продажа,False,False,
333537274,sale,5,False,597450000,2273401.83,262.8,165.7,65.3,3,13,,monolith,Хамовники,,fz214,True,Клубный квартал «Фрунзенский»,"Москва, Фрунзенская набережная, 30",Парк Культуры,4,транспортом,55.724679888165184,37.58496036947504,,,,,2026-09-05,https://www.cian.ru/sale/flat/333537274/,3plus,2026-09-05 11:28,3+ комнатные,Продажа,False,False,
323437795,sale,4,False,210000000,1195899.77,175.6,81.0,18.3,5,7,1914.0,monolithBrick,Хамовники,,free,False,,"Россия, Москва, 1-й Обыденский переулок, 9/12",Кропоткинская,3,пешком,55.743005,37.602256,,,,,2026-09-04,https://www.cian.ru/sale/flat/323437795/,3plus,2026-09-05 11:28,3+ комнатные,Продажа,False,False,112.0
327314983,sale,3,False,79000000,683982.68,115.5,59.4,10.0,2,9,1994.0,brick,Хамовники,,free,False,,"Москва, Пречистенка ул, 40/2стр4",Парк Культуры,9,пешком,55.739671,37.587398,,,,,2026-09-04,https://www.cian.ru/sale/flat/327314983/,3plus,2026-09-05 11:28,3+ комнатные,Продажа,False,False,32.0
330548715,sale,3,False,345116000,2583203.59,133.6,47.1,44.4,16,17,,monolith,Хамовники,,fz214,True,КОЛЛЕКЦИЯ ЛУЖНИКИ,"Москва, Лужнецкая набережная",Воробьёвы горы,13,пешком,55.7145301007607,37.570851871778,,,,,2026-09-03,https://www.cian.ru/sale/flat/330548715/,3plus,2026-09-05 11:28,3+ комнатные,Продажа,False,False,
322765214,sale,6,False,275000000,907590.76,303.0,245.0,53.0,3,5,,brick,Хамовники,,free,False,,"Россия, г. Москва, Остоженка ул.,  д. 7, стр. 1",Кропоткинская,3,пешком,55.742767,37.600792,,,,,2026-09-05,https://www.cian.ru/sale/flat/322765214/,3plus,2026-09-05 11:28,3+ комнатные,Продажа,False,False,
332949374,sale,5,False,869963000,3415638.01,254.7,,20.0,11,13,2019.0,monolith,Хамовники,,free,False,Жизнь на Плющихе,"Москва г., Погодинская ул., д. 2",Киевская,14,пешком,55.735713,37.572351,,,,,2026-09-04,https://www.cian.ru/sale/flat/332949374/,3plus,2026-09-05 11:28,3+ комнатные,Продажа,False,False,7.0
333537061,sale,5,False,1333740000,4632650.23,287.9,100.8,48.9,9,10,,monolith,Хамовники,,fz214,True,Клубный квартал «Фрунзенский»,"Москва, Фрунзенская набережная, 30",Парк Культуры,4,транспортом,55.7244588775083,37.5843810123283,,,,,2026-09-05,https://www.cian.ru/sale/flat/333537061/,3plus,2026-09-05 11:28,3+ комнатные,Продажа,False,False,
333460103,sale,3,False,140000000,1743462.02,80.3,28.0,28.5,3,18,,monolith,Хамовники,,dupt,False,КОЛЛЕКЦИЯ ЛУЖНИКИ,"Россия, Москва, Лужнецкая набережная, д. 2/4",Воробьёвы горы,12,пешком,55.7143864764713,37.5721614788484,,,,,2026-09-04,https://www.cian.ru/sale/flat/333460103/,3plus,2026-09-05 11:28,3+ комнатные,Продажа,False,False,
332884650,sale,5,False,120000000,845070.42,142.0,82.0,14.0,2,6,1914.0,brick,Хамовники,,free,False,,"Москва, Смоленский бульвар, 15",Смоленская,10,пешком,55.741799,37.582538,,,,,2026-09-04,https://www.cian.ru/sale/flat/332884650/,3plus,2026-09-05 11:28,3+ комнатные,Продажа,False,False,112.0
331611233,sale,3,False,218134000,1641339.35,132.9,42.7,45.0,5,17,,monolith,Хамовники,,fz214,True,КОЛЛЕКЦИЯ ЛУЖНИКИ,"Москва, Лужнецкая набережная",Воробьёвы горы,11,пешком,55.7139668271363,37.5699238274583,,,,,2026-09-01,https://www.cian.ru/sale/flat/331611233/,3plus,2026-09-05 11:28,3+ комнатные,Продажа,False,False,
332826879,sale,3,False,115000000,1359338.06,84.6,,,3,18,,monolith,Хамовники,,dupt,False,КОЛЛЕКЦИЯ ЛУЖНИКИ,"Россия, Москва, ЖК Коллекция Лужники",Воробьёвы горы,14,пешком,55.7152023823584,37.5729976389884,,,,,2026-09-04,https://www.cian.ru/sale/flat/332826879/,3plus,2026-09-05 11:28,3+ комнатные,Продажа,False,False,
315777677,sale,3,False,205000000,1366666.67,150.0,,44.0,7,11,2012.0,brick,Хамовники,,,False,Андреевский,"Россия, Москва, 2-я Фрунзенская улица, 8",Фрунзенская,9,пешком,55.723699,37.583697,,,,,2026-08-31,https://www.cian.ru/sale/flat/315777677/,3plus,2026-09-05 11:28,3+ комнатные,Продажа,False,False,14.0
333537046,sale,5,False,1337960000,4535457.63,295.0,89.8,69.8,9,10,,monolith,Хамовники,,fz214,True,Клубный квартал «Фрунзенский»,"Москва, Фрунзенская набережная, 30",Парк Культуры,4,транспортом,55.7244588775083,37.5843810123283,,,,,2026-09-05,https://www.cian.ru/sale/flat/333537046/,3plus,2026-09-05 11:28,3+ комнатные,Продажа,False,False,
307320822,sale,3,False,245000000,1884615.38,130.0,,10.0,3,9,2021.0,monolithBrick,Хамовники,,free,False,SAVVIN RIVER RESIDENCE,"Москва, Саввинская набережная, 13",Киевская,12,пешком,55.73554,37.567267,,,,,2026-09-03,https://www.cian.ru/sale/flat/307320822/,3plus,2026-09-05 11:28,3+ комнатные,Продажа,False,False,5.0
331190128,sale,6,False,972000000,2838785.05,342.4,,12.0,11,11,2019.0,monolith,Хамовники,,free,False,,"Россия, Москва, Усачёва улица, 11Г",Спортивная,9,пешком,55.727273,37.57254,,,,,2026-08-17,https://www.cian.ru/sale/flat/331190128/,3plus,2026-09-05 11:28,3+ комнатные,Продажа,False,True,7.0
322258767,sale,3,False,364183000,2259199.75,161.2,46.9,50.8,11,17,,monolith,Хамовники,,fz214,True,КОЛЛЕКЦИЯ ЛУЖНИКИ,"Москва, Лужнецкая набережная",Воробьёвы горы,11,пешком,55.7139668271363,37.5699238274583,,,,,2026-09-01,https://www.cian.ru/sale/flat/322258767/,3plus,2026-09-05 11:28,3+ комнатные,Продажа,False,False,
319588619,sale,3,False,125000000,1086956.52,115.0,73.0,20.0,6,6,1912.0,brick,Хамовники,,free,False,,"Москва, Пречистенка улица, д. 25",Парк Культуры,7,пешком,55.740522,37.591674,,,,,2026-09-04,https://www.cian.ru/sale/flat/319588619/,3plus,2026-09-05 11:28,3+ комнатные,Продажа,False,True,114.0
333403094,sale,6,False,1270000000,2645833.33,480.0,,45.0,4,8,2015.0,monolith,Хамовники,,,False,Knightsbridge Private Park,"Россия, Москва, улица Ефремова, 19к2",Спортивная,7,пешком,55.721863,37.57139,,,,,2026-08-29,https://www.cian.ru/sale/flat/333403094/,3plus,2026-09-05 11:28,3+ комнатные,Продажа,False,False,11.0
333537075,sale,5,False,1378280000,4488049.5,307.1,93.2,70.1,9,10,,monolith,Хамовники,,fz214,True,Клубный квартал «Фрунзенский»,"Москва, Фрунзенская набережная, 30",Парк Культуры,4,транспортом,55.7244588775083,37.5843810123283,,,,,2026-09-05,https://www.cian.ru/sale/flat/333537075/,3plus,2026-09-05 11:28,3+ комнатные,Продажа,False,False,
332873001,sale,3,False,240000000,2181818.18,110.0,75.0,10.0,3,6,,monolith,Хамовники,,free,False,Особняк в Хилковом переулке,"Москва, переулок Хилков, 5",Парк Культуры,5,пешком,55.738368,37.597001,,,,,2026-09-04,https://www.cian.ru/sale/flat/332873001/,3plus,2026-09-05 11:28,3+ комнатные,Продажа,False,False,
327202794,sale,4,False,419000000,2053921.57,204.0,,55.0,1,6,2014.0,brick,Хамовники,,free,False,Литератор,"Россия, Москва, улица Льва Толстого, 23к1",Парк Культуры,10,пешком,55.734917,37.58482,,,,,2026-09-04,https://www.cian.ru/sale/flat/327202794/,3plus,2026-09-05 11:28,3+ комнатные,Продажа,True,False,12.0
324759242,sale,3,False,329094000,2639085.81,124.7,41.6,29.5,15,17,,monolith,Хамовники,,fz214,True,КОЛЛЕКЦИЯ ЛУЖНИКИ,"Москва, Лужнецкая набережная",Воробьёвы горы,11,пешком,55.7139668271363,37.5699238274583,,,,,2026-09-01,https://www.cian.ru/sale/flat/324759242/,3plus,2026-09-05 11:28,3+ комнатные,Продажа,False,False,
327235620,sale,4,False,288600000,1500000.0,192.4,,,11,12,2002.0,monolith,Хамовники,,free,False,Пять Звезд,"Москва, Фрунзенская 2-я ул., д. 12",Фрунзенская,6,пешком,55.724069,37.580436,,,,,2026-09-04,https://www.cian.ru/sale/flat/327235620/,3plus,2026-09-05 11:28,3+ комнатные,Продажа,False,False,24.0
330438948,sale,4,False,380000000,2188940.09,173.6,,19.0,4,7,,monolith,Хамовники,,free,False,Knightsbridge Private Park,"Москва, Ефремова улица, 19, 2",Спортивная,7,пешком,55.721863,37.57139,,,,,2026-09-04,https://www.cian.ru/sale/flat/330438948/,3plus,2026-09-05 11:28,3+ комнатные,Продажа,False,False,
333537561,sale,4,False,1279200000,4315789.47,296.4,142.6,57.2,9,10,,monolith,Хамовники,,fz214,True,Клубный квартал «Фрунзенский»,"Москва, Фрунзенская набережная, 30",Парк Культуры,4,транспортом,55.72437864670762,37.58455535591348,,,,,2026-09-05,https://www.cian.ru/sale/flat/333537561/,3plus,2026-09-05 11:28,3+ комнатные,Продажа,False,False,
325574643,sale,4,False,595000000,2348066.3,253.4,,,6,8,,,Хамовники,,free,False,Парк Палас,"Москва, Хилков переулок, д. 1",Парк Культуры,6,пешком,55.736681,37.599319,,,,,2026-09-04,https://www.cian.ru/sale/flat/325574643/,3plus,2026-09-05 11:28,3+ комнатные,Продажа,False,False,
332165421,sale,3,False,175771000,1370000.0,128.3,,15.0,4,5,2015.0,monolith,Хамовники,,free,False,Кленовый DOM,"Россия, Москва, Пречистенская набережная, 5",Парк Культуры,6,пешком,55.736584,37.600846,,,,,2026-09-04,https://www.cian.ru/sale/flat/332165421/,3plus,2026-09-05 11:28,3+ комнатные,Продажа,False,False,11.0
330816115,sale,4,False,275806000,1783997.41,154.6,56.0,49.2,17,18,,monolith,Хамовники,,fz214,True,КОЛЛЕКЦИЯ ЛУЖНИКИ,"Москва, Лужнецкая набережная",Воробьёвы горы,15,пешком,55.7156081703927,37.5715492461217,,,,,2026-09-01,https://www.cian.ru/sale/flat/330816115/,3plus,2026-09-05 11:28,3+ комнатные,Продажа,False,False,
326296744,sale,3,False,250000000,2450980.39,102.0,72.5,24.5,6,15,,monolithBrick,Хамовники,,free,False,Садовые кварталы,гор. Москва ул. Усачева д. 15А,Спортивная,6,пешком,55.7256,37.570276,,,,,2026-09-03,https://www.cian.ru/sale/flat/326296744/,3plus,2026-09-05 11:28,3+ комнатные,Продажа,False,False,
332398061,sale,4,False,340000000,1658536.59,205.0,143.0,20.0,4,7,,monolithBrick,Хамовники,,free,False,,"Москва, пер. Обыденский 2-й, д. 3, стр. 1, кв. 10",Кропоткинская,7,пешком,55.741546,37.604421,,,,,2026-09-04,https://www.cian.ru/sale/flat/332398061/,3plus,2026-09-05 11:28,3+ комнатные,Продажа,False,False,
333537395,sale,4,False,1002870000,4111808.12,243.9,90.6,54.5,9,10,,monolith,Хамовники,,fz214,True,Клубный квартал «Фрунзенский»,"Москва, Фрунзенская набережная, 30",Парк Культуры,4,транспортом,55.72428479191037,37.58470019519951,,,,,2026-09-05,https://www.cian.ru/sale/flat/333537395/,3plus,2026-09-05 11:28,3+ комнатные,Продажа,False,False,
331293250,sale,3,False,320000000,1904761.9,168.0,84.0,28.0,3,7,2014.0,monolith,Хамовники,,free,False,Литератор,"Москва, Льва Толстого 23к1",Парк Культуры,10,пешком,55.734917,37.58482,,,,,2026-09-04,https://www.cian.ru/sale/flat/331293250/,3plus,2026-09-05 11:28,3+ комнатные,Продажа,False,False,12.0
322925416,sale,4,False,435000000,2636363.64,165.0,135.0,25.0,14,18,,,Хамовники,,dupt,False,КОЛЛЕКЦИЯ ЛУЖНИКИ,"Москва, набережная Лужнецкая, 2/4",Лужники,17,пешком,55.71333692108894,37.570690939236,,,,,2026-09-04,https://www.cian.ru/sale/flat/322925416/,3plus,2026-09-05 11:28,3+ комнатные,Продажа,False,False,
331733881,sale,4,False,535000000,2500000.0,214.0,189.0,20.0,6,6,2021.0,monolith,Хамовники,,free,False,Magnum,"Россия, Москва, Усачёва улица, 9",Спортивная,9,пешком,55.728307,37.572414,,,,,2026-09-04,https://www.cian.ru/sale/flat/331733881/,3plus,2026-09-05 11:28,3+ комнатные,Продажа,False,True,5.0
332467826,sale,3,False,349000000,1424489.8,245.0,85.0,40.0,2,8,2004.0,monolithBrick,Хамовники,,free,False,Новая Остоженка,"Москва, 1-й зачатьевский дом 5",Кропоткинская,10,пешком,55.739022,37.603819,,,,,2026-09-03,https://www.cian.ru/sale/flat/332467826/,3plus,2026-09-05 11:28,3+ комнатные,Продажа,False,False,22.0
321436371,sale,4,False,295000000,2111667.86,139.7,100.0,35.8,4,13,2019.0,monolith,Хамовники,,free,False,Жизнь на Плющихе,"Россия, Москва, Погодинская улица, 2",Фрунзенская,14,пешком,55.735713,37.572351,,,,,2026-08-14,https://www.cian.ru/sale/flat/321436371/,3plus,2026-09-05 11:28,3+ комнатные,Продажа,False,False,7.0
329099435,sale,5,False,65000000,728699.55,89.2,,8.0,1,5,1928.0,brick,Хамовники,,free,False,,"Россия, Москва, Малый Лёвшинский переулок, 12",Смоленская,10,пешком,55.74189,37.589913,,,,,2026-08-12,https://www.cian.ru/sale/flat/329099435/,3plus,2026-09-05 11:28,3+ комнатные,Продажа,True,False,98.0
326240071,sale,4,False,127493100,1040760.0,122.5,,44.9,5,6,2022.0,brick,Хамовники,,free,False,,"Россия, Москва, Усачёва улица, 62",Спортивная,3,пешком,55.724865,37.562874,,,,,2026-09-04,https://www.cian.ru/sale/flat/326240071/,3plus,2026-09-05 11:28,3+ комнатные,Продажа,False,False,4.0
332266968,sale,5,False,100000000,914076.78,109.4,83.5,15.0,2,3,1890.0,brick,Хамовники,,free,False,,"Россия, Москва, улица Остоженка, 42/2",Парк Культуры,3,пешком,55.737512,37.594881,,,,,2026-08-26,https://www.cian.ru/sale/flat/332266968/,3plus,2026-09-05 11:28,3+ комнатные,Продажа,False,False,136.0
331124720,sale,4,False,1100000000,3618421.05,304.0,250.0,20.0,5,8,2004.0,monolithBrick,Хамовники,,free,False,Новая Остоженка,"Москва, ЦАО, р-н Хамовники, Молочный пер., 2",Кропоткинская,10,пешком,55.739352,37.602606,,,,,2026-09-04,https://www.cian.ru/sale/flat/331124720/,3plus,2026-09-05 11:28,3+ комнатные,Продажа,False,False,22.0
329431700,sale,4,False,158000000,998104.86,158.3,,25.0,5,6,2000.0,brick,Хамовники,,free,False,Дом в Зубовском проезде,"Россия, Москва, Зубовский проезд, 1",Парк Культуры,6,пешком,55.736351,37.588503,,,,,2026-08-30,https://www.cian.ru/sale/flat/329431700/,3plus,2026-09-05 11:28,3+ комнатные,Продажа,False,False,26.0
332125497,sale,3,False,534180000,2900000.0,184.2,66.9,56.5,17,17,,monolith,Хамовники,,fz214,True,КОЛЛЕКЦИЯ ЛУЖНИКИ,"Москва, жилой комплекс Коллекция Лужники",Воробьёвы горы,12,пешком,55.71523266481593,37.5705353711112,,,,,2026-08-19,https://www.cian.ru/sale/flat/332125497/,3plus,2026-09-05 11:28,3+ комнатные,Продажа,False,True,
331964702,sale,3,False,225000000,1618705.04,139.0,102.3,31.7,4,6,,brick,Хамовники,,free,False,,гор. Москва ул. 2 Обыденский переулок д. 11,Кропоткинская,5,пешком,55.742078,37.602957,,,,,2026-09-04,https://www.cian.ru/sale/flat/331964702/,3plus,2026-09-05 11:28,3+ комнатные,Продажа,False,False,
327334914,sale,3,False,130000000,738300.77,176.08,102.8,12.7,11,11,2000.0,brick,Хамовники,,free,False,,"Россия, Москва, Саввинская набережная, 7с3",Киевская,13,пешком,55.736944,37.570483,,,,,2026-09-04,https://www.cian.ru/sale/flat/327334914/,3plus,2026-09-05 11:28,3+ комнатные,Продажа,False,True,26.0
313392531,sale,4,False,126197696,1025997.53,123.0,79.8,15.0,4,6,1930.0,brick,Хамовники,,free,False,,"Россия, Москва, Усачёва улица, 62",Спортивная,3,пешком,55.724865,37.562874,,,,,2026-09-04,https://www.cian.ru/sale/flat/313392531/,3plus,2026-09-05 11:28,3+ комнатные,Продажа,False,False,96.0
326287883,sale,6,False,330000000,1314741.04,251.0,,18.0,2,6,1905.0,brick,Хамовники,,free,False,,"Россия, Москва, улица Пречистенка, 28",Парк Культуры,8,пешком,55.741591,37.592743,,,,,2026-06-10,https://www.cian.ru/sale/flat/326287883/,3plus,2026-09-05 11:28,3+ комнатные,Продажа,False,False,121.0
330701485,sale,4,False,452690999,2155671.42,210.0,100.0,20.0,5,6,2006.0,monolith,Хамовники,,free,False,Кристалл Хаус,"Россия, Москва, Коробейников переулок, 1",Парк Культуры,6,пешком,55.737314,37.6009,,,,,2026-09-04,https://www.cian.ru/sale/flat/330701485/,3plus,2026-09-05 11:28,3+ комнатные,Продажа,False,False,20.0
332455830,sale,3,False,192500000,1254071.66,153.5,,20.0,3,13,2019.0,monolithBrick,Хамовники,,free,False,Жизнь на Плющихе,"Россия, Москва, Погодинская улица, 2",Фрунзенская,14,пешком,55.735713,37.572351,,,,,2026-09-04,https://www.cian.ru/sale/flat/332455830/,3plus,2026-09-05 11:28,3+ комнатные,Продажа,False,False,7.0
328261269,sale,3,False,335000000,2005988.02,167.0,130.0,20.0,7,12,,monolith,Хамовники,,free,False,Barrin House,"Москва, Малая Пироговская, 8",Спортивная,11,пешком,55.72961,37.570474,,,,,2026-09-02,https://www.cian.ru/sale/flat/328261269/,3plus,2026-09-05 11:28,3+ комнатные,Продажа,False,False,
333257800,sale,3,False,320000000,1909307.88,167.6,100.0,28.0,3,7,2014.0,brick,Хамовники,,free,False,Литератор,"Москва, улица Льва Толстого, 23к1",Парк Культуры,10,пешком,55.734917,37.58482,,,,,2026-09-03,https://www.cian.ru/sale/flat/333257800/,3plus,2026-09-05 11:28,3+ комнатные,Продажа,False,False,12.0
331079405,sale,4,False,250000000,1282051.28,195.0,90.0,20.0,5,15,,monolithBrick,Хамовники,,free,False,Ривер-Хаус,"Москва, Саввинская набережная, д. 9",Киевская,11,пешком,55.736914,37.569396,,,,,2026-09-04,https://www.cian.ru/sale/flat/331079405/,3plus,2026-09-05 11:28,3+ комнатные,Продажа,False,False,
331229193,sale,4,False,453729149,2160615.0,210.0,187.0,18.0,5,6,,brick,Хамовники,,free,False,Кристалл Хаус,"Москва, переулок Коробейников, 1",Кропоткинская,14,пешком,55.737314,37.6009,,,,,2026-09-04,https://www.cian.ru/sale/flat/331229193/,3plus,2026-09-05 11:28,3+ комнатные,Продажа,False,False,
324759271,sale,4,False,336263000,1866054.38,180.2,75.2,52.0,11,17,,monolith,Хамовники,,fz214,True,КОЛЛЕКЦИЯ ЛУЖНИКИ,"Москва, Лужнецкая набережная",Воробьёвы горы,13,пешком,55.7145301007607,37.570851871778,,,,,2026-09-02,https://www.cian.ru/sale/flat/324759271/,3plus,2026-09-05 11:28,3+ комнатные,Продажа,False,False,
331150491,sale,3,False,199000000,2287356.32,87.0,36.0,15.0,2,13,,monolith,Хамовники,,dupt,False,Клубный квартал «Фрунзенский»,"Москва, Фрунзенская набережная, 30",Фрунзенская,10,пешком,55.7244588775083,37.5843810123283,,,,,2026-09-04,https://www.cian.ru/sale/flat/331150491/,3plus,2026-09-05 11:28,3+ комнатные,Продажа,False,False,
333324260,sale,4,False,120000000,807537.01,148.6,77.7,15.3,5,8,2000.0,monolith,Хамовники,,,False,,"Россия, Москва, улица Плющиха, 22",Киевская,11,пешком,55.743031,37.577705,,,,,2026-08-26,https://www.cian.ru/sale/flat/333324260/,3plus,2026-09-05 11:28,3+ комнатные,Продажа,False,False,26.0
333537431,sale,5,False,1247690000,4053573.75,307.8,123.3,39.7,9,10,,monolith,Хамовники,,fz214,True,Клубный квартал «Фрунзенский»,"Москва, Фрунзенская набережная, 30",Парк Культуры,4,транспортом,55.72428479191037,37.58470019519951,,,,,2026-09-05,https://www.cian.ru/sale/flat/333537431/,3plus,2026-09-05 11:28,3+ комнатные,Продажа,False,False,
331513526,sale,3,False,42000000,600000.0,70.0,48.6,8.0,1,5,,brick,Хамовники,,free,False,,"Москва, Доватора 11 к 2",Спортивная,5,пешком,55.722786,37.568318,,,,,2026-09-04,https://www.cian.ru/sale/flat/331513526/,3plus,2026-09-05 11:28,3+ комнатные,Продажа,True,False,
331181711,sale,6,False,165000000,647058.82,255.0,170.0,30.0,5,5,,brick,Хамовники,,free,False,,"Москва, Нащокинский пер., 8",Кропоткинская,4,пешком,55.745833,37.598672,,,,,2026-09-04,https://www.cian.ru/sale/flat/331181711/,3plus,2026-09-05 11:28,3+ комнатные,Продажа,False,True,
330816134,sale,4,False,355132000,1966400.89,180.6,75.4,52.0,13,17,,monolith,Хамовники,,fz214,True,КОЛЛЕКЦИЯ ЛУЖНИКИ,"Москва, Лужнецкая набережная",Воробьёвы горы,11,пешком,55.7139668271363,37.5699238274583,,,,,2026-09-01,https://www.cian.ru/sale/flat/330816134/,3plus,2026-09-05 11:28,3+ комнатные,Продажа,False,False,
332299532,sale,4,False,595000000,3718750.0,160.0,,54.0,9,11,2022.0,,Хамовники,,,False,Садовые кварталы,"Россия, Москва, Усачёва улица, 15А",Спортивная,6,пешком,55.7256,37.570276,,,,,2026-09-02,https://www.cian.ru/sale/flat/332299532/,3plus,2026-09-05 11:28,3+ комнатные,Продажа,False,False,4.0
333537151,sale,4,False,671840000,2453761.87,273.8,70.3,56.6,1,13,,monolith,Хамовники,,fz214,True,Клубный квартал «Фрунзенский»,"Москва, Фрунзенская набережная, 30",Парк Культуры,4,транспортом,55.724679888165184,37.58496036947504,,,,,2026-09-05,https://www.cian.ru/sale/flat/333537151/,3plus,2026-09-05 11:28,3+ комнатные,Продажа,True,False,
332917757,sale,3,False,230000000,1586206.9,145.0,,20.0,5,7,2008.0,monolithBrick,Хамовники,,free,False,Фьюжн парк,"Россия, Москва, Усачёва улица, 2с3",Фрунзенская,12,пешком,55.730426,37.574067,,,,,2026-09-04,https://www.cian.ru/sale/flat/332917757/,3plus,2026-09-05 11:28,3+ комнатные,Продажа,False,False,18.0
332990479,sale,4,False,175000000,1109701.97,157.7,,18.0,5,20,2002.0,monolithBrick,Хамовники,,free,False,,"Россия, Москва, Комсомольский проспект, 32",Фрунзенская,5,пешком,55.7249,37.57687,,,,,2026-08-27,https://www.cian.ru/sale/flat/332990479/,3plus,2026-09-05 11:28,3+ комнатные,Продажа,False,False,24.0
332125495,sale,4,False,440880000,2400000.0,183.7,56.5,66.2,17,17,,monolith,Хамовники,,fz214,True,КОЛЛЕКЦИЯ ЛУЖНИКИ,"Москва, жилой комплекс Коллекция Лужники",Воробьёвы горы,12,пешком,55.71523266481593,37.5705353711112,,,,,2026-08-19,https://www.cian.ru/sale/flat/332125495/,3plus,2026-09-05 11:28,3+ комнатные,Продажа,False,True,
319459986,sale,4,False,270000000,1607142.86,168.0,105.0,14.5,6,12,,monolith,Хамовники,,free,False,Андреевский,"Москва, улица 2-я Фрунзенская 8",Фрунзенская,9,пешком,55.723699,37.583697,,,,,2026-09-03,https://www.cian.ru/sale/flat/319459986/,3plus,2026-09-05 11:28,3+ комнатные,Продажа,False,False,
305726543,sale,3,False,95000000,892857.14,106.4,,10.0,5,6,2013.0,monolith,Хамовники,,free,False,Николаевский дом,"Москва, Комсомольский проспект, д. 9А",Парк Культуры,7,пешком,55.730943,37.591189,,,,,2026-09-04,https://www.cian.ru/sale/flat/305726543/,3plus,2026-09-05 11:28,3+ комнатные,Продажа,False,False,13.0
333537160,sale,3,False,445280000,2374826.67,187.5,53.6,55.2,5,13,,monolith,Хамовники,,fz214,True,Клубный квартал «Фрунзенский»,"Москва, Фрунзенская набережная, 30",Парк Культуры,4,транспортом,55.724679888165184,37.58496036947504,,,,,2026-09-05,https://www.cian.ru/sale/flat/333537160/,3plus,2026-09-05 11:28,3+ комнатные,Продажа,False,False,
332942906,sale,4,False,380000000,1203674.37,315.7,,20.0,3,7,2004.0,monolith,Хамовники,,free,False,,"Москва, Пожарский переулок, д. 5А",Парк Культуры,11,пешком,55.74038,37.603765,,,,,2026-09-04,https://www.cian.ru/sale/flat/332942906/,3plus,2026-09-05 11:28,3+ комнатные,Продажа,False,False,22.0
296106329,sale,4,False,782096737,2856452.66,273.8,245.6,21.0,7,7,2003.0,monolith,Хамовники,,free,False,Дворянское гнездо,"Москва, Левшинский Б. переулок, д. 11",Парк Культуры,11,пешком,55.742164,37.58835,,,,,2026-09-04,https://www.cian.ru/sale/flat/296106329/,3plus,2026-09-05 11:28,3+ комнатные,Продажа,False,True,23.0
332125502,sale,3,False,599720000,2900000.0,206.8,57.4,75.4,18,18,,monolith,Хамовники,,fz214,True,КОЛЛЕКЦИЯ ЛУЖНИКИ,"Москва, Лужнецкая набережная",Воробьёвы горы,14,пешком,55.7147723668241,37.5721607897779,,,,,2026-08-19,https://www.cian.ru/sale/flat/332125502/,3plus,2026-09-05 11:28,3+ комнатные,Продажа,False,True,
329977726,sale,4,False,300000000,1346499.1,222.8,,18.0,3,6,2008.0,monolithBrick,Хамовники,,free,False,Фьюжн парк,"Россия, Москва, Усачёва улица, 2с3",Фрунзенская,12,пешком,55.730426,37.574067,,,,,2026-09-04,https://www.cian.ru/sale/flat/329977726/,3plus,2026-09-05 11:28,3+ комнатные,Продажа,False,False,18.0
333528381,sale,5,False,260000000,1262135.92,206.0,120.0,30.0,5,9,2006.0,monolith,Хамовники,,free,False,,"Россия, Москва, 7-й Ростовский переулок, 15",Киевская,7,пешком,55.741115,37.573151,,,,,2026-09-02,https://www.cian.ru/sale/flat/333528381/,3plus,2026-09-05 11:28,3+ комнатные,Продажа,False,False,20.0
333537423,sale,5,False,630960000,2632290.36,239.7,117.9,53.3,1,10,,monolith,Хамовники,,fz214,True,Клубный квартал «Фрунзенский»,"Москва, Фрунзенская набережная, 30",Парк Культуры,4,транспортом,55.72428479191037,37.58470019519951,,,,,2026-09-05,https://www.cian.ru/sale/flat/333537423/,3plus,2026-09-05 11:28,3+ комнатные,Продажа,True,False,
332800449,sale,3,False,320000000,1818181.82,176.0,,28.0,3,8,2014.0,brick,Хамовники,,free,False,Литератор,"Россия, Москва, улица Льва Толстого, 23к1",Парк Культуры,10,пешком,55.734917,37.58482,,,,,2026-09-04,https://www.cian.ru/sale/flat/332800449/,3plus,2026-09-05 11:28,3+ комнатные,Продажа,False,False,12.0
321511668,sale,4,False,700000000,2745098.04,255.0,,28.0,2,5,2012.0,monolith,Хамовники,,free,False,Дом на Бурденко,"Россия, Москва, улица Бурденко, 3",Парк Культуры,11,пешком,55.738449,37.581236,,,,,2026-09-04,https://www.cian.ru/sale/flat/321511668/,3plus,2026-09-05 11:28,3+ комнатные,Продажа,False,False,14.0
323773674,sale,4,False,739468550,1978246.52,373.8,,15.0,6,6,2008.0,monolith,Хамовники,,free,False,Особняк в Хилковом переулке,"Москва, Хилков переулок, д. 5",Кропоткинская,11,пешком,55.738368,37.597001,,,,,2026-09-04,https://www.cian.ru/sale/flat/323773674/,3plus,2026-09-05 11:28,3+ комнатные,Продажа,False,True,18.0
328962606,sale,5,False,817765220,1872173.12,436.8,,15.0,1,6,2002.0,,Хамовники,,,False,,"Россия, Москва, 1-й Обыденский переулок, 12с1",Кропоткинская,3,пешком,55.743254,37.60293,,,,,2026-08-12,https://www.cian.ru/sale/flat/328962606/,3plus,2026-09-05 11:28,3+ комнатные,Продажа,True,False,24.0
330856124,sale,4,False,490000000,1531250.0,320.0,175.0,30.0,2,7,,brick,Хамовники,,free,False,Парк Палас,Россия г Москва  г Москва р-н Хамовники  Хилков пер 1,Парк Культуры,6,пешком,55.736681,37.599319,,,,,2026-09-04,https://www.cian.ru/sale/flat/330856124/,3plus,2026-09-05 11:28,3+ комнатные,Продажа,False,False,
333537270,sale,4,False,891010000,2506357.24,355.5,74.6,102.6,1,13,,monolith,Хамовники,,fz214,True,Клубный квартал «Фрунзенский»,"Москва, Фрунзенская набережная, 30",Парк Культуры,4,транспортом,55.724679888165184,37.58496036947504,,,,,2026-09-05,https://www.cian.ru/sale/flat/333537270/,3plus,2026-09-05 11:28,3+ комнатные,Продажа,True,False,
325712356,sale,4,False,790000000,2821428.57,280.0,112.2,24.7,4,8,2009.0,brick,Хамовники,,free,False,Парк Палас,"Россия, Москва, Хилков переулок, 1",Парк Культуры,6,пешком,55.736681,37.599319,,,,,2026-09-01,https://www.cian.ru/sale/flat/325712356/,3plus,2026-09-05 11:28,3+ комнатные,Продажа,False,False,17.0
331108426,sale,4,False,370000000,2231604.34,165.8,110.0,14.0,3,6,2003.0,monolithBrick,Хамовники,,free,False,Бутиковский 5,"Россия, Москва, Бутиковский переулок, 5",Кропоткинская,11,пешком,55.738622,37.602813,,,,,2026-08-12,https://www.cian.ru/sale/flat/331108426/,3plus,2026-09-05 11:28,3+ комнатные,Продажа,False,False,23.0
330721082,sale,5,False,1000000000,3108486.17,321.7,,,14,14,2014.0,monolithBrick,Хамовники,,free,False,Садовые кварталы,"Россия, Москва, улица Ефремова, 10к1",Фрунзенская,8,пешком,55.725154,37.574507,,,,,2026-09-04,https://www.cian.ru/sale/flat/330721082/,3plus,2026-09-05 11:28,3+ комнатные,Продажа,False,True,12.0
333279722,sale,4,False,190000000,791666.67,240.0,100.0,35.0,15,16,,,Хамовники,,free,False,Смоленская Застава,"Ружейный переулок, 3",Смоленская,10,пешком,55.742955,37.580517,,,,,2026-09-04,https://www.cian.ru/sale/flat/333279722/,3plus,2026-09-05 11:28,3+ комнатные,Продажа,False,False,
324559154,sale,5,False,614246250,2375000.0,258.63,,54.0,14,14,,monolithBrick,Хамовники,,free,False,Садовые кварталы,"Москва, Усачева улица, 15А, квартал 2(2.9)",Фрунзенская,11,пешком,55.7256,37.570276,,,,,2026-09-04,https://www.cian.ru/sale/flat/324559154/,3plus,2026-09-05 11:28,3+ комнатные,Продажа,False,True,
329467639,sale,3,False,355000000,1802030.46,197.0,,42.4,5,6,2006.0,monolith,Хамовники,,free,False,Кристалл Хаус,"Россия, Москва, Коробейников переулок, 1",Парк Культуры,6,пешком,55.737314,37.6009,,,,,2026-09-01,https://www.cian.ru/sale/flat/329467639/,3plus,2026-09-05 11:28,3+ комнатные,Продажа,False,False,20.0
333537232,sale,3,False,850260000,4886551.72,174.0,56.4,40.7,12,12,,monolith,Хамовники,,fz214,True,Клубный квартал «Фрунзенский»,"Москва, Фрунзенская набережная, 30",Парк Культуры,4,транспортом,55.724679888165184,37.58496036947504,,,,,2026-09-05,https://www.cian.ru/sale/flat/333537232/,3plus,2026-09-05 11:28,3+ комнатные,Продажа,False,True,
333478948,sale,3,False,115000000,1395631.07,82.4,,30.9,8,18,,monolith,Хамовники,,dupt,False,КОЛЛЕКЦИЯ ЛУЖНИКИ,"Москва, Коллекция Лужники ЖК",Воробьёвы горы,14,пешком,55.7143864764713,37.5721614788484,,,,,2026-09-04,https://www.cian.ru/sale/flat/333478948/,3plus,2026-09-05 11:28,3+ комнатные,Продажа,False,False,
333537064,sale,5,False,637500000,2649625.94,240.6,123.3,48.0,1,10,,monolith,Хамовники,,fz214,True,Клубный квартал «Фрунзенский»,"Москва, Фрунзенская набережная, 30",Парк Культуры,4,транспортом,55.7244588775083,37.5843810123283,,,,,2026-09-05,https://www.cian.ru/sale/flat/333537064/,3plus,2026-09-05 11:28,3+ комнатные,Продажа,True,False,
323003289,sale,4,False,235000000,1620689.66,145.0,,,2,14,,monolithBrick,Хамовники,,free,False,Садовые кварталы,"Москва, Усачева улица, 15А, квартал 2(2.9)",Фрунзенская,11,пешком,55.7256,37.570276,,,,,2026-09-04,https://www.cian.ru/sale/flat/323003289/,3plus,2026-09-05 11:28,3+ комнатные,Продажа,False,False,
332182999,sale,3,False,240000000,1737871.11,138.1,,20.0,3,15,2015.0,monolith,Хамовники,,free,False,Barrin House,"Россия, Москва, Малая Пироговская улица, 8",Спортивная,11,пешком,55.72961,37.570474,,,,,2026-09-04,https://www.cian.ru/sale/flat/332182999/,3plus,2026-09-05 11:28,3+ комнатные,Продажа,False,False,11.0
333538820,sale,3,False,195000000,1919102.45,101.61,47.8,21.8,8,8,,monolithBrick,Хамовники,,free,False,Садовые кварталы,"Москва, Усачева улица, 15А, квартал 2(2.6c1-2)",Фрунзенская,11,пешком,55.7256,37.570276,,,,,2026-09-04,https://www.cian.ru/sale/flat/333538820/,3plus,2026-09-05 11:28,3+ комнатные,Продажа,False,True,
319659663,sale,5,False,340000000,1342812.01,253.2,127.6,20.0,6,6,2003.0,monolith,Хамовники,,free,False,,"Россия, Москва, улица Остоженка, 27к1",Парк Культуры,6,пешком,55.739058,37.596498,,,,,2026-08-30,https://www.cian.ru/sale/flat/319659663/,3plus,2026-09-05 11:28,3+ комнатные,Продажа,False,True,23.0
321895784,sale,3,False,250000000,2450980.39,102.0,,20.6,6,14,,monolithBrick,Хамовники,,free,False,Садовые кварталы,"Москва, Усачева улица, 15А, квартал 2(2.10)",Фрунзенская,11,пешком,55.7256,37.570276,,,,,2026-09-04,https://www.cian.ru/sale/flat/321895784/,3plus,2026-09-05 11:28,3+ комнатные,Продажа,False,False,
325024309,sale,5,False,225000000,889328.06,253.0,146.0,27.2,3,14,1999.0,brick,Хамовники,,free,False,,"Москва, Несвижский пер., 12К1",Фрунзенская,5,пешком,55.729853,37.581972,,,,,2026-09-04,https://www.cian.ru/sale/flat/325024309/,3plus,2026-09-05 11:28,3+ комнатные,Продажа,False,False,27.0
333537297,sale,3,False,395600000,2499052.43,158.3,52.3,43.4,2,10,,monolith,Хамовники,,fz214,True,Клубный квартал «Фрунзенский»,"Москва, Фрунзенская набережная, 30",Парк Культуры,4,транспортом,55.72428479191037,37.58470019519951,,,,,2026-09-05,https://www.cian.ru/sale/flat/333537297/,3plus,2026-09-05 11:28,3+ комнатные,Продажа,False,False,
331524050,sale,4,False,245000000,1947535.77,125.8,,10.0,3,9,,,Хамовники,,free,False,SAVVIN RIVER RESIDENCE,"Москва, Саввинская набережная, 13",Киевская,12,пешком,55.73554,37.567267,,,,,2026-09-05,https://www.cian.ru/sale/flat/331524050/,3plus,2026-09-05 11:28,3+ комнатные,Продажа,False,False,
332613309,sale,3,False,115000000,1142005.96,100.7,63.4,12.0,3,4,1912.0,brick,Хамовники,,free,False,,"Россия, Москва, Олсуфьевский переулок, 6с1",Фрунзенская,9,пешком,55.732818,37.580517,,,,,2026-08-28,https://www.cian.ru/sale/flat/332613309/,3plus,2026-09-05 11:28,3+ комнатные,Продажа,False,False,114.0
333537049,sale,3,False,467200000,3016139.44,154.9,54.4,42.5,2,10,,monolith,Хамовники,,fz214,True,Клубный квартал «Фрунзенский»,"Москва, Фрунзенская набережная, 30",Парк Культуры,4,транспортом,55.7244588775083,37.5843810123283,,,,,2026-09-05,https://www.cian.ru/sale/flat/333537049/,3plus,2026-09-05 11:28,3+ комнатные,Продажа,False,False,
329912583,sale,3,False,42000000,561497.33,74.8,55.2,8.9,1,5,1928.0,brick,Хамовники,,,False,,"Россия, Москва, улица Доватора, 14",Спортивная,2,пешком,55.722233,37.564769,,,,,2026-08-10,https://www.cian.ru/sale/flat/329912583/,3plus,2026-09-05 11:28,3+ комнатные,Продажа,True,False,98.0
333537201,sale,3,False,319950000,2559600.0,125.0,42.5,35.3,4,12,,monolith,Хамовники,,fz214,True,Клубный квартал «Фрунзенский»,"Москва, Фрунзенская набережная, 30",Парк Культуры,4,транспортом,55.724679888165184,37.58496036947504,,,,,2026-09-05,https://www.cian.ru/sale/flat/333537201/,3plus,2026-09-05 11:28,3+ комнатные,Продажа,False,False,
309297151,sale,5,False,379000000,1503371.68,252.1,,16.0,3,7,2003.0,monolith,Хамовники,,free,False,Дворянское гнездо,"Москва, Большой Левшинский переулок, 11",Смоленская,9,пешком,55.742164,37.58835,,,,,2026-09-04,https://www.cian.ru/sale/flat/309297151/,3plus,2026-09-05 11:28,3+ комнатные,Продажа,False,False,23.0
331464094,sale,3,False,400000000,2389486.26,167.4,115.0,22.0,5,8,2015.0,monolith,Хамовники,,free,False,Knightsbridge Private Park,"Россия, Москва, улица Ефремова, 19к3",Спортивная,5,пешком,55.721255,37.570025,,,,,2026-08-27,https://www.cian.ru/sale/flat/331464094/,3plus,2026-09-05 11:28,3+ комнатные,Продажа,False,False,11.0
333537136,sale,3,False,495260000,3312775.92,149.5,48.4,31.7,8,12,,monolith,Хамовники,,fz214,True,Клубный квартал «Фрунзенский»,"Москва, Фрунзенская набережная, 30",Парк Культуры,4,транспортом,55.724679888165184,37.58496036947504,,,,,2026-09-05,https://www.cian.ru/sale/flat/333537136/,3plus,2026-09-05 11:28,3+ комнатные,Продажа,False,False,
328968399,sale,6,False,993000000,2900116.82,342.4,218.6,22.7,12,12,,monolithBrick,Хамовники,,free,False,Садовые кварталы,"Москва, Усачева улица, 11И, квартал 3(3.8)",Фрунзенская,14,пешком,55.727445,37.570617,,,,,2026-09-04,https://www.cian.ru/sale/flat/328968399/,3plus,2026-09-05 11:28,3+ комнатные,Продажа,False,True,
331745114,sale,4,False,156000000,1200000.0,130.0,70.0,10.0,3,8,2008.0,panel,Хамовники,,free,False,Лужники Хаус,"Россия, Москва, улица Хамовнический Вал, 36",Спортивная,2,пешком,55.722588,37.558391,,,,,2026-08-24,https://www.cian.ru/sale/flat/331745114/,3plus,2026-09-05 11:28,3+ комнатные,Продажа,False,False,18.0
333537167,sale,3,False,430090000,2576932.29,166.9,51.9,35.8,6,13,,monolith,Хамовники,,fz214,True,Клубный квартал «Фрунзенский»,"Москва, Фрунзенская набережная, 30",Парк Культуры,4,транспортом,55.724679888165184,37.58496036947504,,,,,2026-09-05,https://www.cian.ru/sale/flat/333537167/,3plus,2026-09-05 11:28,3+ комнатные,Продажа,False,False,
328741815,sale,3,False,36000000,590163.93,61.0,45.0,7.0,1,5,1934.0,brick,Хамовники,,free,False,,"Россия, Москва, 1-й Неопалимовский переулок, 11/22",Парк Культуры,12,пешком,55.740198,37.581658,,,,,2026-08-25,https://www.cian.ru/sale/flat/328741815/,3plus,2026-09-05 11:28,3+ комнатные,Продажа,True,False,92.0
328607880,sale,3,False,149000000,1079710.14,138.0,,17.0,3,8,1911.0,brick,Хамовники,,free,False,,"Россия, Москва, улица Знаменка, 13с1",Боровицкая,4,пешком,55.74979,37.605706,,,,,2026-07-21,https://www.cian.ru/sale/flat/328607880/,3plus,2026-09-05 11:28,3+ комнатные,Продажа,False,False,115.0
333537116,sale,3,False,395690000,2652077.75,149.2,52.3,36.2,6,12,,monolith,Хамовники,,fz214,True,Клубный квартал «Фрунзенский»,"Москва, Фрунзенская набережная, 30",Парк Культуры,4,транспортом,55.724679888165184,37.58496036947504,,,,,2026-09-05,https://www.cian.ru/sale/flat/333537116/,3plus,2026-09-05 11:28,3+ комнатные,Продажа,False,False,
330885626,sale,5,False,500000000,2202643.17,227.0,112.1,40.0,6,12,,monolithBrick,Хамовники,,free,False,Садовые кварталы,"Москва, Усачева улица, 13, квартал 2(2.3)",Фрунзенская,10,пешком,55.726157,37.57201,,,,,2026-09-04,https://www.cian.ru/sale/flat/330885626/,3plus,2026-09-05 11:28,3+ комнатные,Продажа,False,False,
324891354,sale,3,False,335000000,2447041.64,136.9,73.0,20.3,5,12,,monolithBrick,Хамовники,,free,False,Садовые кварталы,"Москва, Усачева улица, 13, квартал 2(2.4)",Фрунзенская,10,пешком,55.726157,37.57201,,,,,2026-09-04,https://www.cian.ru/sale/flat/324891354/,3plus,2026-09-05 11:28,3+ комнатные,Продажа,False,False,
327103315,sale,3,False,283825428,1957416.74,145.0,,11.0,8,8,1998.0,brick,Хамовники,,free,False,,"Россия, Москва, улица Остоженка, 25",Парк Культуры,6,пешком,55.739706,37.597549,,,,,2026-08-27,https://www.cian.ru/sale/flat/327103315/,3plus,2026-09-05 11:28,3+ комнатные,Продажа,False,True,28.0
333537536,sale,4,False,1120170000,4385943.62,255.4,69.9,71.8,9,10,,monolith,Хамовники,,fz214,True,Клубный квартал «Фрунзенский»,"Москва, Фрунзенская набережная, 30",Парк Культуры,4,транспортом,55.72437864670762,37.58455535591348,,,,,2026-09-05,https://www.cian.ru/sale/flat/333537536/,3plus,2026-09-05 11:28,3+ комнатные,Продажа,False,False,
323944075,sale,3,False,206000000,1958174.9,105.2,65.0,9.0,5,14,,monolithBrick,Хамовники,,free,False,Садовые кварталы,"Москва, Усачева улица, 15А, квартал 2(2.10)",Фрунзенская,11,пешком,55.7256,37.570276,,,,,2026-09-04,https://www.cian.ru/sale/flat/323944075/,3plus,2026-09-05 11:28,3+ комнатные,Продажа,False,False,
328402232,sale,5,False,450000000,1750972.76,257.0,100.6,14.5,5,5,2013.0,monolith,Хамовники,,free,False,Академия,"Москва, Нащокинский переулок, 7",Кропоткинская,6,пешком,55.747201,37.597756,,,,,2026-09-04,https://www.cian.ru/sale/flat/328402232/,3plus,2026-09-05 11:28,3+ комнатные,Продажа,False,True,13.0
333537210,sale,5,False,1850770000,5623731.39,329.1,91.9,78.4,12,12,,monolith,Хамовники,,fz214,True,Клубный квартал «Фрунзенский»,"Москва, Фрунзенская набережная, 30",Парк Культуры,4,транспортом,55.724679888165184,37.58496036947504,,,,,2026-09-05,https://www.cian.ru/sale/flat/333537210/,3plus,2026-09-05 11:28,3+ комнатные,Продажа,False,True,
332802153,sale,3,False,74400000,1062857.14,70.0,,30.0,7,8,1932.0,brick,Хамовники,,free,False,,"Россия, Москва, переулок Сивцев Вражек, 15/25",Смоленская,10,пешком,55.747363,37.594486,,,,,2026-09-04,https://www.cian.ru/sale/flat/332802153/,3plus,2026-09-05 11:28,3+ комнатные,Продажа,False,False,94.0
333085086,sale,3,False,377700000,3000000.0,125.9,,,3,12,,,Хамовники,,fz214,True,ДОМ XXII,"Москва, Новодевичий проезд, 6с2",Спортивная,12,пешком,55.7297699330094,37.5591669814725,,,,,2026-08-19,https://www.cian.ru/sale/flat/333085086/,3plus,2026-09-05 11:28,3+ комнатные,Продажа,False,False,
332688979,sale,4,False,210000000,1615384.62,130.0,77.0,20.0,2,5,1997.0,brick,Хамовники,,free,False,,"Россия, Москва, Гагаринский переулок, 7к1",Кропоткинская,3,пешком,55.744612,37.598034,,,,,2026-09-04,https://www.cian.ru/sale/flat/332688979/,3plus,2026-09-05 11:28,3+ комнатные,Продажа,False,False,29.0
333570295,sale,4,False,650000000,2909579.23,223.4,170.0,20.0,5,7,2016.0,monolith,Хамовники,,free,False,Knightsbridge Private Park,"Москва, Москва, улица Ефремова, 19к3",Спортивная,5,пешком,55.721255,37.570025,,,,,2026-09-04,https://www.cian.ru/sale/flat/333570295/,3plus,2026-09-05 11:28,3+ комнатные,Продажа,False,False,10.0
333085082,sale,4,False,417820000,2600000.0,160.7,,,3,12,,,Хамовники,,fz214,True,ДОМ XXII,"Москва, Новодевичий проезд, 6с2",Спортивная,12,пешком,55.7297699330094,37.5591669814725,,,,,2026-08-19,https://www.cian.ru/sale/flat/333085082/,3plus,2026-09-05 11:28,3+ комнатные,Продажа,False,False,
329668894,sale,4,False,305000000,1993464.05,153.0,,15.0,5,13,2019.0,monolith,Хамовники,,free,False,Жизнь на Плющихе,"Россия, Москва, Погодинская улица, д. 2",Фрунзенская,14,пешком,55.735713,37.572351,,,,,2026-09-04,https://www.cian.ru/sale/flat/329668894/,3plus,2026-09-05 11:28,3+ комнатные,Продажа,False,False,7.0
332299233,sale,3,False,240000000,2033898.31,118.0,,9.0,5,9,2021.0,monolithBrick,Хамовники,,free,False,Пироговская 14,"Россия, Москва, Малая Пироговская улица, 12",Спортивная,10,пешком,55.728378,37.567509,,,,,2026-09-04,https://www.cian.ru/sale/flat/332299233/,3plus,2026-09-05 11:28,3+ комнатные,Продажа,False,False,5.0
333206875,sale,4,False,220000000,1078431.37,204.0,118.0,16.0,7,7,1939.0,brick,Хамовники,,free,False,,"Россия, Москва, Фрунзенская набережная, 54",Лужники,15,пешком,55.71628,37.578109,,,,,2026-08-25,https://www.cian.ru/sale/flat/333206875/,3plus,2026-09-05 11:28,3+ комнатные,Продажа,False,True,87.0
332348916,sale,3,False,290000000,2443133.95,118.7,,20.0,5,15,2014.0,brick,Хамовники,,free,False,Садовые кварталы,"Россия, Москва, Трубецкая улица, 12",Фрунзенская,6,пешком,55.726568,37.575378,,,,,2026-08-26,https://www.cian.ru/sale/flat/332348916/,3plus,2026-09-05 11:28,3+ комнатные,Продажа,False,False,12.0
322312205,sale,4,False,750000000,3138075.31,239.0,144.0,21.0,5,7,2011.0,monolithBrick,Хамовники,,free,False,,"Россия, Москва, 1-й Зачатьевский переулок, 8с1",Кропоткинская,8,пешком,55.740588,37.601295,,,,,2026-07-24,https://www.cian.ru/sale/flat/322312205/,3plus,2026-09-05 11:28,3+ комнатные,Продажа,False,False,15.0
332159618,sale,4,False,460000000,3006535.95,153.0,80.0,20.0,3,13,2019.0,monolithBrick,Хамовники,,free,False,Жизнь на Плющихе,"Россия, Москва, Погодинская улица, 2",Фрунзенская,14,пешком,55.735713,37.572351,,,,,2026-09-04,https://www.cian.ru/sale/flat/332159618/,3plus,2026-09-05 11:28,3+ комнатные,Продажа,False,False,7.0
332816905,sale,3,False,62000000,657476.14,94.3,,11.0,2,5,1928.0,brick,Хамовники,,alternative,False,,"Россия, Москва, улица Доватора, 14",Спортивная,2,пешком,55.722233,37.564769,,,,,2026-08-28,https://www.cian.ru/sale/flat/332816905/,3plus,2026-09-05 11:28,3+ комнатные,Продажа,False,False,98.0
332368701,sale,3,False,225000000,1875000.0,120.0,,12.0,13,14,2022.0,monolith,Хамовники,,free,False,Садовые кварталы,"Россия, Москва, Усачёва улица, 15",Спортивная,8,пешком,55.726836,37.570357,,,,,2026-09-04,https://www.cian.ru/sale/flat/332368701/,3plus,2026-09-05 11:28,3+ комнатные,Продажа,False,False,4.0
315453056,sale,3,False,478479650,2364029.89,202.4,,10.0,2,8,2009.0,monolith,Хамовники,,free,False,Парк Палас,"Россия, Москва, Хилков переулок, 1",Парк Культуры,6,пешком,55.736681,37.599319,,,,,2026-08-27,https://www.cian.ru/sale/flat/315453056/,3plus,2026-09-05 11:28,3+ комнатные,Продажа,False,False,17.0
327744171,sale,5,False,275000000,907590.76,303.0,242.0,,3,5,,monolith,Хамовники,,free,False,,"Москва, улица Остоженка, 7с1",Кропоткинская,3,пешком,55.742767,37.600792,,,,,2026-09-04,https://www.cian.ru/sale/flat/327744171/,3plus,2026-09-05 11:28,3+ комнатные,Продажа,False,False,
327707408,sale,4,False,125000000,844024.31,148.1,96.4,15.9,6,9,1912.0,brick,Хамовники,,free,False,,"Россия, Москва, улица Знаменка, 13с1",Арбатская,6,пешком,55.74979,37.605706,,,,,2026-08-27,https://www.cian.ru/sale/flat/327707408/,3plus,2026-09-05 11:28,3+ комнатные,Продажа,False,False,114.0
322350021,sale,5,False,590000000,2599118.94,227.0,158.0,20.0,6,12,2016.0,monolith,Хамовники,,free,False,Садовые кварталы,"Россия, Москва, Усачёва улица, д. 13",Фрунзенская,12,пешком,55.726157,37.57201,,,,,2026-09-04,https://www.cian.ru/sale/flat/322350021/,3plus,2026-09-05 11:28,3+ комнатные,Продажа,False,False,10.0
327991060,sale,3,False,235250000,1799923.49,130.7,,6.0,3,8,,,Хамовники,,,False,Roza Rossa,"Россия, Москва, Зубовская улица, 7",Парк Культуры,10,пешком,55.736934,37.583365,,,,,2026-08-19,https://www.cian.ru/sale/flat/327991060/,3plus,2026-09-05 11:28,3+ комнатные,Продажа,False,False,
331184049,sale,5,False,500000000,2500000.0,200.0,155.0,15.0,4,7,2008.0,monolithBrick,Хамовники,,free,False,Фьюжн парк,"Россия, Москва, Усачёва улица, 2с3",Фрунзенская,12,пешком,55.730426,37.574067,,,,,2026-09-02,https://www.cian.ru/sale/flat/331184049/,3plus,2026-09-05 11:28,3+ комнатные,Продажа,False,False,18.0
332200767,sale,4,False,230000000,1189245.09,193.4,132.0,20.0,4,5,1997.0,brick,Хамовники,,free,False,,"Россия, Москва, Гагаринский переулок, 7к1",Кропоткинская,3,пешком,55.744612,37.598034,,,,,2026-08-26,https://www.cian.ru/sale/flat/332200767/,3plus,2026-09-05 11:28,3+ комнатные,Продажа,False,False,29.0
331287066,sale,6,False,739468550,2127967.05,347.5,,12.0,6,6,2008.0,monolith,Хамовники,,free,False,Особняк в Хилковом переулке,"Россия, Москва, Хилков переулок, 5",Парк Культуры,5,пешком,55.738368,37.597001,,,,,2026-09-04,https://www.cian.ru/sale/flat/331287066/,3plus,2026-09-05 11:28,3+ комнатные,Продажа,False,True,18.0
332369359,sale,5,False,480000000,2000000.0,240.0,,12.0,6,6,2022.0,,Хамовники,,free,False,Садовые кварталы,"Россия, Москва, Усачёва улица, 15А",Спортивная,6,пешком,55.7256,37.570276,,,,,2026-09-04,https://www.cian.ru/sale/flat/332369359/,3plus,2026-09-05 11:28,3+ комнатные,Продажа,False,True,4.0
329290318,sale,3,False,170000000,1317829.46,129.0,,10.0,4,5,1939.0,brick,Хамовники,,free,False,,"Россия, Москва, Малый Лёвшинский переулок, 14/9с1",Смоленская,10,пешком,55.742514,37.589536,,,,,2026-08-23,https://www.cian.ru/sale/flat/329290318/,3plus,2026-09-05 11:28,3+ комнатные,Продажа,False,False,87.0
309680694,sale,3,False,350000000,2592592.59,135.0,,20.0,5,12,2016.0,monolith,Хамовники,,free,False,Садовые кварталы,"Россия, Москва, Усачёва улица, д. 13",Фрунзенская,12,пешком,55.726157,37.57201,,,,,2026-09-04,https://www.cian.ru/sale/flat/309680694/,3plus,2026-09-05 11:28,3+ комнатные,Продажа,False,False,10.0
331493950,sale,3,False,6500000,82382.76,78.9,53.0,9.1,7,8,,brick,Хамовники,,free,False,,"Россия, Москва, улица Хамовнический Вал, 32",Спортивная,3,пешком,55.72127,37.564778,,,,,2026-09-03,https://www.cian.ru/sale/flat/331493950/,3plus,2026-09-05 11:28,3+ комнатные,Продажа,False,False,
332299819,sale,3,False,370000000,2661870.5,139.0,,9.0,6,9,2021.0,monolithBrick,Хамовники,,free,False,Пироговская 14,"Россия, Москва, Малая Пироговская улица, 12",Спортивная,10,пешком,55.728378,37.567509,,,,,2026-08-23,https://www.cian.ru/sale/flat/332299819/,3plus,2026-09-05 11:28,3+ комнатные,Продажа,False,False,5.0
331374655,sale,3,False,155000000,1240000.0,125.0,66.0,21.0,2,5,1905.0,brick,Хамовники,,free,False,,"Россия, Москва, улица Пречистенка, 33/19с1",Кропоткинская,13,пешком,55.73963,37.589868,,,,,2026-09-01,https://www.cian.ru/sale/flat/331374655/,3plus,2026-09-05 11:28,3+ комнатные,Продажа,False,False,121.0
330531950,sale,5,False,164990000,647019.61,255.0,206.0,20.0,5,5,1910.0,monolithBrick,Хамовники,,free,False,,"Москва, Нащокинский пер., 8",Кропоткинская,4,пешком,55.745833,37.598672,,,,,2026-09-04,https://www.cian.ru/sale/flat/330531950/,3plus,2026-09-05 11:28,3+ комнатные,Продажа,False,True,116.0
326318968,sale,5,False,913461150,3383189.44,270.0,,,5,7,2010.0,monolithBrick,Хамовники,,free,False,Еропкинский 16,"Москва, Еропкинский переулок, 16",Парк Культуры,7,пешком,55.740451,37.592716,,,,,2026-09-03,https://www.cian.ru/sale/flat/326318968/,3plus,2026-09-05 11:28,3+ комнатные,Продажа,False,False,16.0
332175684,sale,4,False,298000000,1655555.56,180.0,120.0,20.0,4,6,,,Хамовники,,free,False,Новая Остоженка,"Москва, переулок 1-й Зачатьевский, д.5",Кропоткинская,11,пешком,55.739022,37.603819,,,,,2026-09-04,https://www.cian.ru/sale/flat/332175684/,3plus,2026-09-05 11:28,3+ комнатные,Продажа,False,False,
330989343,sale,4,False,380000000,1849148.42,205.5,,20.0,3,6,2021.0,monolith,Хамовники,,free,False,Magnum,"Россия, Москва, Усачёва улица, 9",Фрунзенская,13,пешком,55.728307,37.572414,,,,,2026-08-25,https://www.cian.ru/sale/flat/330989343/,3plus,2026-09-05 11:28,3+ комнатные,Продажа,False,False,5.0
332700293,sale,6,False,530000000,2236286.92,237.0,126.0,20.0,1,6,2014.0,monolithBrick,Хамовники,,free,False,Литератор,"Россия, Москва, улица Льва Толстого, 23к1",Парк Культуры,10,пешком,55.734917,37.58482,,,,,2026-09-04,https://www.cian.ru/sale/flat/332700293/,3plus,2026-09-05 11:28,3+ комнатные,Продажа,True,False,12.0
331956041,sale,3,False,269000000,2831578.95,95.0,,10.3,11,13,,,Хамовники,,free,False,Садовые кварталы,"Москва Усачева , 15",Фрунзенская,14,пешком,55.726836,37.570357,,,,,2026-09-04,https://www.cian.ru/sale/flat/331956041/,3plus,2026-09-05 11:28,3+ комнатные,Продажа,False,False,
332181069,sale,4,False,500000000,1953125.0,256.0,,30.0,2,8,2009.0,brick,Хамовники,,free,False,Парк Палас,"Москва, Хилков переулок, 1",Парк Культуры,6,пешком,55.736681,37.599319,,,,,2026-09-04,https://www.cian.ru/sale/flat/332181069/,3plus,2026-09-05 11:28,3+ комнатные,Продажа,False,False,17.0
315657117,sale,5,False,464125260,2168809.63,214.0,,20.0,3,7,2004.0,monolithBrick,Хамовники,,free,False,Кристалл Хаус,"Россия, Москва, Коробейников переулок, 1",Парк Культуры,6,пешком,55.737314,37.6009,,,,,2026-08-26,https://www.cian.ru/sale/flat/315657117/,3plus,2026-09-05 11:28,3+ комнатные,Продажа,False,False,22.0
325302854,sale,5,False,295000000,1376574.9,214.3,88.0,,15,15,,monolith,Хамовники,,free,False,,"Москва, набережная Саввинская, 9",Киевская,11,пешком,55.736914,37.569396,,,,,2026-09-04,https://www.cian.ru/sale/flat/325302854/,3plus,2026-09-05 11:28,3+ комнатные,Продажа,False,True,
329819774,sale,4,False,85000000,711892.8,119.4,,9.0,4,4,1906.0,brick,Хамовники,,free,False,,"Москва, Зубовский проезд, 2к2",Парк Культуры,5,пешком,55.73625,37.589464,,,,,2026-09-04,https://www.cian.ru/sale/flat/329819774/,3plus,2026-09-05 11:28,3+ комнатные,Продажа,False,True,120.0
332308916,sale,4,False,215000000,1531339.03,140.4,120.0,20.4,2,6,2014.0,monolith,Хамовники,,free,False,Clerkenwell House,"Россия, Москва, Комсомольский проспект, 42с2",Фрунзенская,11,пешком,55.721731,37.572899,,,,,2026-09-04,https://www.cian.ru/sale/flat/332308916/,3plus,2026-09-05 11:28,3+ комнатные,Продажа,False,False,12.0
319855834,sale,4,False,1600000000,3404979.78,469.9,20.0,,5,8,1910.0,monolith,Хамовники,,free,False,Пречистенка 13,"Москва, Пречистенка ул., 13",Кропоткинская,6,пешком,55.742514,37.596264,,,,,2026-09-03,https://www.cian.ru/sale/flat/319855834/,3plus,2026-09-05 11:28,3+ комнатные,Продажа,False,False,116.0
330968518,sale,5,False,590000000,2599118.94,227.0,160.0,25.0,6,12,2021.0,monolith,Хамовники,,free,False,Садовые кварталы,"город Москва, Хамовники район, улица Усачёва, дом 13",Фрунзенская,10,пешком,55.726157,37.57201,,,,,2026-09-04,https://www.cian.ru/sale/flat/330968518/,3plus,2026-09-05 11:28,3+ комнатные,Продажа,False,False,5.0
333617699,sale,3,False,149000000,1079710.14,138.0,60.0,15.0,3,9,1912.0,brick,Хамовники,,free,False,,"Москва, Знаменка ул., 13с1",Боровицкая,4,пешком,55.74979,37.605706,,,,,2026-09-04,https://www.cian.ru/sale/flat/333617699/,3plus,2026-09-05 11:28,3+ комнатные,Продажа,False,False,114.0
269368880,sale,4,False,452380760,2174907.5,208.0,,12.0,3,6,,,Хамовники,,free,False,Кристалл Хаус,"Москва, Коробейников переулок, 1",Кропоткинская,14,пешком,55.737314,37.6009,,,,,2026-08-19,https://www.cian.ru/sale/flat/269368880/,3plus,2026-09-05 11:28,3+ комнатные,Продажа,False,False,
330244227,sale,5,False,430000000,1184573.0,363.0,,15.0,9,16,2003.0,block,Хамовники,,free,False,Венский дом,"Россия, Москва, 1-й Неопалимовский переулок, 8",Парк Культуры,12,пешком,55.74076,37.581047,,,,,2026-09-02,https://www.cian.ru/sale/flat/330244227/,3plus,2026-09-05 11:28,3+ комнатные,Продажа,False,False,23.0
324109123,sale,3,False,245000000,2266419.98,108.1,,30.0,3,10,2012.0,,Хамовники,,free,False,Дом на Бурденко,"Россия, Москва, улица Бурденко, 3",Парк Культуры,11,пешком,55.738449,37.581236,,,,,2026-08-18,https://www.cian.ru/sale/flat/324109123/,3plus,2026-09-05 11:28,3+ комнатные,Продажа,False,False,14.0
332867884,sale,3,False,350000000,3500000.0,100.0,66.0,15.0,4,13,2019.0,monolithBrick,Хамовники,,free,False,Жизнь на Плющихе,"Россия, Москва, Погодинская улица, 2",Фрунзенская,14,пешком,55.735713,37.572351,,,,,2026-08-27,https://www.cian.ru/sale/flat/332867884/,3plus,2026-09-05 11:28,3+ комнатные,Продажа,False,False,7.0
330914006,sale,3,False,249850000,2205207.41,113.3,,14.5,2,5,2022.0,monolithBrick,Хамовники,,free,False,Садовые кварталы,"Россия, Москва, Усачёва улица, 15А",Спортивная,6,пешком,55.7256,37.570276,,,,,2026-09-05,https://www.cian.ru/sale/flat/330914006/,3plus,2026-09-05 11:28,3+ комнатные,Продажа,False,False,4.0
326127197,sale,6,False,275000000,907590.76,303.0,,25.0,3,9,1910.0,brick,Хамовники,,free,False,,"Россия, Москва, улица Остоженка, 7с1",Кропоткинская,3,пешком,55.742767,37.600792,,,,,2026-08-19,https://www.cian.ru/sale/flat/326127197/,3plus,2026-09-05 11:28,3+ комнатные,Продажа,False,False,116.0
330922821,sale,3,False,380000000,1933842.24,196.5,,20.0,2,5,1913.0,brick,Хамовники,,free,False,,"Россия, Москва, Староконюшенный переулок, 15",Кропоткинская,8,пешком,55.745899,37.594162,,,,,2026-06-09,https://www.cian.ru/sale/flat/330922821/,3plus,2026-09-05 11:28,3+ комнатные,Продажа,False,False,113.0
332724429,sale,3,False,350000000,3500000.0,100.0,,12.0,4,13,2019.0,monolithBrick,Хамовники,,free,False,Жизнь на Плющихе,"Россия, Москва, Погодинская улица, 2",Фрунзенская,14,пешком,55.735713,37.572351,,,,,2026-08-27,https://www.cian.ru/sale/flat/332724429/,3plus,2026-09-05 11:28,3+ комнатные,Продажа,False,False,7.0
331577471,sale,4,False,290000000,1835443.04,158.0,90.0,20.0,2,12,2012.0,,Хамовники,,free,False,Андреевский,"Москва 2-я Фрунзенская , 8",Фрунзенская,9,пешком,55.723699,37.583697,,,,,2026-09-04,https://www.cian.ru/sale/flat/331577471/,3plus,2026-09-05 11:28,3+ комнатные,Продажа,False,False,14.0
329466126,sale,5,False,500000000,2500000.0,200.0,,12.0,4,11,2008.0,monolithBrick,Хамовники,,,False,Фьюжн парк,"Россия, Москва, Усачёва улица, 2с3",Фрунзенская,12,пешком,55.730426,37.574067,,,,,2026-08-26,https://www.cian.ru/sale/flat/329466126/,3plus,2026-09-05 11:28,3+ комнатные,Продажа,False,False,18.0
329647593,sale,3,False,390000000,2511268.51,155.3,65.0,20.0,12,14,2014.0,monolith,Хамовники,,free,False,Садовые кварталы,"Россия, Москва, улица Ефремова, 10к1",Фрунзенская,8,пешком,55.725154,37.574507,,,,,2026-09-02,https://www.cian.ru/sale/flat/329647593/,3plus,2026-09-05 11:28,3+ комнатные,Продажа,False,False,12.0
330527261,sale,4,False,210000000,1193181.82,176.0,90.0,,5,8,1914.0,brick,Хамовники,,free,False,,"Москва, Обыденский 1-й пер., 9/12",Кропоткинская,3,пешком,55.743005,37.602256,,,,,2026-09-04,https://www.cian.ru/sale/flat/330527261/,3plus,2026-09-05 11:28,3+ комнатные,Продажа,False,False,112.0
333546497,sale,3,False,145000000,1602209.94,90.5,41.0,21.0,2,9,2022.0,,Хамовники,,free,False,Садовые кварталы,"Россия, Москва, Усачёва улица, 15А",Спортивная,6,пешком,55.7256,37.570276,,,,,2026-09-04,https://www.cian.ru/sale/flat/333546497/,3plus,2026-09-05 11:28,3+ комнатные,Продажа,False,False,4.0
332297994,sale,4,False,557200000,3500000.0,159.2,,,7,11,,,Хамовники,,dupt,False,ДОМ XXII,"Россия, Москва, Новодевичий проезд, 6с2",Спортивная,12,пешком,55.7297699330094,37.5591669814725,,,,,2026-08-23,https://www.cian.ru/sale/flat/332297994/,3plus,2026-09-05 11:28,3+ комнатные,Продажа,False,False,
331291576,sale,5,False,485000000,1515625.0,320.0,,25.0,2,8,2009.0,brick,Хамовники,,free,False,Парк Палас,"Россия, Москва, Хилков переулок, 1",Парк Культуры,6,пешком,55.736681,37.599319,,,,,2026-09-04,https://www.cian.ru/sale/flat/331291576/,3plus,2026-09-05 11:28,3+ комнатные,Продажа,False,False,17.0
332214647,sale,3,False,460000000,3006535.95,153.0,,40.0,3,13,2019.0,monolithBrick,Хамовники,,free,False,Жизнь на Плющихе,"Россия, Москва, Погодинская улица, 2",Фрунзенская,14,пешком,55.735713,37.572351,,,,,2026-09-04,https://www.cian.ru/sale/flat/332214647/,3plus,2026-09-05 11:28,3+ комнатные,Продажа,False,False,7.0
330007268,sale,4,False,219500000,1662878.79,132.0,,20.0,10,13,2022.0,monolith,Хамовники,,free,False,Садовые кварталы,"Россия, Москва, Усачёва улица, 15А",Фрунзенская,11,пешком,55.7256,37.570276,,,,,2026-09-04,https://www.cian.ru/sale/flat/330007268/,3plus,2026-09-05 11:28,3+ комнатные,Продажа,False,False,4.0
328680846,sale,4,False,415000000,1976190.48,210.0,,20.0,2,8,2005.0,monolithBrick,Хамовники,,free,False,Новая Остоженка,"Россия, Москва, 1-й Зачатьевский переулок, 5",Кропоткинская,10,пешком,55.739022,37.603819,,,,,2026-09-04,https://www.cian.ru/sale/flat/328680846/,3plus,2026-09-05 11:28,3+ комнатные,Продажа,False,False,21.0
332734989,sale,5,False,500000000,2500000.0,200.0,,58.3,4,7,2008.0,monolithBrick,Хамовники,,free,False,Фьюжн парк,"Россия, Москва город, улица Усачева, дом 2, строение 3",Спортивная,13,пешком,55.730426,37.574067,,,,,2026-09-01,https://www.cian.ru/sale/flat/332734989/,3plus,2026-09-05 11:28,3+ комнатные,Продажа,False,False,18.0
332798670,sale,3,False,71800000,732653.06,98.0,58.0,24.0,5,5,1958.0,brick,Хамовники,,free,False,,"Россия, Москва, улица Плющиха, 43-47",Киевская,11,пешком,55.739478,37.576717,,,,,2026-09-03,https://www.cian.ru/sale/flat/332798670/,3plus,2026-09-05 11:28,3+ комнатные,Продажа,False,True,68.0
329049863,sale,6,False,435000000,966666.67,450.0,,40.0,4,7,2004.0,monolith,Хамовники,,free,False,,"Россия, Москва, Земледельческий переулок, 11",Киевская,12,пешком,55.740902,37.578154,,,,,2026-09-04,https://www.cian.ru/sale/flat/329049863/,3plus,2026-09-05 11:28,3+ комнатные,Продажа,False,False,22.0
332474437,sale,4,False,500000000,2506265.66,199.5,164.7,20.0,4,11,2008.0,monolithBrick,Хамовники,,free,False,Фьюжн парк,"Москва, Усачёва улица, 2с3",Фрунзенская,12,пешком,55.730426,37.574067,,,,,2026-09-04,https://www.cian.ru/sale/flat/332474437/,3plus,2026-09-05 11:28,3+ комнатные,Продажа,False,False,18.0
332992588,sale,3,False,192438190,1253668.99,153.5,,30.0,3,13,2019.0,monolithBrick,Хамовники,,free,False,Жизнь на Плющихе,"Россия, Москва, Погодинская улица, 2",Фрунзенская,14,пешком,55.735713,37.572351,,,,,2026-09-04,https://www.cian.ru/sale/flat/332992588/,3plus,2026-09-05 11:28,3+ комнатные,Продажа,False,False,7.0
332784732,sale,4,False,535000000,2491849.09,214.7,140.0,20.0,6,6,2021.0,monolithBrick,Хамовники,,free,False,Magnum,Москва ул. Усачева 9,Спортивная,9,пешком,55.728307,37.572414,,,,,2026-08-31,https://www.cian.ru/sale/flat/332784732/,3plus,2026-09-05 11:28,3+ комнатные,Продажа,False,True,5.0
330046532,sale,3,False,155000000,2337858.22,66.3,28.3,33.0,2,4,,,Хамовники,,free,False,Саввинская 17,"Москва, Саввинская набережная, д. 17",Киевская,16,пешком,55.734567,37.565767,,,,,2026-09-04,https://www.cian.ru/sale/flat/330046532/,3plus,2026-09-05 11:28,3+ комнатные,Продажа,False,False,
318859684,sale,5,False,379000000,1503371.68,252.1,,12.0,3,7,,,Хамовники,,free,False,Дворянское гнездо,"Москва, Большой Лёвшинский переулок, 11",Смоленская,9,пешком,55.742164,37.58835,,,,,2026-09-04,https://www.cian.ru/sale/flat/318859684/,3plus,2026-09-05 11:28,3+ комнатные,Продажа,False,False,
332411894,sale,6,False,450000000,1027397.26,438.0,300.0,31.2,13,14,1999.0,monolithBrick,Хамовники,,free,False,,"Москва, Несвижский пер., 12к1",Фрунзенская,5,пешком,55.729853,37.581972,,,,,2026-09-03,https://www.cian.ru/sale/flat/332411894/,3plus,2026-09-05 11:28,3+ комнатные,Продажа,False,False,27.0
332693651,sale,5,False,165000000,647058.82,255.0,,,5,5,1910.0,,Хамовники,,free,False,,"Москва, Нащокинский переулок, 8",Кропоткинская,4,пешком,55.745833,37.598672,,,,,2026-08-19,https://www.cian.ru/sale/flat/332693651/,3plus,2026-09-05 11:28,3+ комнатные,Продажа,False,True,116.0
333312106,sale,3,False,220000000,1693610.47,129.9,100.0,20.0,10,13,2022.0,monolith,Хамовники,,free,False,Садовые кварталы,"Москва, Усачёва улица, 15А",Спортивная,6,пешком,55.7256,37.570276,,,,,2026-08-31,https://www.cian.ru/sale/flat/333312106/,3plus,2026-09-05 11:28,3+ комнатные,Продажа,False,False,4.0
324878171,sale,6,False,993000000,2903508.77,342.0,273.0,,11,11,,monolith,Хамовники,,free,False,Садовые кварталы,"Москва, улица Усачёва, 11И",Фрунзенская,14,пешком,55.72746,37.570698,,,,,2026-09-04,https://www.cian.ru/sale/flat/324878171/,3plus,2026-09-05 11:28,3+ комнатные,Продажа,False,True,
328057122,sale,3,False,300000000,1843884.45,162.7,,11.0,5,9,1912.0,monolithBrick,Хамовники,,free,False,Барыковские палаты,"Россия, Москва, Барыковский переулок, 6",Кропоткинская,8,пешком,55.741784,37.596633,,,,,2026-08-22,https://www.cian.ru/sale/flat/328057122/,3plus,2026-09-05 11:28,3+ комнатные,Продажа,False,False,114.0
330171080,sale,5,False,84900000,673809.52,126.0,,,4,4,1906.0,,Хамовники,,free,False,,"Россия, г. Москва, Зубовский пр-д, д. 2, корп. 2",Парк Культуры,5,пешком,55.73625,37.589464,,,,,2026-09-05,https://www.cian.ru/sale/flat/330171080/,3plus,2026-09-05 11:28,3+ комнатные,Продажа,False,True,120.0
332036039,sale,4,False,500000000,1945525.29,257.0,175.0,30.0,2,8,2009.0,brick,Хамовники,,free,False,Парк Палас,"Россия, Москва, Хилков переулок, 1",Парк Культуры,6,пешком,55.736681,37.599319,,,,,2026-08-26,https://www.cian.ru/sale/flat/332036039/,3plus,2026-09-05 11:28,3+ комнатные,Продажа,False,False,17.0
333168389,sale,5,False,630000000,1798458.46,350.3,,20.0,7,7,2009.0,monolith,Хамовники,,free,False,Еропкинский 16,"Москва, Еропкинский переулок, д. 16/23",Парк Культуры,7,пешком,55.740451,37.592716,,,,,2026-09-04,https://www.cian.ru/sale/flat/333168389/,3plus,2026-09-05 11:28,3+ комнатные,Продажа,False,True,17.0
328562061,sale,5,False,164900000,646666.67,255.0,150.0,20.0,5,5,2005.0,brick,Хамовники,,free,False,,"Москва, Нащокинский переулок, 8",Кропоткинская,4,пешком,55.745833,37.598672,,,,,2026-09-04,https://www.cian.ru/sale/flat/328562061/,3plus,2026-09-05 11:28,3+ комнатные,Продажа,False,True,21.0
332178081,sale,4,False,349000000,1424489.8,245.0,169.0,20.0,2,8,2005.0,monolithBrick,Хамовники,,free,False,Новая Остоженка,"Москва, 1-й Зачатьевский переулок, 5",Кропоткинская,10,пешком,55.739022,37.603819,,,,,2026-09-01,https://www.cian.ru/sale/flat/332178081/,3plus,2026-09-05 11:28,3+ комнатные,Продажа,False,False,21.0
325832304,sale,6,False,207000000,900000.0,230.0,150.0,70.0,3,3,1879.0,brick,Хамовники,,free,False,,"Москва, Москва, улица Волхонка,, 9с1",Кропоткинская,2,пешком,55.747089,37.607628,,,,,2026-09-03,https://www.cian.ru/sale/flat/325832304/,3plus,2026-09-05 11:28,3+ комнатные,Продажа,False,True,147.0
331180788,sale,4,False,500000000,2000000.0,250.0,,20.0,2,8,,,Хамовники,,free,False,Парк Палас,"Москва, Хилков переулок, 1",Кропоткинская,14,пешком,55.736681,37.599319,,,,,2026-09-03,https://www.cian.ru/sale/flat/331180788/,3plus,2026-09-05 11:28,3+ комнатные,Продажа,False,False,
325421928,sale,4,False,430000000,2408963.59,178.5,,17.7,6,9,2015.0,monolith,Хамовники,,free,False,Barrin House,"Россия, Москва, Малая Пироговская улица, 8",Спортивная,11,пешком,55.72961,37.570474,,,,,2026-08-25,https://www.cian.ru/sale/flat/325421928/,3plus,2026-09-05 11:28,3+ комнатные,Продажа,False,False,11.0
309297148,sale,5,False,439000000,1739992.07,252.3,,16.0,4,7,2003.0,monolith,Хамовники,,free,False,Дворянское гнездо,"Москва, Большой Левшинский переулок, 11",Смоленская,9,пешком,55.742164,37.58835,,,,,2026-09-01,https://www.cian.ru/sale/flat/309297148/,3plus,2026-09-05 11:28,3+ комнатные,Продажа,False,False,23.0
330531951,sale,4,False,1000000000,3490401.4,286.5,233.0,40.0,5,8,,monolith,Хамовники,,free,False,Пречистенка 13,"Москва, Пречистенка ул., 13",Кропоткинская,6,пешком,55.742514,37.596264,,,,,2026-09-03,https://www.cian.ru/sale/flat/330531951/,3plus,2026-09-05 11:28,3+ комнатные,Продажа,False,False,
331899574,sale,4,False,500000000,1953125.0,256.0,200.0,25.0,2,7,2009.0,monolith,Хамовники,,free,False,Парк Палас,"Москва, Хилков переулок, дом 1",Парк Культуры,6,пешком,55.736681,37.599319,,,,,2026-08-31,https://www.cian.ru/sale/flat/331899574/,3plus,2026-09-05 11:28,3+ комнатные,Продажа,False,False,17.0
332907885,sale,5,False,1000000000,3108486.17,321.7,160.0,32.0,14,14,2014.0,monolith,Хамовники,,free,False,Садовые кварталы,"Москва, улица Ефремова, 10к1",Фрунзенская,8,пешком,55.725154,37.574507,,,,,2026-09-04,https://www.cian.ru/sale/flat/332907885/,3plus,2026-09-05 11:28,3+ комнатные,Продажа,False,True,12.0
332441307,sale,3,False,130000000,1452513.97,89.5,,,15,18,,monolith,Хамовники,,dupt,False,КОЛЛЕКЦИЯ ЛУЖНИКИ,"Россия, Москва, ЖК Коллекция Лужники",Воробьёвы горы,14,пешком,55.714344080273975,37.57406048283202,,,,,2026-07-29,https://www.cian.ru/sale/flat/332441307/,3plus,2026-09-05 11:28,3+ комнатные,Продажа,False,False,
327039322,sale,3,False,138580000,1300000.0,106.6,85.0,,2,2,,,Хамовники,,free,False,,"Москва, улица Пречистенка, 33/19с2",Парк Культуры,8,пешком,55.739493,37.589428,,,,,2026-09-04,https://www.cian.ru/sale/flat/327039322/,3plus,2026-09-05 11:28,3+ комнатные,Продажа,False,True,
329856436,sale,4,False,490000000,2051926.3,238.8,,30.0,11,11,2019.0,monolithBrick,Хамовники,,free,False,Садовые кварталы,"Россия, Москва, Усачёва улица, 11И",Спортивная,8,пешком,55.727445,37.570617,,,,,2026-08-08,https://www.cian.ru/sale/flat/329856436/,3plus,2026-09-05 11:28,3+ комнатные,Продажа,False,True,7.0
327985311,sale,3,False,380000000,2231356.43,170.3,,18.0,7,13,2019.0,monolithBrick,Хамовники,,,False,Жизнь на Плющихе,"Россия, Москва, Погодинская улица, 2",Фрунзенская,14,пешком,55.735713,37.572351,,,,,2026-08-19,https://www.cian.ru/sale/flat/327985311/,3plus,2026-09-05 11:28,3+ комнатные,Продажа,False,False,7.0
322602341,sale,5,False,590000000,2599118.94,227.0,,12.0,6,12,2021.0,monolithBrick,Хамовники,,free,False,Садовые кварталы,"Россия, Москва, Усачёва улица, 13",Спортивная,7,пешком,55.726157,37.57201,,,,,2026-08-11,https://www.cian.ru/sale/flat/322602341/,3plus,2026-09-05 11:28,3+ комнатные,Продажа,False,False,5.0
323108766,sale,5,False,270000000,931034.48,290.0,139.0,12.0,2,14,2005.0,monolithBrick,Хамовники,,free,False,Пять Звезд,"Россия, Москва, 2-я Фрунзенская улица, 12",Фрунзенская,6,пешком,55.724069,37.580436,,,,,2026-09-02,https://www.cian.ru/sale/flat/323108766/,3plus,2026-09-05 11:28,3+ комнатные,Продажа,False,False,21.0
325835879,sale,6,False,230400000,900000.0,256.0,181.0,70.0,3,3,1879.0,brick,Хамовники,,free,False,,"Москва, Москва, улица Волхонка, 9с1",Кропоткинская,2,пешком,55.747089,37.607628,,,,,2026-09-03,https://www.cian.ru/sale/flat/325835879/,3plus,2026-09-05 11:28,3+ комнатные,Продажа,False,True,147.0
330193362,sale,3,False,199000000,1745614.04,114.0,,,12,18,,monolith,Хамовники,,dupt,False,КОЛЛЕКЦИЯ ЛУЖНИКИ,"Россия, Москва, ЖК Коллекция Лужники",Воробьёвы горы,14,пешком,55.7140296087072,37.57321002756597,,,,,2026-07-19,https://www.cian.ru/sale/flat/330193362/,3plus,2026-09-05 11:28,3+ комнатные,Продажа,False,False,
329440646,sale,4,False,490000000,2617521.37,187.2,120.0,10.0,3,14,2019.0,monolithBrick,Хамовники,,free,False,,"Россия, Москва, Усачёва улица, 11Г",Спортивная,9,пешком,55.727273,37.57254,,,,,2026-08-25,https://www.cian.ru/sale/flat/329440646/,3plus,2026-09-05 11:28,3+ комнатные,Продажа,False,False,7.0
332467181,sale,5,False,730000000,3007828.59,242.7,124.8,20.0,2,6,,monolithBrick,Хамовники,,dupt,False,Клубный дом Обыденский №1,"Россия, Москва, 3-й Обыденский переулок, 1",Кропоткинская,5,пешком,55.742005340258,37.6042283644176,,,,,2026-08-17,https://www.cian.ru/sale/flat/332467181/,3plus,2026-09-05 11:28,3+ комнатные,Продажа,False,False,
318017044,sale,5,False,739468550,2149617.88,344.0,,16.0,6,6,,,Хамовники,,free,False,Особняк в Хилковом переулке,"Москва, Хилков переулок, 5",Кропоткинская,11,пешком,55.738368,37.597001,,,,,2026-09-04,https://www.cian.ru/sale/flat/318017044/,3plus,2026-09-05 11:28,3+ комнатные,Продажа,False,True,
332393149,sale,3,False,374000000,2458908.61,152.1,,40.9,7,12,,,Хамовники,,dupt,False,ДОМ XXII,"Россия, Москва, Новодевичий проезд, 6с2",Спортивная,12,пешком,55.7297699330094,37.5591669814725,,,,,2026-09-01,https://www.cian.ru/sale/flat/332393149/,3plus,2026-09-05 11:28,3+ комнатные,Продажа,False,False,
331403669,sale,5,False,500000000,1470588.24,340.0,180.0,25.0,3,8,2009.0,monolith,Хамовники,,free,False,Парк Палас,"Россия, Москва город, переулок Хилков, дом 1",Парк Культуры,6,пешком,55.736681,37.599319,,,,,2026-09-03,https://www.cian.ru/sale/flat/331403669/,3plus,2026-09-05 11:28,3+ комнатные,Продажа,False,False,17.0
329978266,sale,4,False,300000000,1346499.1,222.8,,18.0,3,6,,monolithBrick,Хамовники,,free,False,Фьюжн парк,"Москва, Усачёва улица, 2с3",Фрунзенская,12,пешком,55.730426,37.574067,,,,,2026-09-03,https://www.cian.ru/sale/flat/329978266/,3plus,2026-09-05 11:28,3+ комнатные,Продажа,False,False,
331813338,sale,3,False,225000000,2427184.47,92.7,,10.0,6,12,,,Хамовники,,free,False,Садовые кварталы,"Москва Усачева , 15А",Фрунзенская,10,пешком,55.7256,37.570276,,,,,2026-09-04,https://www.cian.ru/sale/flat/331813338/,3plus,2026-09-05 11:28,3+ комнатные,Продажа,False,False,
325863235,sale,4,False,250000000,1282051.28,195.0,,,5,15,2007.0,monolith,Хамовники,,free,False,,"Россия, г. Москва, Саввинская наб., д. 9",Киевская,11,пешком,55.736914,37.569396,,,,,2026-09-05,https://www.cian.ru/sale/flat/325863235/,3plus,2026-09-05 11:28,3+ комнатные,Продажа,False,False,19.0
330531908,sale,3,False,108000000,1080000.0,100.0,64.0,14.0,4,6,1910.0,brick,Хамовники,,free,False,,"Москва, Пречистенка ул., 25",Парк Культуры,7,пешком,55.740522,37.591674,,,,,2026-09-03,https://www.cian.ru/sale/flat/330531908/,3plus,2026-09-05 11:28,3+ комнатные,Продажа,False,False,116.0
326198545,sale,5,False,657000000,2406593.41,273.0,98.0,20.0,7,7,2003.0,monolith,Хамовники,,free,False,Дворянское гнездо,"Москва, Левшинский Б. пер., 11",Смоленская,9,пешком,55.742164,37.58835,,,,,2026-09-03,https://www.cian.ru/sale/flat/326198545/,3plus,2026-09-05 11:28,3+ комнатные,Продажа,False,True,23.0
332365226,sale,4,False,399900000,1983630.95,201.6,,,3,8,2014.0,monolith,Хамовники,,free,False,GRAND DELUXE на Плющихе,"Россия, Москва, Погодинская улица, 4",Фрунзенская,16,пешком,55.734973,37.571013,,,,,2026-08-31,https://www.cian.ru/sale/flat/332365226/,3plus,2026-09-05 11:28,3+ комнатные,Продажа,False,False,12.0
285546660,sale,4,False,304487050,1791100.29,170.0,118.0,18.0,2,6,,,Хамовники,,free,False,Дом в Зубовском проезде,"Москва, проезд Зубовский, 1",Парк Культуры,6,пешком,55.736351,37.588503,,,,,2026-09-04,https://www.cian.ru/sale/flat/285546660/,3plus,2026-09-05 11:28,3+ комнатные,Продажа,False,False,
332453814,sale,6,False,993000000,2903508.77,342.0,,30.0,12,12,2018.0,monolithBrick,Хамовники,,free,False,Садовые кварталы,"Москва, Усачёва улица  , 11",Спортивная,9,пешком,55.72746,37.570698,,,,,2026-09-04,https://www.cian.ru/sale/flat/332453814/,3plus,2026-09-05 11:28,3+ комнатные,Продажа,False,True,8.0
332734992,sale,3,False,350000000,3500000.0,100.0,,20.0,4,13,2019.0,monolithBrick,Хамовники,,free,False,Жизнь на Плющихе,"Россия, Москва город, улица Погодинская, дом 2",Фрунзенская,14,пешком,55.735713,37.572351,,,,,2026-09-01,https://www.cian.ru/sale/flat/332734992/,3plus,2026-09-05 11:28,3+ комнатные,Продажа,False,False,7.0
329643968,sale,3,False,370000000,2661870.5,139.0,,,5,9,2023.0,,Хамовники,,free,False,Пироговская 14,"Москва, Малая Пироговская улица, д.12",Фрунзенская,17,пешком,55.728378,37.567509,,,,,2026-09-04,https://www.cian.ru/sale/flat/329643968/,3plus,2026-09-05 11:28,3+ комнатные,Продажа,False,False,3.0
333463615,sale,4,False,500000000,1562500.0,320.0,200.0,30.0,2,8,2009.0,brick,Хамовники,,free,False,Парк Палас,"Россия, Москва город, переулок Хилков, дом 1",Октябрьская,18,пешком,55.736681,37.599319,,,,,2026-09-01,https://www.cian.ru/sale/flat/333463615/,3plus,2026-09-05 11:28,3+ комнатные,Продажа,False,False,17.0
332119272,sale,6,False,365000000,1477732.79,247.0,150.0,25.0,4,5,1998.0,block,Хамовники,,free,False,,Россия г Москва  г Москва р-н Хамовники  Курсовой пер 8/2,Кропоткинская,8,пешком,55.740537,37.604807,,,,,2026-09-04,https://www.cian.ru/sale/flat/332119272/,3plus,2026-09-05 11:28,3+ комнатные,Продажа,False,False,28.0
333048141,sale,3,False,200000000,1941747.57,103.0,,10.0,9,10,2022.0,monolith,Хамовники,,free,False,Садовые кварталы,"Россия, Москва, Усачёва улица, 15А",Фрунзенская,11,пешком,55.7256,37.570276,,,,,2026-08-31,https://www.cian.ru/sale/flat/333048141/,3plus,2026-09-05 11:28,3+ комнатные,Продажа,False,False,4.0
331019898,sale,3,False,153440000,1394909.09,110.0,,30.0,2,2,,brick,Хамовники,,free,False,,"Россия, Москва, улица Пречистенка, 33/19с2",Парк Культуры,8,пешком,55.739493,37.589428,,,,,2026-09-01,https://www.cian.ru/sale/flat/331019898/,3plus,2026-09-05 11:28,3+ комнатные,Продажа,False,True,
329709139,sale,3,False,35000000,573770.49,61.0,45.0,7.0,1,5,,brick,Хамовники,,free,False,,"Москва, Хамовники район, Неопалимовский 1-й пер., д.11",Парк Культуры,12,пешком,55.740198,37.581658,,,,,2026-09-03,https://www.cian.ru/sale/flat/329709139/,3plus,2026-09-05 11:28,3+ комнатные,Продажа,True,False,
328493167,sale,4,False,210000000,1195899.77,175.6,158.6,12.0,5,7,1904.0,brick,Хамовники,,free,False,,"Россия, г. Москва, Обыденский 1-й пер., д. 9/12",Кропоткинская,3,пешком,55.743005,37.602256,,,,,2026-09-05,https://www.cian.ru/sale/flat/328493167/,3plus,2026-09-05 11:28,3+ комнатные,Продажа,False,False,122.0
332401717,sale,3,False,474500000,2479101.36,191.4,,42.9,5,12,,,Хамовники,,dupt,False,ДОМ XXII,"Россия, Москва, Новодевичий проезд, 6с2",Спортивная,12,пешком,55.7297699330094,37.5591669814725,,,,,2026-09-03,https://www.cian.ru/sale/flat/332401717/,3plus,2026-09-05 11:28,3+ комнатные,Продажа,False,False,
322938111,sale,3,False,220920000,1400000.0,157.8,,,2,2,1916.0,,Хамовники,,free,False,,"Россия, г. Москва, Пречистенка ул., д. 33/19, стр. 2",Парк Культуры,8,пешком,55.739493,37.589428,,,,,2026-09-05,https://www.cian.ru/sale/flat/322938111/,3plus,2026-09-05 11:28,3+ комнатные,Продажа,False,True,110.0
331282471,sale,4,False,235000000,1566666.67,150.0,100.0,20.0,2,14,2022.0,monolith,Хамовники,,free,False,Садовые кварталы,"Москва, Усачёва ул., 15а",Спортивная,6,пешком,55.7256,37.570276,,,,,2026-09-03,https://www.cian.ru/sale/flat/331282471/,3plus,2026-09-05 11:28,3+ комнатные,Продажа,False,False,4.0
323955420,sale,4,False,335000000,2447041.64,136.9,,20.6,5,12,,,Хамовники,,free,False,Садовые кварталы,"Москва Усачева , 13кГ",Фрунзенская,10,пешком,55.726157,37.57201,,,,,2026-09-04,https://www.cian.ru/sale/flat/323955420/,3plus,2026-09-05 11:28,3+ комнатные,Продажа,False,False,
326364990,sale,3,False,165000000,1269230.77,130.0,80.0,15.0,3,8,,monolith,Хамовники,,alternative,False,Лужники Хаус,"Москва, Хамовнический Вал ул, 36",Спортивная,2,пешком,55.722588,37.558391,,,,,2026-09-03,https://www.cian.ru/sale/flat/326364990/,3plus,2026-09-05 11:28,3+ комнатные,Продажа,False,False,
320259522,sale,4,False,455000000,2674897.12,170.1,51.6,51.6,9,12,,monolith,Хамовники,,dupt,False,Клубный квартал «Фрунзенский»,"Россия, Москва, Центральный административный округ, район Хамовники, 465-й квартал, ЖК Фрунзенская Набережная",Фрунзенская,10,пешком,55.7244588775083,37.5843810123283,,,,,2026-09-04,https://www.cian.ru/sale/flat/320259522/,3plus,2026-09-05 11:28,3+ комнатные,Продажа,False,False,
314942994,sale,3,False,219900000,1653383.46,133.0,,30.0,10,13,,monolith,Хамовники,,free,False,Садовые кварталы,"Россия, Москва, Усачёва улица, 15А",Спортивная,6,пешком,55.7256,37.570276,,,,,2026-09-02,https://www.cian.ru/sale/flat/314942994/,3plus,2026-09-05 11:28,3+ комнатные,Продажа,False,False,
332804532,sale,3,False,245000000,1670074.98,146.7,41.0,50.6,12,18,,monolith,Хамовники,,dupt,False,КОЛЛЕКЦИЯ ЛУЖНИКИ,"Москва, Лужнецкая",Лужники,18,пешком,55.7152023823584,37.5729976389884,,,,,2026-09-03,https://www.cian.ru/sale/flat/332804532/,3plus,2026-09-05 11:28,3+ комнатные,Продажа,False,False,
329874094,sale,5,False,295000000,1372093.02,215.0,,20.0,15,15,,monolithBrick,Хамовники,,free,False,,"Москва, Саввинская набережная  , 9",Киевская,11,пешком,55.736914,37.569396,,,,,2026-08-21,https://www.cian.ru/sale/flat/329874094/,3plus,2026-09-05 11:28,3+ комнатные,Продажа,False,True,
