cian_id,deal_type,rooms,is_studio,price_rub,price_per_m2,total_area,living_area,kitchen_area,floor,floors_total,build_year,material,district,microdistrict,sale_type,is_newbuild,jk_name,address,lat,lng,deposit,utilities_included,client_fee_pct,lease_term,added,url,subcategory,collected_at
332519714,sale,4,False,1598735879,4855100.0,329.29,177.0,,8,11,,monolithBrick,Хамовники,,free,False,Веспер Погодинская,"Москва, Погодинская улица",55.729104468923346,37.56003355323304,,,,,2026-08-28,https://www.cian.ru/sale/flat/332519714/,3plus,2026-09-05 11:28
327140893,sale,3,False,490000000,2246675.84,218.1,170.0,15.0,6,8,2009.0,monolithBrick,Хамовники,,free,False,Парк Палас,"Россия, Москва, Хилков переулок, 1",55.736681,37.599319,,,,,2026-09-04,https://www.cian.ru/sale/flat/327140893/,3plus,2026-09-05 11:28
333380220,sale,6,False,7087510000,9074916.77,781.0,606.7,169.3,6,6,,monolith,Хамовники,,fz214,True,Клубный дом Обыденский №1,"Москва, 3-й Обыденский переулок, 1",55.742005340258,37.6042283644176,,,,,2026-09-01,https://www.cian.ru/sale/flat/333380220/,3plus,2026-09-05 11:28
333537288,sale,6,False,2653050000,5890430.73,450.4,130.5,110.8,12,12,,monolith,Хамовники,,fz214,True,Клубный квартал «Фрунзенский»,"Москва, Фрунзенская набережная, 30",55.724679888165184,37.584960369475034,,,,,2026-09-05,https://www.cian.ru/sale/flat/333537288/,3plus,2026-09-05 11:28
332232999,sale,5,False,164990000,647019.61,255.0,150.0,20.0,5,5,2019.0,monolithBrick,Хамовники,,free,False,,"Россия, Москва город, переулок Нащокинский, дом 8",55.745833,37.598672,,,,,2026-09-05,https://www.cian.ru/sale/flat/332232999/,3plus,2026-09-05 11:28
290206255,sale,6,False,1217948200,2085527.74,584.0,375.0,58.0,5,5,2007.0,monolith,Хамовники,,free,False,,"Россия, Москва, Молочный переулок, 7",55.738992,37.600666,,,,,2026-08-31,https://www.cian.ru/sale/flat/290206255/,3plus,2026-09-05 11:28
333537285,sale,6,False,3172870000,6011500.57,527.8,70.3,128.1,12,13,,monolith,Хамовники,,fz214,True,Клубный квартал «Фрунзенский»,"Москва, Фрунзенская набережная, 30",55.724679888165184,37.584960369475034,,,,,2026-09-05,https://www.cian.ru/sale/flat/333537285/,3plus,2026-09-05 11:28
331842096,sale,4,False,595000000,3863636.36,154.0,89.0,60.0,9,11,,monolithBrick,Хамовники,,free,False,Садовые кварталы,"Москва, ул. Усачева д.15А",55.7256,37.570276,,,,,2026-09-04,https://www.cian.ru/sale/flat/331842096/,3plus,2026-09-05 11:28
333375250,sale,3,False,340000000,2601377.2,130.7,,35.0,7,13,2022.0,monolithBrick,Хамовники,,,False,Садовые кварталы,"Россия, Москва, Усачёва улица, 15А",55.7256,37.570276,,,,,2026-09-04,https://www.cian.ru/sale/flat/333375250/,3plus,2026-09-05 11:28
333380230,sale,3,False,650560000,3189019.61,204.0,64.6,38.4,3,6,,monolith,Хамовники,,fz214,True,Клубный дом Обыденский №1,"Москва, 3-й Обыденский переулок, 1",55.742005340258,37.6042283644176,,,,,2026-09-01,https://www.cian.ru/sale/flat/333380230/,3plus,2026-09-05 11:28
332604175,sale,4,False,485000000,3540145.99,137.0,91.0,10.0,15,15,,monolithBrick,Хамовники,,free,False,Садовые кварталы,"Москва, ул. Усачева, дом 15",55.726836,37.570357,,,,,2026-09-04,https://www.cian.ru/sale/flat/332604175/,3plus,2026-09-05 11:28
323153994,sale,5,False,670000000,2627450.98,255.0,124.2,21.0,12,12,2012.0,monolithBrick,Хамовники,,free,False,Садовые кварталы,"Россия, Москва, улица Ефремова, 10к1",55.725154,37.574507,,,,,2026-08-25,https://www.cian.ru/sale/flat/323153994/,3plus,2026-09-05 11:28
332519715,sale,3,False,563805756,3003600.0,187.71,90.3,,2,11,,monolithBrick,Хамовники,,free,False,Веспер Погодинская,"Москва, Погодинская улица",55.729104468923346,37.56003355323304,,,,,2026-08-28,https://www.cian.ru/sale/flat/332519715/,3plus,2026-09-05 11:28
319659795,sale,4,False,700000000,3004291.85,233.0,,,9,12,2015.0,,Хамовники,,free,False,Barrin House,"Россия, г. Москва, Пироговская М. ул., д. 8",55.72961,37.570474,,,,,2026-09-05,https://www.cian.ru/sale/flat/319659795/,3plus,2026-09-05 11:28
305590523,sale,4,False,850000000,3863636.36,220.0,,15.0,3,7,,monolith,Хамовники,,free,False,Knightsbridge Private Park,"Россия, Москва, улица Ефремова, 19к1",55.722568,37.570357,,,,,2026-09-04,https://www.cian.ru/sale/flat/305590523/,3plus,2026-09-05 11:28
333537193,sale,6,False,2005330000,4542083.81,441.5,129.5,115.4,12,13,,monolith,Хамовники,,fz214,True,Клубный квартал «Фрунзенский»,"Москва, Фрунзенская набережная, 30",55.724679888165184,37.584960369475034,,,,,2026-09-05,https://www.cian.ru/sale/flat/333537193/,3plus,2026-09-05 11:28
332030648,sale,3,False,255000000,1593750.0,160.0,,20.0,2,7,,monolithBrick,Хамовники,,free,False,Barrin House,"Москва, Малая Пироговская ул, 8",55.72961,37.570474,,,,,2026-09-04,https://www.cian.ru/sale/flat/332030648/,3plus,2026-09-05 11:28
333547431,sale,3,False,43000000,661538.46,65.0,,8.5,4,5,1890.0,,Хамовники,,free,False,,"Россия, Москва, Зубовский бульвар, 29",55.737238,37.588072,,,,,2026-09-04,https://www.cian.ru/sale/flat/333547431/,3plus,2026-09-05 11:28
333380222,sale,5,False,3855540000,8904249.42,433.0,96.1,140.4,6,6,,monolith,Хамовники,,fz214,True,Клубный дом Обыденский №1,"Москва, 3-й Обыденский переулок, 1",55.742005340258,37.6042283644176,,,,,2026-09-01,https://www.cian.ru/sale/flat/333380222/,3plus,2026-09-05 11:28
330151757,sale,3,False,215000000,2028301.89,106.0,,7.0,7,12,2019.0,monolith,Хамовники,,free,False,Садовые кварталы,"Москва, Ефремова ул., д. 10с1к4/3",55.725154,37.574507,,,,,2026-09-04,https://www.cian.ru/sale/flat/330151757/,3plus,2026-09-05 11:28
333564420,sale,6,False,9436581085,10285102.0,917.5,468.1,21.3,5,5,,monolith,Хамовники,,fz214,True,Лё Дом,"Москва, Соймоновский проезд, 3",55.7425815166732,37.605376568122,,,,,2026-09-04,https://www.cian.ru/sale/flat/333564420/,3plus,2026-09-05 11:28
332125507,sale,3,False,824460000,4200000.0,196.3,53.3,54.3,18,18,,monolith,Хамовники,,fz214,True,КОЛЛЕКЦИЯ ЛУЖНИКИ,"Москва, жилой комплекс Коллекция Лужники",55.714344080273975,37.57406048283202,,,,,2026-08-19,https://www.cian.ru/sale/flat/332125507/,3plus,2026-09-05 11:28
332611922,sale,4,False,620000000,3333333.33,186.0,161.0,20.0,10,12,2015.0,monolith,Хамовники,,free,False,Barrin House,"Россия, г. Москва, Пироговская М. ул., д. 8",55.72961,37.570474,,,,,2026-09-05,https://www.cian.ru/sale/flat/332611922/,3plus,2026-09-05 11:28
332375457,sale,5,False,590000000,2641002.69,223.4,,11.7,6,12,2021.0,monolith,Хамовники,,free,False,Садовые кварталы,"Россия, Москва, Усачёва улица, 13",55.726157,37.57201,,,,,2026-09-04,https://www.cian.ru/sale/flat/332375457/,3plus,2026-09-05 11:28
333537191,sale,4,False,940950000,3768321.99,249.7,73.7,71.8,11,13,,monolith,Хамовники,,fz214,True,Клубный квартал «Фрунзенский»,"Москва, Фрунзенская набережная, 30",55.724679888165184,37.584960369475034,,,,,2026-09-05,https://www.cian.ru/sale/flat/333537191/,3plus,2026-09-05 11:28
322293820,sale,3,False,250000000,2450980.39,102.0,76.4,20.6,6,13,2020.0,monolith,Хамовники,,free,False,Садовые кварталы,"Россия, г. Москва, Усачева ул., д. 15А",55.7256,37.570276,,,,,2026-09-05,https://www.cian.ru/sale/flat/322293820/,3plus,2026-09-05 11:28
333464088,sale,3,False,43000000,599721.06,71.7,50.0,6.0,8,8,1961.0,brick,Хамовники,,free,False,,"Россия, Москва, Новодевичий проезд, 2",55.728038,37.56008,,,,,2026-09-01,https://www.cian.ru/sale/flat/333464088/,3plus,2026-09-05 11:28
333380229,sale,3,False,885190000,5237810.65,169.0,52.1,39.3,5,6,,monolith,Хамовники,,fz214,True,Клубный дом Обыденский №1,"Москва, 3-й Обыденский переулок, 1",55.742005340258,37.6042283644176,,,,,2026-09-01,https://www.cian.ru/sale/flat/333380229/,3plus,2026-09-05 11:28
329330615,sale,3,False,230000000,2053571.43,112.0,,25.0,5,6,2002.0,monolithBrick,Хамовники,,free,False,,"Москва, 3-й Обыденский пер, 2",55.742858,37.604089,,,,,2026-08-27,https://www.cian.ru/sale/flat/329330615/,3plus,2026-09-05 11:28
332971265,sale,3,False,45000000,640113.8,70.3,,8.0,3,8,1961.0,brick,Хамовники,,alternative,False,,"Россия, Москва, Новодевичий проезд, 2",55.728038,37.56008,,,,,2026-09-03,https://www.cian.ru/sale/flat/332971265/,3plus,2026-09-05 11:28
326011468,sale,3,False,172840000,1412091.5,122.4,49.0,32.9,2,18,,monolith,Хамовники,,fz214,True,КОЛЛЕКЦИЯ ЛУЖНИКИ,"Москва, жилой комплекс Коллекция Лужники",55.71333692108894,37.570690939236,,,,,2026-09-01,https://www.cian.ru/sale/flat/326011468/,3plus,2026-09-05 11:28
332663328,sale,4,False,355000000,2049653.58,173.2,,20.0,2,7,2015.0,monolithBrick,Хамовники,,free,False,Knightsbridge Private Park,"Москва, Ефремова ул, 19к4",55.721863,37.568875,,,,,2026-09-03,https://www.cian.ru/sale/flat/332663328/,3plus,2026-09-05 11:28
331896019,sale,5,False,190000000,1217948.72,156.0,77.7,29.3,13,17,,monolith,Хамовники,,dupt,False,КОЛЛЕКЦИЯ ЛУЖНИКИ,"Москва, жилой комплекс Коллекция Лужники",55.714344080273975,37.57406048283202,,,,,2026-09-04,https://www.cian.ru/sale/flat/331896019/,3plus,2026-09-05 11:28
333537148,sale,4,False,702410000,3512050.0,200.0,73.8,55.7,9,12,,monolith,Хамовники,,fz214,True,Клубный квартал «Фрунзенский»,"Москва, Фрунзенская набережная, 30",55.724679888165184,37.584960369475034,,,,,2026-09-05,https://www.cian.ru/sale/flat/333537148/,3plus,2026-09-05 11:28
328917133,sale,3,False,260000000,2574257.43,101.0,56.5,10.0,8,13,,monolith,Хамовники,,free,False,Садовые кварталы,"г. Москва, ул. Усачева, д. 15А",55.7256,37.570276,,,,,2026-09-04,https://www.cian.ru/sale/flat/328917133/,3plus,2026-09-05 11:28
332444912,sale,3,False,609670070,2783881.6,219.0,,15.0,2,5,2015.0,monolith,Хамовники,,free,False,Кленовый DOM,"Россия, Москва, Пречистенская набережная, 5",55.736584,37.600846,,,,,2026-08-31,https://www.cian.ru/sale/flat/332444912/,3plus,2026-09-05 11:28
333380224,sale,5,False,3231970000,9287270.11,348.0,81.9,94.0,6,6,,monolith,Хамовники,,fz214,True,Клубный дом Обыденский №1,"Москва, 3-й Обыденский переулок, 1",55.742005340258,37.6042283644176,,,,,2026-09-01,https://www.cian.ru/sale/flat/333380224/,3plus,2026-09-05 11:28
322957892,sale,6,False,189000000,739436.62,255.6,,,7,7,,,Хамовники,,free,False,,"Россия, г. Москва, Остоженка ул., д. 5",55.74333,37.601439,,,,,2026-09-05,https://www.cian.ru/sale/flat/322957892/,3plus,2026-09-05 11:28
332663808,sale,4,False,150000000,1200000.0,125.0,91.0,11.0,6,6,1911.0,brick,Хамовники,,free,False,,"Москва, Знаменка ул., 15",55.749983,37.604969,,,,,2026-09-04,https://www.cian.ru/sale/flat/332663808/,3plus,2026-09-05 11:28
330707597,sale,3,False,210805239,2558316.01,82.4,14.5,43.6,4,4,,monolith,Хамовники,,fz214,True,Саввинская 17,"Москва, Саввинская набережная, 17",55.7346476689809,37.5656114318769,,,,,2026-09-04,https://www.cian.ru/sale/flat/330707597/,3plus,2026-09-05 11:28
319352551,sale,4,False,405000000,2657480.31,152.4,,15.0,9,15,2021.0,monolith,Хамовники,,free,False,White Khamovniki,"Москва, Олсуфьевский пер., д. 9, к. 1",55.732702,37.579933,,,,,2026-09-04,https://www.cian.ru/sale/flat/319352551/,3plus,2026-09-05 11:28
332652939,sale,3,False,39500000,690559.44,57.2,42.5,5.0,4,5,1962.0,brick,Хамовники,,free,False,,"г Москва, Комсомольский пр-кт, д 17",55.729432,37.587084,,,,,2026-09-04,https://www.cian.ru/sale/flat/332652939/,3plus,2026-09-05 11:28
333537196,sale,4,False,1250070000,4624750.28,270.3,77.3,55.8,12,13,,monolith,Хамовники,,fz214,True,Клубный квартал «Фрунзенский»,"Москва, Фрунзенская набережная, 30",55.724679888165184,37.584960369475034,,,,,2026-09-05,https://www.cian.ru/sale/flat/333537196/,3plus,2026-09-05 11:28
326367397,sale,4,False,380000000,1314878.89,289.0,145.0,50.0,3,7,2004.0,monolithBrick,Хамовники,,free,False,,"Москва, Пожарский переулок, 5А",55.74038,37.603765,,,,,2026-09-04,https://www.cian.ru/sale/flat/326367397/,3plus,2026-09-05 11:28
331176835,sale,4,False,38500000,452941.18,85.0,60.6,7.0,2,5,1929.0,brick,Хамовники,,alternative,False,,"Москва, Доватора ул., 11К1",55.7231,37.56759,,,,,2026-09-03,https://www.cian.ru/sale/flat/331176835/,3plus,2026-09-05 11:28
333380228,sale,4,False,987900000,4239914.16,233.0,72.8,54.3,4,6,,monolith,Хамовники,,fz214,True,Клубный дом Обыденский №1,"Москва, 3-й Обыденский переулок, 1",55.742005340258,37.6042283644176,,,,,2026-09-01,https://www.cian.ru/sale/flat/333380228/,3plus,2026-09-05 11:28
324116883,sale,4,False,245000000,1884615.38,130.0,,20.0,3,9,,monolith,Хамовники,,free,False,SAVVIN RIVER RESIDENCE,"Россия, Москва, Саввинская набережная, 13",55.73554,37.567267,,,,,2026-09-04,https://www.cian.ru/sale/flat/324116883/,3plus,2026-09-05 11:28
330386808,sale,4,False,749000000,3339277.75,224.3,150.0,25.0,11,14,2021.0,monolith,Хамовники,,free,False,Brodsky,"Россия, Москва, 1-й переулок Тружеников, 16",55.737466,37.571103,,,,,2026-08-30,https://www.cian.ru/sale/flat/330386808/,3plus,2026-09-05 11:28
330548728,sale,3,False,285367000,1959938.19,145.6,53.5,48.1,12,18,,monolith,Хамовники,,fz214,True,КОЛЛЕКЦИЯ ЛУЖНИКИ,"Москва, Лужнецкая набережная",55.7156081703927,37.5715492461217,,,,,2026-09-01,https://www.cian.ru/sale/flat/330548728/,3plus,2026-09-05 11:28
325305066,sale,4,False,295000000,1372093.02,215.0,131.0,19.0,15,15,,monolithBrick,Хамовники,,free,False,,"Москва, Саввинская наб., д. 9",55.736914,37.569396,,,,,2026-09-04,https://www.cian.ru/sale/flat/325305066/,3plus,2026-09-05 11:28
332815766,sale,5,False,71990000,594958.68,121.0,81.0,12.0,3,16,1988.0,block,Хамовники,,free,False,,"Россия, Москва, Большой Саввинский переулок, 1",55.73591,37.570788,,,,,2026-08-12,https://www.cian.ru/sale/flat/332815766/,3plus,2026-09-05 11:28
333537230,sale,5,False,2259520000,6255592.47,361.2,121.5,75.1,12,12,,monolith,Хамовники,,fz214,True,Клубный квартал «Фрунзенский»,"Москва, Фрунзенская набережная, 30",55.724679888165184,37.584960369475034,,,,,2026-09-02,https://www.cian.ru/sale/flat/333537230/,3plus,2026-09-05 11:28
324923398,sale,4,False,405000000,2657480.31,152.4,,20.0,9,15,,monolith,Хамовники,,free,False,White Khamovniki,"Россия, Москва, Олсуфьевский переулок, 9к1",55.732702,37.579933,,,,,2026-09-04,https://www.cian.ru/sale/flat/324923398/,3plus,2026-09-05 11:28
333545533,sale,3,False,62000000,727699.53,85.2,60.7,8.1,2,10,1959.0,stalin,Хамовники,,alternative,False,,"Россия, Москва, Фрунзенская набережная, 36/2",55.722157,37.584721,,,,,2026-09-03,https://www.cian.ru/sale/flat/333545533/,3plus,2026-09-05 11:28
333380226,sale,4,False,1660720000,3808990.83,436.0,76.3,106.4,1,6,,monolith,Хамовники,,fz214,True,Клубный дом Обыденский №1,"Москва, 3-й Обыденский переулок, 1",55.742005340258,37.6042283644176,,,,,2026-09-01,https://www.cian.ru/sale/flat/333380226/,3plus,2026-09-05 11:28
329492307,sale,5,False,295000000,1372093.02,215.0,,15.0,15,15,2006.0,monolith,Хамовники,,free,False,,"Москва, Саввинская наб., д. 9",55.736914,37.569396,,,,,2026-09-04,https://www.cian.ru/sale/flat/329492307/,3plus,2026-09-05 11:28
332217095,sale,3,False,40500000,551020.41,73.5,,5.0,3,6,1926.0,brick,Хамовники,,free,False,,"Россия, Москва, Кооперативная улица, 2к12",55.724778,37.567069,,,,,2026-09-01,https://www.cian.ru/sale/flat/332217095/,3plus,2026-09-05 11:28
330582805,sale,3,False,301308051,2256989.15,133.5,78.7,10.1,2,6,,monolith,Хамовники,,fz214,True,Саввинская 27,"Москва, Саввинская набережная, 27",55.730669,37.557942,,,,,2026-09-04,https://www.cian.ru/sale/flat/330582805/,3plus,2026-09-05 11:28
328765591,sale,4,False,245000000,1884615.38,130.0,,10.0,3,9,2021.0,,Хамовники,,free,False,SAVVIN RIVER RESIDENCE,"Москва, Саввинская наб., д. 13",55.73554,37.567267,,,,,2026-09-04,https://www.cian.ru/sale/flat/328765591/,3plus,2026-09-05 11:28
333345227,sale,3,False,38000000,550724.64,69.0,45.0,8.0,4,8,1960.0,brick,Хамовники,,free,False,,"Россия, Москва, Комсомольский проспект, 44",55.720687,37.572378,,,,,2026-09-04,https://www.cian.ru/sale/flat/333345227/,3plus,2026-09-05 11:28
333537169,sale,4,False,531330000,2593118.59,204.9,112.9,57.6,7,13,,monolith,Хамовники,,fz214,True,Клубный квартал «Фрунзенский»,"Москва, Фрунзенская набережная, 30",55.724679888165184,37.584960369475034,,,,,2026-09-05,https://www.cian.ru/sale/flat/333537169/,3plus,2026-09-05 11:28
333472707,sale,5,False,260000000,1262135.92,206.0,,,5,9,2007.0,monolithBrick,Хамовники,,free,False,,"Россия, г. Москва, Ростовский 7-й пер., д. 15",55.741115,37.573151,,,,,2026-09-05,https://www.cian.ru/sale/flat/333472707/,3plus,2026-09-05 11:28
333380227,sale,5,False,1423180000,2818178.22,505.0,64.7,12.4,1,6,,monolith,Хамовники,,fz214,True,Клубный дом Обыденский №1,"Москва, 3-й Обыденский переулок, 1",55.742005340258,37.6042283644176,,,,,2026-09-01,https://www.cian.ru/sale/flat/333380227/,3plus,2026-09-05 11:28
322764035,sale,3,False,350000000,2517985.61,139.0,52.1,42.8,3,14,,brick,Хамовники,,free,False,Brodsky,"Москва, 1-й Тружеников переулок, 16-18",55.737466,37.571103,,,,,2026-09-04,https://www.cian.ru/sale/flat/322764035/,3plus,2026-09-05 11:28
329605075,sale,5,False,165000000,708458.57,232.9,132.1,15.5,1,6,1914.0,block,Хамовники,,free,False,,"г Москва, г Москва, Чистый пер, 6стр2",55.743086,37.591755,,,,,2026-09-04,https://www.cian.ru/sale/flat/329605075/,3plus,2026-09-05 11:28
324759213,sale,4,False,410833000,2425224.32,169.4,55.3,50.8,15,18,,monolith,Хамовники,,fz214,True,КОЛЛЕКЦИЯ ЛУЖНИКИ,"Москва, жилой комплекс Коллекция Лужники",55.714344080273975,37.57406048283202,,,,,2026-09-01,https://www.cian.ru/sale/flat/324759213/,3plus,2026-09-05 11:28
318719181,sale,3,False,340000000,2635658.91,129.0,90.0,15.0,5,6,2023.0,monolith,Хамовники,,free,False,Villa Grace,"Москва, Пожарский переулок, 3",55.740254,37.60434,,,,,2026-09-04,https://www.cian.ru/sale/flat/318719181/,3plus,2026-09-05 11:28
333029707,sale,4,False,55000000,696202.53,79.0,54.6,7.7,8,8,1962.0,brick,Хамовники,,alternative,False,,"Россия, Москва, Комсомольский проспект, 23/7к2",55.726634,37.583993,,,,,2026-09-02,https://www.cian.ru/sale/flat/333029707/,3plus,2026-09-05 11:28
333537173,sale,3,False,472550000,2522957.82,187.3,53.5,54.7,7,13,,monolith,Хамовники,,fz214,True,Клубный квартал «Фрунзенский»,"Москва, Фрунзенская набережная, 30",55.724679888165184,37.584960369475034,,,,,2026-09-05,https://www.cian.ru/sale/flat/333537173/,3plus,2026-09-05 11:28
330291108,sale,3,False,340000000,2637703.65,128.9,,15.0,5,6,2020.0,monolithBrick,Хамовники,,free,False,Villa Grace,"Москва, Пожарский переулок, 3",55.740254,37.60434,,,,,2026-09-04,https://www.cian.ru/sale/flat/330291108/,3plus,2026-09-05 11:28
331320730,sale,3,False,55500000,637931.03,87.0,,13.0,3,12,1972.0,brick,Хамовники,,free,False,,"Россия, Москва, Новоконюшенный переулок, 11",55.740345,37.580086,,,,,2026-09-04,https://www.cian.ru/sale/flat/331320730/,3plus,2026-09-05 11:28
330548725,sale,3,False,209895000,1661876.48,126.3,45.3,37.5,9,18,,monolith,Хамовники,,fz214,True,КОЛЛЕКЦИЯ ЛУЖНИКИ,"Москва, Лужнецкая набережная",55.7156081703927,37.5715492461217,,,,,2026-09-01,https://www.cian.ru/sale/flat/330548725/,3plus,2026-09-05 11:28
332119305,sale,3,False,474300000,3100000.0,153.0,,28.4,10,13,,monolithBrick,Хамовники,,free,False,Садовые кварталы,"Москва, Усачева улица, 11Б, квартал 3(3.2)",55.727724,37.572288,,,,,2026-09-04,https://www.cian.ru/sale/flat/332119305/,3plus,2026-09-05 11:28
332183239,sale,4,False,60000000,696864.11,86.1,60.6,10.0,5,5,1785.0,brick,Хамовники,,free,False,,"Россия, Москва, улица Пречистенка, 17/9",55.742048,37.595123,,,,,2026-08-21,https://www.cian.ru/sale/flat/332183239/,3plus,2026-09-05 11:28
330582806,sale,3,False,410692063,3130274.87,131.2,74.0,9.8,5,6,,monolith,Хамовники,,fz214,True,Саввинская 27,"Москва, Саввинская набережная, 27",55.730669,37.557942,,,,,2026-09-02,https://www.cian.ru/sale/flat/330582806/,3plus,2026-09-05 11:28
321478091,sale,4,False,490000000,2008196.72,244.0,,,4,6,2009.0,,Хамовники,,free,False,Course House,"Россия, г. Москва, Пречистенская наб., д. 19",55.741044,37.606029,,,,,2026-09-05,https://www.cian.ru/sale/flat/321478091/,3plus,2026-09-05 11:28
333388939,sale,4,False,120000000,749063.67,160.2,104.0,10.0,6,11,1958.0,brick,Хамовники,,free,False,,"Россия, Москва, Фрунзенская набережная, 38/1",55.721006,37.584326,,,,,2026-08-31,https://www.cian.ru/sale/flat/333388939/,3plus,2026-09-05 11:28
333537181,sale,4,False,690100000,3692348.85,186.9,65.8,54.0,9,13,,monolith,Хамовники,,fz214,True,Клубный квартал «Фрунзенский»,"Москва, Фрунзенская набережная, 30",55.724679888165184,37.584960369475034,,,,,2026-09-05,https://www.cian.ru/sale/flat/333537181/,3plus,2026-09-05 11:28
328854393,sale,5,False,500000000,2500000.0,200.0,154.0,10.0,4,11,2008.0,monolithBrick,Хамовники,,free,False,Фьюжн парк,"Москва, ул. Усачева, 2С3",55.730426,37.574067,,,,,2026-09-04,https://www.cian.ru/sale/flat/328854393/,3plus,2026-09-05 11:28
333534760,sale,3,False,115000000,1017699.12,113.0,,13.0,2,11,1985.0,brick,Хамовники,,free,False,,"Россия, Москва, Денежный переулок, 22",55.745387,37.587317,,,,,2026-09-02,https://www.cian.ru/sale/flat/333534760/,3plus,2026-09-05 11:28
332519700,sale,3,False,740179720,4070500.0,181.84,85.0,,3,11,,monolithBrick,Хамовники,,free,False,Веспер Погодинская,"Москва, Погодинская улица",55.729104468923346,37.56003355323304,,,,,2026-08-28,https://www.cian.ru/sale/flat/332519700/,3plus,2026-09-05 11:28
323948511,sale,5,False,500000000,2500000.0,200.0,141.0,20.0,4,7,,,Хамовники,,free,False,Фьюжн парк,"Россия, Москва, Усачёва улица, 2с3",55.730426,37.574067,,,,,2026-09-04,https://www.cian.ru/sale/flat/323948511/,3plus,2026-09-05 11:28
329516940,sale,5,False,79000000,730804.81,108.1,90.1,13.0,2,11,,,Хамовники,,free,False,,"Москва, набережная Ростовская, 5",55.742189,37.574992,,,,,2026-09-04,https://www.cian.ru/sale/flat/329516940/,3plus,2026-09-05 11:28
324759249,sale,3,False,192743000,1462389.98,131.8,46.5,26.6,2,17,,monolith,Хамовники,,fz214,True,КОЛЛЕКЦИЯ ЛУЖНИКИ,"Москва, жилой комплекс Коллекция Лужники",55.71376998359258,37.57238609533453,,,,,2026-09-02,https://www.cian.ru/sale/flat/324759249/,3plus,2026-09-05 11:28
331461063,sale,4,False,410000000,2240437.16,183.0,,,2,13,2019.0,monolithBrick,Хамовники,,free,False,Жизнь на Плющихе,"Россия, Москва, Погодинская улица, 2",55.735713,37.572351,,,,,2026-09-04,https://www.cian.ru/sale/flat/331461063/,3plus,2026-09-05 11:28
330730334,sale,4,False,51200000,691891.89,74.0,52.0,14.0,5,5,1928.0,brick,Хамовники,,free,False,,"Россия, Москва, Усачёва улица, 29к1",55.724429,37.563817,,,,,2026-09-02,https://www.cian.ru/sale/flat/330730334/,3plus,2026-09-05 11:28
333537098,sale,4,False,1571430000,6898287.97,227.8,69.2,63.5,12,12,,monolith,Хамовники,,fz214,True,Клубный квартал «Фрунзенский»,"Москва, Фрунзенская набережная, 30",55.724679888165184,37.584960369475034,,,,,2026-09-05,https://www.cian.ru/sale/flat/333537098/,3plus,2026-09-05 11:28
332707775,sale,5,False,589000000,2560869.57,230.0,,,6,13,2019.0,monolithBrick,Хамовники,,free,False,Жизнь на Плющихе,"Россия, Москва, Погодинская улица, 2",55.735713,37.572351,,,,,2026-09-04,https://www.cian.ru/sale/flat/332707775/,3plus,2026-09-05 11:28
308166945,sale,3,False,39990000,588088.24,68.0,30.0,28.0,8,11,,stalin,Хамовники,,free,False,,"Россия, Москва, улица Хамовнический Вал, 2",55.716133,37.576492,,,,,2026-08-31,https://www.cian.ru/sale/flat/308166945/,3plus,2026-09-05 11:28
330548767,sale,3,False,273971000,2290727.42,119.6,44.5,38.7,15,18,,monolith,Хамовники,,fz214,True,КОЛЛЕКЦИЯ ЛУЖНИКИ,"Москва, жилой комплекс Коллекция Лужники",55.714344080273975,37.57406048283202,,,,,2026-09-01,https://www.cian.ru/sale/flat/330548767/,3plus,2026-09-05 11:28
330656835,sale,3,False,220000000,1675552.17,131.3,,,10,14,,monolithBrick,Хамовники,,free,False,Садовые кварталы,"Москва, Усачева улица, 15А, квартал 2(2.10)",55.7256,37.570276,,,,,2026-09-04,https://www.cian.ru/sale/flat/330656835/,3plus,2026-09-05 11:28
332056615,sale,5,False,84900000,673809.52,126.0,,10.0,4,4,1906.0,brick,Хамовники,,free,False,,"Россия, Москва город, проезд Зубовский, дом 2, корпус 2",55.73625,37.589464,,,,,2026-09-04,https://www.cian.ru/sale/flat/332056615/,3plus,2026-09-05 11:28
332519717,sale,3,False,571229274,3058300.0,186.78,90.3,,3,11,,monolithBrick,Хамовники,,free,False,Веспер Погодинская,"Москва, Погодинская улица",55.729104468923346,37.56003355323304,,,,,2026-08-28,https://www.cian.ru/sale/flat/332519717/,3plus,2026-09-05 11:28
332430836,sale,6,False,360000000,1756097.56,205.0,,20.0,17,20,2002.0,monolithBrick,Хамовники,,free,False,,"Москва, Комсомольский проспект, 32",55.7249,37.57687,,,,,2026-09-04,https://www.cian.ru/sale/flat/332430836/,3plus,2026-09-05 11:28
332803993,sale,3,False,75000000,1000000.0,75.0,54.0,12.0,8,9,1956.0,brick,Хамовники,,free,False,,"Россия, Москва, 3-я Фрунзенская улица, 4",55.720337,37.58243,,,,,2026-08-23,https://www.cian.ru/sale/flat/332803993/,3plus,2026-09-05 11:28
333537180,sale,4,False,515820000,2835733.92,181.9,61.1,57.6,9,13,,monolith,Хамовники,,fz214,True,Клубный квартал «Фрунзенский»,"Москва, Фрунзенская набережная, 30",55.724679888165184,37.584960369475034,,,,,2026-09-05,https://www.cian.ru/sale/flat/333537180/,3plus,2026-09-05 11:28
323191112,sale,4,False,480000000,2000000.0,240.0,88.6,29.6,6,6,,monolithBrick,Хамовники,,free,False,Садовые кварталы,"Москва, Усачева улица, 15А, квартал 2(2.7)",55.7256,37.570276,,,,,2026-09-04,https://www.cian.ru/sale/flat/323191112/,3plus,2026-09-05 11:28
331128908,sale,6,False,69850000,500000.0,139.7,102.0,10.0,3,5,1930.0,monolith,Хамовники,,free,False,,"Россия, Москва, Усачёва улица, 62",55.724865,37.562874,,,,,2026-09-04,https://www.cian.ru/sale/flat/331128908/,3plus,2026-09-05 11:28
331611235,sale,3,False,189651000,1703962.26,111.3,39.2,33.3,17,18,,monolith,Хамовники,,fz214,True,КОЛЛЕКЦИЯ ЛУЖНИКИ,"Москва, Лужнецкая набережная",55.7156081703927,37.5715492461217,,,,,2026-09-01,https://www.cian.ru/sale/flat/331611235/,3plus,2026-09-05 11:28
333497434,sale,4,False,535000000,2377777.78,225.0,,24.0,5,7,2015.0,monolith,Хамовники,,free,False,Knightsbridge Private Park,"Россия, Москва, улица Ефремова, д. 19, корп. 2",55.721863,37.57139,,,,,2026-09-04,https://www.cian.ru/sale/flat/333497434/,3plus,2026-09-05 11:28
318203856,sale,6,False,1700000000,6064930.43,280.3,,20.0,6,8,2012.0,monolith,Хамовники,,free,False,Пречистенка 13,"Москва, Пречистенка улица, д. 13",55.74225,37.596651,,,,,2026-09-04,https://www.cian.ru/sale/flat/318203856/,3plus,2026-09-05 11:28
333537256,sale,4,False,1106820000,4552941.18,243.1,78.7,74.3,12,12,,monolith,Хамовники,,fz214,True,Клубный квартал «Фрунзенский»,"Москва, Фрунзенская набережная, 30",55.724679888165184,37.584960369475034,,,,,2026-09-05,https://www.cian.ru/sale/flat/333537256/,3plus,2026-09-05 11:28
327477216,sale,4,False,535000000,2229166.67,240.0,95.0,30.0,5,7,,monolithBrick,Хамовники,,free,False,Парк Палас,"Москва, Хилков 1",55.736681,37.599319,,,,,2026-09-02,https://www.cian.ru/sale/flat/327477216/,3plus,2026-09-05 11:28
329575620,sale,4,False,118000000,980881.13,120.3,,11.1,7,10,1975.0,brick,Хамовники,,free,False,,"Россия, Москва, Гагаринский переулок, 6",55.745053,37.598106,,,,,2026-09-03,https://www.cian.ru/sale/flat/329575620/,3plus,2026-09-05 11:28
324759208,sale,4,False,432703000,2486798.85,174.0,64.2,60.4,8,18,,monolith,Хамовники,,fz214,True,КОЛЛЕКЦИЯ ЛУЖНИКИ,"Москва, жилой комплекс Коллекция Лужники",55.71333692108894,37.570690939236,,,,,2026-09-01,https://www.cian.ru/sale/flat/324759208/,3plus,2026-09-05 11:28
332239853,sale,4,False,415000000,1976190.48,210.0,105.0,30.0,2,8,2004.0,monolithBrick,Хамовники,,free,False,Новая Остоженка,"Москва, 1-й зачатьевский переулок 5",55.739022,37.603819,,,,,2026-09-03,https://www.cian.ru/sale/flat/332239853/,3plus,2026-09-05 11:28
326686500,sale,6,False,169900000,866836.73,196.0,,15.0,12,16,1956.0,brick,Хамовники,,free,False,,"Москва, Фрунзенская набережная, д. 50",55.718633,37.576879,,,,,2026-09-04,https://www.cian.ru/sale/flat/326686500/,3plus,2026-09-05 11:28
333564424,sale,6,False,4821171812,8470084.0,569.2,253.8,22.1,5,5,,monolith,Хамовники,,fz214,True,Лё Дом,"Москва, Соймоновский проезд, 3",55.7425815166732,37.605376568122,,,,,2026-09-04,https://www.cian.ru/sale/flat/333564424/,3plus,2026-09-05 11:28
330542297,sale,4,False,500000000,1953125.0,256.0,200.0,30.0,2,7,,monolithBrick,Хамовники,,free,False,Парк Палас,"Москва, Хилков переулок, 1",55.736681,37.599319,,,,,2026-09-04,https://www.cian.ru/sale/flat/330542297/,3plus,2026-09-05 11:28
317328150,sale,4,False,725000000,3502415.46,207.0,,15.0,5,14,,monolithBrick,Хамовники,,dupt,False,Хамовники 12,"Россия, Москва, 1-й переулок Тружеников, 12",55.73776546854479,37.572766970568146,,,,,2026-08-28,https://www.cian.ru/sale/flat/317328150/,3plus,2026-09-05 11:28
333537269,sale,5,False,1364620000,4662179.71,292.7,85.6,77.7,12,12,,monolith,Хамовники,,fz214,True,Клубный квартал «Фрунзенский»,"Москва, Фрунзенская набережная, 30",55.724679888165184,37.584960369475034,,,,,2026-09-05,https://www.cian.ru/sale/flat/333537269/,3plus,2026-09-05 11:28
333180427,sale,4,False,220000000,1271676.3,173.0,,20.0,3,5,1913.0,brick,Хамовники,,free,False,,"Россия, Москва, Малый Лёвшинский переулок, 7с1",55.741982,37.588916,,,,,2026-09-04,https://www.cian.ru/sale/flat/333180427/,3plus,2026-09-05 11:28
331199917,sale,5,False,189000000,738281.25,256.0,141.0,30.0,7,7,,monolithBrick,Хамовники,,free,False,,"Москва, ул. Остоженка, д.5",55.74333,37.601439,,,,,2026-09-04,https://www.cian.ru/sale/flat/331199917/,3plus,2026-09-05 11:28
333537054,sale,4,False,638860000,3296491.23,193.8,65.1,48.8,5,10,,monolith,Хамовники,,fz214,True,Клубный квартал «Фрунзенский»,"Москва, Фрунзенская набережная, 30",55.7244588775083,37.5843810123283,,,,,2026-09-05,https://www.cian.ru/sale/flat/333537054/,3plus,2026-09-05 11:28
310433710,sale,3,False,450000000,2612330.2,172.26,,15.0,5,7,2015.0,monolith,Хамовники,,free,False,Knightsbridge Private Park,"Москва, Ефремова ул., д. 19, к. 4",55.721863,37.568875,,,,,2026-09-04,https://www.cian.ru/sale/flat/310433710/,3plus,2026-09-05 11:28
332148946,sale,5,False,260000000,1262135.92,206.0,,67.4,5,9,2006.0,monolith,Хамовники,,free,False,,"Россия, Москва, 7-й Ростовский переулок, 15",55.741115,37.573151,,,,,2026-08-31,https://www.cian.ru/sale/flat/332148946/,3plus,2026-09-05 11:28
333087247,sale,4,False,500000000,1945525.29,257.0,,20.0,2,8,2009.0,brick,Хамовники,,free,False,Парк Палас,"Россия, Москва, Хилков переулок, 1",55.736681,37.599319,,,,,2026-09-04,https://www.cian.ru/sale/flat/333087247/,3plus,2026-09-05 11:28
332096105,sale,4,False,139000000,868750.0,160.0,,15.0,5,7,,brick,Хамовники,,free,False,,"Россия, Москва город, улица Знаменка, дом 13, строение 1",55.74979,37.605706,,,,,2026-08-20,https://www.cian.ru/sale/flat/332096105/,3plus,2026-09-05 11:28
330577198,sale,4,False,415000000,1976190.48,210.0,130.0,20.0,2,7,2004.0,monolith,Хамовники,,free,False,Новая Остоженка,"Москва, Зачатьевский 1-й пер., д. 5",55.739022,37.603819,,,,,2026-09-04,https://www.cian.ru/sale/flat/330577198/,3plus,2026-09-05 11:28
327488364,sale,5,False,1130951900,2128249.72,531.4,450.0,20.0,2,6,2002.0,monolith,Хамовники,,free,False,Молочный 1,"Россия, Москва, Молочный переулок, 1",55.73888,37.602005,,,,,2026-08-26,https://www.cian.ru/sale/flat/327488364/,3plus,2026-09-05 11:28
333537106,sale,4,False,608270000,2944191.67,206.6,74.4,55.7,4,12,,monolith,Хамовники,,fz214,True,Клубный квартал «Фрунзенский»,"Москва, Фрунзенская набережная, 30",55.724679888165184,37.584960369475034,,,,,2026-09-05,https://www.cian.ru/sale/flat/333537106/,3plus,2026-09-05 11:28
329738396,sale,6,False,450000000,1092233.01,412.0,,20.0,4,7,2004.0,monolith,Хамовники,,free,False,,"Россия, Москва, Земледельческий переулок, 11",55.740902,37.578154,,,,,2026-09-04,https://www.cian.ru/sale/flat/329738396/,3plus,2026-09-05 11:28
314123518,sale,3,False,53000000,735090.15,72.1,49.3,7.6,4,5,1896.0,brick,Хамовники,,free,False,,"Россия, Москва, Малый Лёвшинский переулок, 3",55.741211,37.589841,,,,,2026-08-24,https://www.cian.ru/sale/flat/314123518/,3plus,2026-09-05 11:28
324759267,sale,3,False,259069000,1811671.33,143.0,45.0,47.1,4,18,,monolith,Хамовники,,fz214,True,КОЛЛЕКЦИЯ ЛУЖНИКИ,"Москва, Лужнецкая набережная",55.7147723668241,37.5721607897779,,,,,2026-09-04,https://www.cian.ru/sale/flat/324759267/,3plus,2026-09-05 11:28
322283958,sale,4,False,535000000,2247899.16,238.0,190.0,,5,8,,monolith,Хамовники,,free,False,Парк Палас,"Москва, переулок Хилков, 1",55.736681,37.599319,,,,,2026-09-04,https://www.cian.ru/sale/flat/322283958/,3plus,2026-09-05 11:28
332972746,sale,4,False,399000000,2265758.09,176.1,,20.0,3,7,2015.0,monolith,Хамовники,,free,False,Knightsbridge Private Park,"Россия, Москва, улица Ефремова, 19к1",55.722568,37.570357,,,,,2026-09-04,https://www.cian.ru/sale/flat/332972746/,3plus,2026-09-05 11:28
333082537,sale,3,False,422355612,3025470.0,139.6,70.6,9.6,2,10,,monolith,Хамовники,,fz214,True,Узоры,"Москва, 2-й Вражский переулок, 8с2",55.7393082371145,37.5734459828025,,,,,2026-08-19,https://www.cian.ru/sale/flat/333082537/,3plus,2026-09-05 11:28
327502967,sale,3,False,215000000,2028301.89,106.0,,12.0,7,12,2014.0,monolith,Хамовники,,free,False,Садовые кварталы,"Россия, Москва, улица Ефремова, 10к1",55.725154,37.574507,,,,,2026-09-01,https://www.cian.ru/sale/flat/327502967/,3plus,2026-09-05 11:28
309181776,sale,4,False,171812104,1209944.39,142.0,85.3,23.7,13,14,,brick,Хамовники,,free,False,,"Россия, Москва, 1-й переулок Тружеников, 17",55.736985,37.57333,,,,,2026-08-27,https://www.cian.ru/sale/flat/309181776/,3plus,2026-09-05 11:28
333537279,sale,4,False,583310000,2375040.72,245.6,105.5,69.1,3,13,,monolith,Хамовники,,fz214,True,Клубный квартал «Фрунзенский»,"Москва, Фрунзенская набережная, 30",55.724679888165184,37.584960369475034,,,,,2026-09-05,https://www.cian.ru/sale/flat/333537279/,3plus,2026-09-05 11:28
303911233,sale,6,False,300000000,854700.85,351.0,232.4,75.4,5,5,1901.0,monolith,Хамовники,,free,False,Власьевская Слобода,"Москва, Гагаринский пер., д. 24/7 стр. 2",55.745377,37.590578,,,,,2026-09-04,https://www.cian.ru/sale/flat/303911233/,3plus,2026-09-05 11:28
330531983,sale,4,False,88000000,871287.13,101.0,75.0,12.0,3,9,1958.0,brick,Хамовники,,alternative,False,,"Москва, Фрунзенская набережная, 28",55.724469,37.587048,,,,,2026-09-03,https://www.cian.ru/sale/flat/330531983/,3plus,2026-09-05 11:28
330816125,sale,3,False,285793000,1870373.04,152.8,46.7,55.0,4,18,,monolith,Хамовники,,fz214,True,КОЛЛЕКЦИЯ ЛУЖНИКИ,"Москва, Лужнецкая набережная",55.7147723668241,37.5721607897779,,,,,2026-09-04,https://www.cian.ru/sale/flat/330816125/,3plus,2026-09-05 11:28
333442916,sale,3,False,220000000,1692307.69,130.0,65.8,19.6,10,16,,monolithBrick,Хамовники,,free,False,Садовые кварталы,"Москва, ул. Усачева д. 15А",55.7256,37.570276,,,,,2026-09-04,https://www.cian.ru/sale/flat/333442916/,3plus,2026-09-05 11:28
332768428,sale,3,False,71500000,770474.14,92.8,,10.4,2,5,1928.0,brick,Хамовники,,free,False,,"Россия, Москва, Большой Лёвшинский переулок, 8А",55.742149,37.587245,,,,,2026-08-31,https://www.cian.ru/sale/flat/332768428/,3plus,2026-09-05 11:28
329522513,sale,3,False,412978419,2935170.0,140.7,70.4,15.2,2,9,,monolith,Хамовники,,fz214,True,Узоры,"Москва, 2-й Вражский переулок, 8с2",55.7393082371145,37.5734459828025,,,,,2026-07-15,https://www.cian.ru/sale/flat/329522513/,3plus,2026-09-05 11:28
328712802,sale,4,False,380000000,2714285.71,140.0,74.0,27.0,6,12,,monolith,Хамовники,,free,False,Садовые кварталы,"Москва, ул. Усачева д.15",55.726836,37.570357,,,,,2026-09-04,https://www.cian.ru/sale/flat/328712802/,3plus,2026-09-05 11:28
330852867,sale,5,False,140000000,1155115.51,121.2,80.5,12.3,4,4,1917.0,brick,Хамовники,,alternative,False,,"Россия, Москва, Пречистенская набережная, 45/1с3",55.746375,37.60805,,,,,2026-08-10,https://www.cian.ru/sale/flat/330852867/,3plus,2026-09-05 11:28
333537275,sale,4,False,581000000,2527185.73,229.9,97.3,71.5,3,13,,monolith,Хамовники,,fz214,True,Клубный квартал «Фрунзенский»,"Москва, Фрунзенская набережная, 30",55.724679888165184,37.584960369475034,,,,,2026-09-05,https://www.cian.ru/sale/flat/333537275/,3plus,2026-09-05 11:28
330055463,sale,3,False,333000000,2822033.9,118.0,105.0,8.0,15,15,,monolith,Хамовники,,free,False,Садовые кварталы,"Москва, ул. Усачева, дом 15, к. В",55.726836,37.570357,,,,,2026-09-04,https://www.cian.ru/sale/flat/330055463/,3plus,2026-09-05 11:28
332902931,sale,4,False,75000000,961538.46,78.0,,,3,8,1958.0,block,Хамовники,,,False,,"Россия, Москва, улица Хамовнический Вал, 14",55.71802,37.573753,,,,,2026-09-04,https://www.cian.ru/sale/flat/332902931/,3plus,2026-09-05 11:28
330816128,sale,3,False,223094000,1635586.51,136.4,44.7,48.8,2,17,,monolith,Хамовники,,fz214,True,КОЛЛЕКЦИЯ ЛУЖНИКИ,"Москва, Лужнецкая набережная",55.7139668271363,37.5699238274583,,,,,2026-09-03,https://www.cian.ru/sale/flat/330816128/,3plus,2026-09-05 11:28
331646652,sale,5,False,440000000,1961658.49,224.3,,,3,6,2000.0,monolith,Хамовники,,free,False,Дом в Зубовском проезде,"Москва, Зубовский проезд, д. 1",55.736351,37.588503,,,,,2026-09-04,https://www.cian.ru/sale/flat/331646652/,3plus,2026-09-05 11:28
331117917,sale,6,False,1095777200,1876330.82,584.0,375.0,56.0,5,5,2007.0,monolith,Хамовники,,free,False,,"Россия, Москва, Молочный переулок, 7",55.738992,37.600666,,,,,2026-09-04,https://www.cian.ru/sale/flat/331117917/,3plus,2026-09-05 11:28
329522518,sale,4,False,640346850,3177900.0,201.5,104.2,14.5,5,9,,monolith,Хамовники,,fz214,True,Узоры,"Москва, 2-й Вражский переулок, 8с2",55.7393082371145,37.5734459828025,,,,,2026-07-15,https://www.cian.ru/sale/flat/329522518/,3plus,2026-09-05 11:28
331119214,sale,4,False,535000000,2377777.78,225.0,,,5,7,2015.0,,Хамовники,,free,False,Knightsbridge Private Park,"Москва, Ефремова ул., д. 19, к. 2",55.721863,37.57139,,,,,2026-09-04,https://www.cian.ru/sale/flat/331119214/,3plus,2026-09-05 11:28
332009134,sale,3,False,67000000,862290.86,77.7,52.2,8.6,7,7,1958.0,brick,Хамовники,,free,False,,"Россия, Москва, Денежный переулок, 8-10",55.743269,37.588206,,,,,2026-09-03,https://www.cian.ru/sale/flat/332009134/,3plus,2026-09-05 11:28
333537165,sale,4,False,658820000,3062854.49,215.1,80.5,53.6,6,13,,monolith,Хамовники,,fz214,True,Клубный квартал «Фрунзенский»,"Москва, Фрунзенская набережная, 30",55.724679888165184,37.584960369475034,,,,,2026-09-05,https://www.cian.ru/sale/flat/333537165/,3plus,2026-09-05 11:28
299784692,sale,6,False,993000000,2900116.82,342.4,,,11,12,2017.0,,Хамовники,,free,False,Садовые кварталы,"Россия, г. Москва, Усачева ул., д. 11И",55.72746,37.570698,,,,,2026-09-05,https://www.cian.ru/sale/flat/299784692/,3plus,2026-09-05 11:28
333061840,sale,3,False,35500000,686653.77,51.7,35.7,8.3,5,17,1967.0,panel,Хамовники,,free,False,,"Россия, Москва, Смоленский бульвар, 6-8",55.740517,37.586338,,,,,2026-09-04,https://www.cian.ru/sale/flat/333061840/,3plus,2026-09-05 11:28
326066146,sale,3,False,345000000,1844919.79,187.0,,10.0,3,7,2004.0,monolith,Хамовники,,free,False,Новая Остоженка,"Москва, Зачатьевский 1-й пер., д. 5",55.739022,37.603819,,,,,2026-09-04,https://www.cian.ru/sale/flat/326066146/,3plus,2026-09-05 11:28
333292303,sale,3,False,78978978,936879.93,84.3,50.0,14.0,2,9,1943.0,brick,Хамовники,,free,False,,"Россия, Москва, Фрунзенская набережная, 44с1",55.719688,37.582933,,,,,2026-09-05,https://www.cian.ru/sale/flat/333292303/,3plus,2026-09-05 11:28
294651840,sale,3,False,350000000,2556610.66,136.9,,10.0,5,12,2021.0,monolith,Хамовники,,free,False,Садовые кварталы,"Москва г., Усачёва ул., д. 13",55.726157,37.57201,,,,,2026-09-04,https://www.cian.ru/sale/flat/294651840/,3plus,2026-09-05 11:28
333537439,sale,3,False,602410000,3488187.61,172.7,52.6,54.5,7,10,,monolith,Хамовники,,fz214,True,Клубный квартал «Фрунзенский»,"Москва, Фрунзенская набережная, 30",55.72437864670762,37.58455535591348,,,,,2026-09-05,https://www.cian.ru/sale/flat/333537439/,3plus,2026-09-05 11:28
331189784,sale,4,False,500000000,1953125.0,256.0,,20.0,2,8,2009.0,monolith,Хамовники,,free,False,Парк Палас,"Москва, Хилков переулок, д. 1",55.736681,37.599319,,,,,2026-09-04,https://www.cian.ru/sale/flat/331189784/,3plus,2026-09-05 11:28
331977903,sale,5,False,820000000,3402489.63,241.0,151.0,21.0,6,9,2003.0,monolith,Хамовники,,free,False,,"Россия, Москва, Малый Лёвшинский переулок, 5к2",55.741632,37.589464,,,,,2026-09-04,https://www.cian.ru/sale/flat/331977903/,3plus,2026-09-05 11:28
318016991,sale,6,False,1750000000,6243310.74,280.3,,,6,8,2011.0,monolith,Хамовники,,free,False,Пречистенка 13,"Россия, г. Москва, Пречистенка ул., д. 13",55.742514,37.596264,,,,,2026-09-05,https://www.cian.ru/sale/flat/318016991/,3plus,2026-09-05 11:28
333406538,sale,4,False,187000000,819815.87,228.1,115.0,22.1,6,6,1911.0,brick,Хамовники,,free,False,,"Россия, Москва, Земледельческий переулок, 12",55.740563,37.578774,,,,,2026-08-29,https://www.cian.ru/sale/flat/333406538/,3plus,2026-09-05 11:28
332629082,sale,4,False,535000000,2488372.09,215.0,107.0,20.0,6,6,,monolithBrick,Хамовники,,free,False,Magnum,"Москва, Усачёва дом 9",55.728307,37.572414,,,,,2026-09-04,https://www.cian.ru/sale/flat/332629082/,3plus,2026-09-05 11:28
322768064,sale,3,False,200000000,2000000.0,100.0,65.0,5.8,8,12,,monolithBrick,Хамовники,,free,False,Barrin House,"Малая Пироговская ул., 8, Москва",55.72961,37.570474,,,,,2026-09-04,https://www.cian.ru/sale/flat/322768064/,3plus,2026-09-05 11:28
333537505,sale,3,False,562590000,3263283.06,172.4,52.6,54.5,5,10,,monolith,Хамовники,,fz214,True,Клубный квартал «Фрунзенский»,"Москва, Фрунзенская набережная, 30",55.72437864670762,37.58455535591348,,,,,2026-09-05,https://www.cian.ru/sale/flat/333537505/,3plus,2026-09-05 11:28
324600024,sale,4,False,500000000,1960784.31,255.0,150.0,30.0,2,7,2009.0,monolithBrick,Хамовники,,free,False,Парк Палас,"Россия, Москва, Хилков переулок, 1",55.736681,37.599319,,,,,2026-09-04,https://www.cian.ru/sale/flat/324600024/,3plus,2026-09-05 11:28
322687367,sale,5,False,996000000,2766666.67,360.0,,,5,5,,brick,Хамовники,,free,False,,"Россия, Москва, Молочный переулок, 6",55.738774,37.599381,,,,,2026-09-04,https://www.cian.ru/sale/flat/322687367/,3plus,2026-09-05 11:28
329713922,sale,3,False,336122000,2708477.03,124.1,41.6,29.2,16,17,,monolith,Хамовники,,fz214,True,КОЛЛЕКЦИЯ ЛУЖНИКИ,"Москва, Лужнецкая набережная",55.7145301007607,37.570851871778,,,,,2026-09-02,https://www.cian.ru/sale/flat/329713922/,3plus,2026-09-05 11:28
299727459,sale,5,False,738541200,2125298.42,347.5,,,6,6,2008.0,,Хамовники,,free,False,Особняк в Хилковом переулке,"Россия, г. Москва, Хилков пер., д. 5",55.738368,37.597001,,,,,2026-09-05,https://www.cian.ru/sale/flat/299727459/,3plus,2026-09-05 11:28
330620601,sale,4,False,125000000,838926.17,149.0,97.0,16.0,6,9,1912.0,brick,Хамовники,,free,False,,"Москва, Знаменка ул., 13С1",55.74979,37.605706,,,,,2026-09-03,https://www.cian.ru/sale/flat/330620601/,3plus,2026-09-05 11:28
333082541,sale,6,False,755657427,3636465.0,207.8,128.7,9.6,7,10,,monolith,Хамовники,,fz214,True,Узоры,"Москва, 2-й Вражский переулок, 8с2",55.7393082371145,37.5734459828025,,,,,2026-08-19,https://www.cian.ru/sale/flat/333082541/,3plus,2026-09-05 11:28
332510029,sale,3,False,535000000,2491849.09,214.7,,,6,6,2020.0,,Хамовники,,free,False,Magnum,"Москва, Усачева улица, д. 9",55.728307,37.572414,,,,,2026-09-04,https://www.cian.ru/sale/flat/332510029/,3plus,2026-09-05 11:28
318160854,sale,4,False,199000000,1206060.61,165.0,,16.0,1,7,,,Хамовники,,free,False,Колымажный 10,"Москва, Колымажный переулок, 10",55.748199,37.604403,,,,,2026-08-22,https://www.cian.ru/sale/flat/318160854/,3plus,2026-09-05 11:28
333537286,sale,3,False,475330000,2614576.46,181.8,33.5,42.4,1,12,,monolith,Хамовники,,fz214,True,Клубный квартал «Фрунзенский»,"Москва, Фрунзенская набережная, 30",55.724679888165184,37.584960369475034,,,,,2026-09-05,https://www.cian.ru/sale/flat/333537286/,3plus,2026-09-05 11:28
328042900,sale,6,False,330000000,1224035.61,269.6,,15.0,5,5,1998.0,monolith,Хамовники,,free,False,,"Москва, Остоженка ул., д. 25",55.739706,37.597549,,,,,2026-09-04,https://www.cian.ru/sale/flat/328042900/,3plus,2026-09-05 11:28
326043651,sale,6,False,890000000,1624087.59,548.0,,15.0,3,3,2004.0,brick,Хамовники,,free,False,,"Москва, Вражский 2-й переулок, д. 1 к. 2",55.738257,37.573411,,,,,2026-09-04,https://www.cian.ru/sale/flat/326043651/,3plus,2026-09-05 11:28
324759266,sale,3,False,339312000,2351434.51,144.3,45.5,51.8,8,18,,monolith,Хамовники,,fz214,True,КОЛЛЕКЦИЯ ЛУЖНИКИ,"Москва, жилой комплекс Коллекция Лужники",55.7140296087072,37.57321002756597,,,,,2026-09-01,https://www.cian.ru/sale/flat/324759266/,3plus,2026-09-05 11:28
299779331,sale,6,False,993000000,3000000.0,331.0,,20.0,11,11,2020.0,monolith,Хамовники,,free,False,Садовые кварталы,"Москва, Усачева ул., д. 11И",55.727445,37.570617,,,,,2026-09-04,https://www.cian.ru/sale/flat/299779331/,3plus,2026-09-05 11:28
328577655,sale,6,False,990000000,2037456.27,485.9,,15.0,9,9,2003.0,monolith,Хамовники,,free,False,,"Россия, Москва, Малый Лёвшинский переулок, д. 5, корп. 2",55.741632,37.589464,,,,,2026-09-04,https://www.cian.ru/sale/flat/328577655/,3plus,2026-09-05 11:28
321265564,sale,5,False,739468550,2127967.05,347.5,,25.0,6,6,2010.0,,Хамовники,,,False,Особняк в Хилковом переулке,"Россия, Москва, Хилков переулок, 5",55.738368,37.597001,,,,,2026-09-04,https://www.cian.ru/sale/flat/321265564/,3plus,2026-09-05 11:28
333537071,sale,4,False,845370000,3235246.84,261.3,56.6,66.2,3,10,,monolith,Хамовники,,fz214,True,Клубный квартал «Фрунзенский»,"Москва, Фрунзенская набережная, 30",55.7244588775083,37.5843810123283,,,,,2026-09-05,https://www.cian.ru/sale/flat/333537071/,3plus,2026-09-05 11:28
316371477,sale,4,False,450000000,2612330.2,172.26,,15.0,5,7,2015.0,monolith,Хамовники,,free,False,Knightsbridge Private Park,"Москва, Ефремова ул., д. 19, к. 4",55.721863,37.568875,,,,,2026-09-04,https://www.cian.ru/sale/flat/316371477/,3plus,2026-09-05 11:28
330739871,sale,4,False,452690999,2155671.42,210.0,125.0,18.0,5,6,2006.0,monolithBrick,Хамовники,,free,False,Кристалл Хаус,"Москва, Коробейников пер., 1",55.737314,37.6009,,,,,2026-09-05,https://www.cian.ru/sale/flat/330739871/,3plus,2026-09-05 11:28
321356897,sale,3,False,266355000,1815644.17,146.7,41.7,50.9,14,18,,monolith,Хамовники,,fz214,True,КОЛЛЕКЦИЯ ЛУЖНИКИ,"Москва, Лужнецкая набережная",55.7152023823584,37.5729976389884,,,,,2026-09-01,https://www.cian.ru/sale/flat/321356897/,3plus,2026-09-05 11:28
321954764,sale,4,False,325000000,2319771.59,140.1,,10.0,9,12,2014.0,monolith,Хамовники,,free,False,Садовые кварталы,"Москва, Ефремова ул., 10с1к4/2",55.725154,37.574507,,,,,2026-09-04,https://www.cian.ru/sale/flat/321954764/,3plus,2026-09-05 11:28
330820953,sale,3,False,55000000,706940.87,77.8,45.0,10.0,9,11,1956.0,brick,Хамовники,,alternative,False,,"Россия, Москва, улица Хамовнический Вал, 2",55.716133,37.576492,,,,,2026-09-03,https://www.cian.ru/sale/flat/330820953/,3plus,2026-09-05 11:28
333082534,sale,4,False,602935883,3340365.0,180.5,77.6,23.3,6,9,,monolith,Хамовники,,fz214,True,Узоры,"Москва, 2-й Вражский переулок, 8с2",55.7393082371145,37.5734459828025,,,,,2026-08-19,https://www.cian.ru/sale/flat/333082534/,3plus,2026-09-05 11:28
327742455,sale,3,False,225000000,1875000.0,120.0,,7.0,13,14,2022.0,monolith,Хамовники,,free,False,Садовые кварталы,"Москва, Усачёва ул., д. 15",55.726836,37.570357,,,,,2026-09-04,https://www.cian.ru/sale/flat/327742455/,3plus,2026-09-05 11:28
333038510,sale,4,False,107700000,928448.28,116.0,60.0,9.0,7,11,1955.0,brick,Хамовники,,free,False,,"Россия, Москва, Комсомольский проспект, 41",55.720864,37.574678,,,,,2026-09-04,https://www.cian.ru/sale/flat/333038510/,3plus,2026-09-05 11:28
333537540,sale,3,False,645550000,3242340.53,199.1,56.4,58.2,7,10,,monolith,Хамовники,,fz214,True,Клубный квартал «Фрунзенский»,"Москва, Фрунзенская набережная, 30",55.72437864670762,37.58455535591348,,,,,2026-09-05,https://www.cian.ru/sale/flat/333537540/,3plus,2026-09-05 11:28
329965347,sale,3,False,370000000,2661870.5,139.0,,7.0,5,9,2022.0,,Хамовники,,free,False,Пироговская 14,"Москва, Малая Пироговская ул., д. 12",55.728378,37.567509,,,,,2026-09-04,https://www.cian.ru/sale/flat/329965347/,3plus,2026-09-05 11:28
330548738,sale,3,False,307384000,1902128.71,161.6,47.3,50.8,15,18,,monolith,Хамовники,,fz214,True,КОЛЛЕКЦИЯ ЛУЖНИКИ,"Москва, Лужнецкая набережная",55.7147723668241,37.5721607897779,,,,,2026-08-19,https://www.cian.ru/sale/flat/330548738/,3plus,2026-09-05 11:28
330477426,sale,4,False,250000000,1282051.28,195.0,156.0,,5,15,,monolith,Хамовники,,free,False,,"Москва, набережная Саввинская, 9",55.736914,37.569396,,,,,2026-09-04,https://www.cian.ru/sale/flat/330477426/,3plus,2026-09-05 11:28
332448785,sale,3,False,59990000,731585.37,82.0,55.0,9.0,2,8,1958.0,brick,Хамовники,,free,False,,"Россия, Москва, 3-я Фрунзенская улица, 3",55.719252,37.579358,,,,,2026-09-04,https://www.cian.ru/sale/flat/332448785/,3plus,2026-09-05 11:28
333233837,sale,4,False,469400000,2989808.92,157.0,,,3,15,2014.0,brick,Хамовники,,free,False,Садовые кварталы,"Россия, Москва, Трубецкая улица, 12",55.726568,37.575378,,,,,2026-09-04,https://www.cian.ru/sale/flat/333233837/,3plus,2026-09-05 11:28
332035737,sale,3,False,39600000,750000.0,52.8,38.0,6.1,9,16,1966.0,panel,Хамовники,,free,False,,"Москва, Хамовники район, Власьевский М. пер., д.6",55.746056,37.593542,,,,,2026-09-03,https://www.cian.ru/sale/flat/332035737/,3plus,2026-09-05 11:28
333537277,sale,3,False,383070000,2192730.39,174.7,65.8,48.4,3,13,,monolith,Хамовники,,fz214,True,Клубный квартал «Фрунзенский»,"Москва, Фрунзенская набережная, 30",55.724679888165184,37.584960369475034,,,,,2026-09-05,https://www.cian.ru/sale/flat/333537277/,3plus,2026-09-05 11:28
309680698,sale,4,False,350000000,2554744.53,137.0,,20.0,5,12,2016.0,monolith,Хамовники,,free,False,Садовые кварталы,"Россия, Москва, Усачёва улица, д. 13",55.726157,37.57201,,,,,2026-09-04,https://www.cian.ru/sale/flat/309680698/,3plus,2026-09-05 11:28
333300945,sale,3,False,137000000,1104838.71,124.0,80.0,15.0,10,16,2008.0,monolithBrick,Хамовники,,free,False,Смоленская Застава,"Россия, Москва, Ружейный переулок, 3",55.742955,37.580517,,,,,2026-09-04,https://www.cian.ru/sale/flat/333300945/,3plus,2026-09-05 11:28
330548710,sale,3,False,295413000,2189866.57,134.9,42.2,39.5,16,17,,monolith,Хамовники,,fz214,True,КОЛЛЕКЦИЯ ЛУЖНИКИ,"Москва, Лужнецкая набережная",55.7145301007607,37.570851871778,,,,,2026-09-01,https://www.cian.ru/sale/flat/330548710/,3plus,2026-09-05 11:28
326036770,sale,5,False,505000000,2114740.37,238.8,,,11,12,2019.0,monolithBrick,Хамовники,,free,False,Садовые кварталы,"Россия, Москва, Усачёва улица, 11И",55.727445,37.570617,,,,,2026-09-04,https://www.cian.ru/sale/flat/326036770/,3plus,2026-09-05 11:28
333430263,sale,3,False,75000000,931677.02,80.5,49.8,8.2,2,15,1951.0,brick,Хамовники,,free,False,,"Россия, Москва, Фрунзенская набережная, 24",55.725463,37.587515,,,,,2026-09-02,https://www.cian.ru/sale/flat/333430263/,3plus,2026-09-05 11:28
332502645,sale,4,False,240000000,1629327.9,147.3,,10.0,2,11,2022.0,monolithBrick,Хамовники,,free,False,Садовые кварталы,"Россия, Москва, Усачёва улица, 15А",55.7256,37.570276,,,,,2026-09-04,https://www.cian.ru/sale/flat/332502645/,3plus,2026-09-05 11:28
333537262,sale,3,False,459700000,2180740.04,210.8,93.6,61.1,3,12,,monolith,Хамовники,,fz214,True,Клубный квартал «Фрунзенский»,"Москва, Фрунзенская набережная, 30",55.724679888165184,37.584960369475034,,,,,2026-09-05,https://www.cian.ru/sale/flat/333537262/,3plus,2026-09-05 11:28
332385168,sale,3,False,238000000,2087719.3,114.0,80.0,15.0,7,18,,monolith,Хамовники,,dupt,False,КОЛЛЕКЦИЯ ЛУЖНИКИ,"Россия, Москва, ЖК Коллекция Лужники",55.71376998359258,37.57238609533453,,,,,2026-09-04,https://www.cian.ru/sale/flat/332385168/,3plus,2026-09-05 11:28
330818191,sale,3,False,53000000,676883.78,78.3,,10.0,4,8,1958.0,block,Хамовники,,free,False,,"Россия, Москва, улица Хамовнический Вал, 14",55.71802,37.573753,,,,,2026-09-04,https://www.cian.ru/sale/flat/330818191/,3plus,2026-09-05 11:28
323003769,sale,3,False,249390000,1905194.81,130.9,44.8,37.2,6,12,,monolith,Хамовники,,fz214,True,КОЛЛЕКЦИЯ ЛУЖНИКИ,"Москва, жилой комплекс Коллекция Лужники",55.71473148229745,37.57007671337002,,,,,2026-09-01,https://www.cian.ru/sale/flat/323003769/,3plus,2026-09-05 11:28
333376633,sale,3,False,220000000,1692307.69,130.0,,,10,13,2022.0,monolithBrick,Хамовники,,free,False,Садовые кварталы,"Россия, Москва, Усачёва улица, 15А",55.7256,37.570276,,,,,2026-09-04,https://www.cian.ru/sale/flat/333376633/,3plus,2026-09-05 11:28
333085084,sale,4,False,395200000,2598290.6,152.1,,,7,12,,,Хамовники,,fz214,True,ДОМ XXII,"Москва, Новодевичий проезд, 6с2",55.7297699330094,37.5591669814725,,,,,2026-08-19,https://www.cian.ru/sale/flat/333085084/,3plus,2026-09-05 11:28
333537557,sale,3,False,666230000,3425347.04,194.5,66.9,77.5,6,10,,monolith,Хамовники,,fz214,True,Клубный квартал «Фрунзенский»,"Москва, Фрунзенская набережная, 30",55.72437864670762,37.58455535591348,,,,,2026-09-05,https://www.cian.ru/sale/flat/333537557/,3plus,2026-09-05 11:28
318516848,sale,3,False,240000000,1737871.11,138.1,60.0,20.0,3,12,2015.0,monolithBrick,Хамовники,,free,False,Barrin House,"Россия, Москва, Малая Пироговская улица, 8",55.72961,37.570474,,,,,2026-09-04,https://www.cian.ru/sale/flat/318516848/,3plus,2026-09-05 11:28
331294421,sale,5,False,520000000,2512077.29,207.0,,,6,16,,,Хамовники,,free,False,Садовые кварталы,"улица Ефремова, 10к1, Москва, 119048",55.725154,37.574507,,,,,2026-09-04,https://www.cian.ru/sale/flat/331294421/,3plus,2026-09-05 11:28
332125501,sale,3,False,352474000,2061251.46,171.0,46.9,50.8,12,18,,monolith,Хамовники,,fz214,True,КОЛЛЕКЦИЯ ЛУЖНИКИ,"Москва, Лужнецкая набережная",55.7147723668241,37.5721607897779,,,,,2026-08-19,https://www.cian.ru/sale/flat/332125501/,3plus,2026-09-05 11:28
332441421,sale,3,False,350000000,3500000.0,100.0,,27.7,4,13,2019.0,monolithBrick,Хамовники,,free,False,Жизнь на Плющихе,"Россия, Москва, Погодинская улица, 2",55.735713,37.572351,,,,,2026-09-04,https://www.cian.ru/sale/flat/332441421/,3plus,2026-09-05 11:28
333537389,sale,3,False,584800000,3487179.49,167.7,50.3,59.1,8,10,,monolith,Хамовники,,fz214,True,Клубный квартал «Фрунзенский»,"Москва, Фрунзенская набережная, 30",55.72428479191037,37.58470019519951,,,,,2026-09-05,https://www.cian.ru/sale/flat/333537389/,3plus,2026-09-05 11:28
321356876,sale,3,False,317008000,2074659.69,152.8,46.7,56.0,8,17,,monolith,Хамовники,,fz214,True,КОЛЛЕКЦИЯ ЛУЖНИКИ,"Москва, Лужнецкая набережная",55.7139668271363,37.5699238274583,,,,,2026-09-01,https://www.cian.ru/sale/flat/321356876/,3plus,2026-09-05 11:28
333537532,sale,4,False,874530000,3367462.46,259.7,70.2,70.6,8,10,,monolith,Хамовники,,fz214,True,Клубный квартал «Фрунзенский»,"Москва, Фрунзенская набережная, 30",55.72437864670762,37.58455535591348,,,,,2026-09-05,https://www.cian.ru/sale/flat/333537532/,3plus,2026-09-05 11:28
321909096,sale,3,False,434436000,2896240.0,150.0,105.0,15.0,2,6,2003.0,monolithBrick,Хамовники,,free,False,Бутиковский 5,"Россия, Москва, Бутиковский переулок, д. 5",55.738622,37.602813,,,,,2026-09-04,https://www.cian.ru/sale/flat/321909096/,3plus,2026-09-05 11:28
322616338,sale,5,False,295000000,1170634.92,252.0,,12.0,5,9,1997.0,,Хамовники,,free,False,,"Россия, Москва, Ксеньинский переулок, 3",55.731445,37.588027,,,,,2026-09-04,https://www.cian.ru/sale/flat/322616338/,3plus,2026-09-05 11:28
321356404,sale,5,False,464125260,2174907.5,213.4,,20.0,3,6,2004.0,,Хамовники,,,False,Кристалл Хаус,"Россия, Москва, Коробейников переулок, 1",55.737314,37.6009,,,,,2026-09-04,https://www.cian.ru/sale/flat/321356404/,3plus,2026-09-05 11:28
333537142,sale,4,False,715530000,3466715.12,206.4,73.8,55.7,8,12,,monolith,Хамовники,,fz214,True,Клубный квартал «Фрунзенский»,"Москва, Фрунзенская набережная, 30",55.724679888165184,37.584960369475034,,,,,2026-09-05,https://www.cian.ru/sale/flat/333537142/,3plus,2026-09-05 11:28
329175250,sale,3,False,205000000,1257668.71,163.0,,13.6,3,7,2000.0,brick,Хамовники,,free,False,Light House,"Москва, Сеченовский переулок, 3",55.740558,37.596498,,,,,2026-09-04,https://www.cian.ru/sale/flat/329175250/,3plus,2026-09-05 11:28
333350388,sale,3,False,85000000,1000000.0,85.0,40.0,20.0,6,7,1939.0,brick,Хамовники,,free,False,,"Россия, Москва, Фрунзенская набережная, 54",55.71628,37.578109,,,,,2026-08-27,https://www.cian.ru/sale/flat/333350388/,3plus,2026-09-05 11:28
324759207,sale,3,False,436079000,3047372.47,143.1,46.5,42.5,8,18,,monolith,Хамовники,,fz214,True,КОЛЛЕКЦИЯ ЛУЖНИКИ,"Москва, жилой комплекс Коллекция Лужники",55.71333692108894,37.570690939236,,,,,2026-09-01,https://www.cian.ru/sale/flat/324759207/,3plus,2026-09-05 11:28
329186667,sale,3,False,305000000,1993464.05,153.0,,15.0,5,13,2019.0,monolith,Хамовники,,free,False,Жизнь на Плющихе,"Россия, Москва, Погодинская улица, д. 2",55.735713,37.572351,,,,,2026-09-04,https://www.cian.ru/sale/flat/329186667/,3plus,2026-09-05 11:28
333365469,sale,4,False,175873250,857500.0,205.1,,53.0,18,18,2006.0,monolithBrick,Хамовники,,free,False,,"Россия, Москва, Комсомольский проспект, 32к2",55.725975,37.578046,,,,,2026-09-02,https://www.cian.ru/sale/flat/333365469/,3plus,2026-09-05 11:28
333537292,sale,5,False,942780000,4387063.75,214.9,80.4,52.7,10,13,,monolith,Хамовники,,fz214,True,Клубный квартал «Фрунзенский»,"Москва, Фрунзенская набережная, 30",55.724679888165184,37.584960369475034,,,,,2026-09-05,https://www.cian.ru/sale/flat/333537292/,3plus,2026-09-05 11:28
320231050,sale,4,False,499000000,1922187.98,259.6,229.6,25.0,6,8,2001.0,brick,Хамовники,,free,False,Дом в Ростовском переулке,"Россия, г. Москва, Ростовский 7-й пер., д. 11",55.740613,37.572899,,,,,2026-09-05,https://www.cian.ru/sale/flat/320231050/,3plus,2026-09-05 11:28
330760857,sale,3,False,36000000,590163.93,61.0,45.0,7.0,1,5,1934.0,,Хамовники,,free,False,,"Москва,  1-й Неопалимовский переулок, 11/22",55.740198,37.581658,,,,,2026-09-04,https://www.cian.ru/sale/flat/330760857/,3plus,2026-09-05 11:28
323003778,sale,3,False,260327000,2123384.99,122.6,44.7,39.1,8,12,,monolith,Хамовники,,fz214,True,КОЛЛЕКЦИЯ ЛУЖНИКИ,"Москва, жилой комплекс Коллекция Лужники",55.71473148229745,37.57007671337002,,,,,2026-09-01,https://www.cian.ru/sale/flat/323003778/,3plus,2026-09-05 11:28
319631910,sale,3,False,125000000,1086956.52,115.0,75.0,10.0,6,6,1910.0,brick,Хамовники,,free,False,,"Москва, Пречистенка, 25",55.740522,37.591674,,,,,2026-09-04,https://www.cian.ru/sale/flat/319631910/,3plus,2026-09-05 11:28
329950071,sale,3,False,249850000,2211061.95,113.0,57.8,14.5,2,13,,monolith,Хамовники,,free,False,Садовые кварталы,"Москва, Усачева улица д. 13",55.726157,37.57201,,,,,2026-09-04,https://www.cian.ru/sale/flat/329950071/,3plus,2026-09-05 11:28
333537274,sale,5,False,597450000,2273401.83,262.8,165.7,65.3,3,13,,monolith,Хамовники,,fz214,True,Клубный квартал «Фрунзенский»,"Москва, Фрунзенская набережная, 30",55.724679888165184,37.584960369475034,,,,,2026-09-05,https://www.cian.ru/sale/flat/333537274/,3plus,2026-09-05 11:28
323437795,sale,4,False,210000000,1195899.77,175.6,81.0,18.3,5,7,1914.0,monolithBrick,Хамовники,,free,False,,"Россия, Москва, 1-й Обыденский переулок, 9/12",55.743005,37.602256,,,,,2026-09-04,https://www.cian.ru/sale/flat/323437795/,3plus,2026-09-05 11:28
327314983,sale,3,False,79000000,683982.68,115.5,59.4,10.0,2,9,1994.0,brick,Хамовники,,free,False,,"Москва, Пречистенка ул, 40/2стр4",55.739671,37.587398,,,,,2026-09-04,https://www.cian.ru/sale/flat/327314983/,3plus,2026-09-05 11:28
330548715,sale,3,False,345116000,2583203.59,133.6,47.1,44.4,16,17,,monolith,Хамовники,,fz214,True,КОЛЛЕКЦИЯ ЛУЖНИКИ,"Москва, Лужнецкая набережная",55.7145301007607,37.570851871778,,,,,2026-09-03,https://www.cian.ru/sale/flat/330548715/,3plus,2026-09-05 11:28
322765214,sale,6,False,275000000,907590.76,303.0,245.0,53.0,3,5,,brick,Хамовники,,free,False,,"Россия, г. Москва, Остоженка ул.,  д. 7, стр. 1",55.742767,37.600792,,,,,2026-09-05,https://www.cian.ru/sale/flat/322765214/,3plus,2026-09-05 11:28
332949374,sale,5,False,869963000,3415638.01,254.7,,20.0,11,13,2019.0,monolith,Хамовники,,free,False,Жизнь на Плющихе,"Москва г., Погодинская ул., д. 2",55.735713,37.572351,,,,,2026-09-04,https://www.cian.ru/sale/flat/332949374/,3plus,2026-09-05 11:28
333537061,sale,5,False,1333740000,4632650.23,287.9,100.8,48.9,9,10,,monolith,Хамовники,,fz214,True,Клубный квартал «Фрунзенский»,"Москва, Фрунзенская набережная, 30",55.7244588775083,37.5843810123283,,,,,2026-09-05,https://www.cian.ru/sale/flat/333537061/,3plus,2026-09-05 11:28
333460103,sale,3,False,140000000,1743462.02,80.3,28.0,28.5,3,18,,monolith,Хамовники,,dupt,False,КОЛЛЕКЦИЯ ЛУЖНИКИ,"Россия, Москва, Лужнецкая набережная, д. 2/4",55.7143864764713,37.5721614788484,,,,,2026-09-04,https://www.cian.ru/sale/flat/333460103/,3plus,2026-09-05 11:28
332884650,sale,5,False,120000000,845070.42,142.0,82.0,14.0,2,6,1914.0,brick,Хамовники,,free,False,,"Москва, Смоленский бульвар, 15",55.741799,37.582538,,,,,2026-09-04,https://www.cian.ru/sale/flat/332884650/,3plus,2026-09-05 11:28
331611233,sale,3,False,218134000,1641339.35,132.9,42.7,45.0,5,17,,monolith,Хамовники,,fz214,True,КОЛЛЕКЦИЯ ЛУЖНИКИ,"Москва, Лужнецкая набережная",55.7139668271363,37.5699238274583,,,,,2026-09-01,https://www.cian.ru/sale/flat/331611233/,3plus,2026-09-05 11:28
332826879,sale,3,False,115000000,1359338.06,84.6,,,3,18,,monolith,Хамовники,,dupt,False,КОЛЛЕКЦИЯ ЛУЖНИКИ,"Россия, Москва, ЖК Коллекция Лужники",55.7152023823584,37.5729976389884,,,,,2026-09-04,https://www.cian.ru/sale/flat/332826879/,3plus,2026-09-05 11:28
315777677,sale,3,False,205000000,1366666.67,150.0,,44.0,7,11,2012.0,brick,Хамовники,,,False,Андреевский,"Россия, Москва, 2-я Фрунзенская улица, 8",55.723699,37.583697,,,,,2026-08-31,https://www.cian.ru/sale/flat/315777677/,3plus,2026-09-05 11:28
333537046,sale,5,False,1337960000,4535457.63,295.0,89.8,69.8,9,10,,monolith,Хамовники,,fz214,True,Клубный квартал «Фрунзенский»,"Москва, Фрунзенская набережная, 30",55.7244588775083,37.5843810123283,,,,,2026-09-05,https://www.cian.ru/sale/flat/333537046/,3plus,2026-09-05 11:28
307320822,sale,3,False,245000000,1884615.38,130.0,,10.0,3,9,2021.0,monolithBrick,Хамовники,,free,False,SAVVIN RIVER RESIDENCE,"Москва, Саввинская набережная, 13",55.73554,37.567267,,,,,2026-09-03,https://www.cian.ru/sale/flat/307320822/,3plus,2026-09-05 11:28
331190128,sale,6,False,972000000,2838785.05,342.4,,12.0,11,11,2019.0,monolith,Хамовники,,free,False,,"Россия, Москва, Усачёва улица, 11Г",55.727273,37.57254,,,,,2026-08-17,https://www.cian.ru/sale/flat/331190128/,3plus,2026-09-05 11:28
322258767,sale,3,False,364183000,2259199.75,161.2,46.9,50.8,11,17,,monolith,Хамовники,,fz214,True,КОЛЛЕКЦИЯ ЛУЖНИКИ,"Москва, Лужнецкая набережная",55.7139668271363,37.5699238274583,,,,,2026-09-01,https://www.cian.ru/sale/flat/322258767/,3plus,2026-09-05 11:28
319588619,sale,3,False,125000000,1086956.52,115.0,73.0,20.0,6,6,1912.0,brick,Хамовники,,free,False,,"Москва, Пречистенка улица, д. 25",55.740522,37.591674,,,,,2026-09-04,https://www.cian.ru/sale/flat/319588619/,3plus,2026-09-05 11:28
333403094,sale,6,False,1270000000,2645833.33,480.0,,45.0,4,8,2015.0,monolith,Хамовники,,,False,Knightsbridge Private Park,"Россия, Москва, улица Ефремова, 19к2",55.721863,37.57139,,,,,2026-08-29,https://www.cian.ru/sale/flat/333403094/,3plus,2026-09-05 11:28
333537075,sale,5,False,1378280000,4488049.5,307.1,93.2,70.1,9,10,,monolith,Хамовники,,fz214,True,Клубный квартал «Фрунзенский»,"Москва, Фрунзенская набережная, 30",55.7244588775083,37.5843810123283,,,,,2026-09-05,https://www.cian.ru/sale/flat/333537075/,3plus,2026-09-05 11:28
332873001,sale,3,False,240000000,2181818.18,110.0,75.0,10.0,3,6,,monolith,Хамовники,,free,False,Особняк в Хилковом переулке,"Москва, переулок Хилков, 5",55.738368,37.597001,,,,,2026-09-04,https://www.cian.ru/sale/flat/332873001/,3plus,2026-09-05 11:28
327202794,sale,4,False,419000000,2053921.57,204.0,,55.0,1,6,2014.0,brick,Хамовники,,free,False,Литератор,"Россия, Москва, улица Льва Толстого, 23к1",55.734917,37.58482,,,,,2026-09-04,https://www.cian.ru/sale/flat/327202794/,3plus,2026-09-05 11:28
324759242,sale,3,False,329094000,2639085.81,124.7,41.6,29.5,15,17,,monolith,Хамовники,,fz214,True,КОЛЛЕКЦИЯ ЛУЖНИКИ,"Москва, Лужнецкая набережная",55.7139668271363,37.5699238274583,,,,,2026-09-01,https://www.cian.ru/sale/flat/324759242/,3plus,2026-09-05 11:28
327235620,sale,4,False,288600000,1500000.0,192.4,,,11,12,2002.0,monolith,Хамовники,,free,False,Пять Звезд,"Москва, Фрунзенская 2-я ул., д. 12",55.724069,37.580436,,,,,2026-09-04,https://www.cian.ru/sale/flat/327235620/,3plus,2026-09-05 11:28
330438948,sale,4,False,380000000,2188940.09,173.6,,19.0,4,7,,monolith,Хамовники,,free,False,Knightsbridge Private Park,"Москва, Ефремова улица, 19, 2",55.721863,37.57139,,,,,2026-09-04,https://www.cian.ru/sale/flat/330438948/,3plus,2026-09-05 11:28
333537561,sale,4,False,1279200000,4315789.47,296.4,142.6,57.2,9,10,,monolith,Хамовники,,fz214,True,Клубный квартал «Фрунзенский»,"Москва, Фрунзенская набережная, 30",55.72437864670762,37.58455535591348,,,,,2026-09-05,https://www.cian.ru/sale/flat/333537561/,3plus,2026-09-05 11:28
325574643,sale,4,False,595000000,2348066.3,253.4,,,6,8,,,Хамовники,,free,False,Парк Палас,"Москва, Хилков переулок, д. 1",55.736681,37.599319,,,,,2026-09-04,https://www.cian.ru/sale/flat/325574643/,3plus,2026-09-05 11:28
332165421,sale,3,False,175771000,1370000.0,128.3,,15.0,4,5,2015.0,monolith,Хамовники,,free,False,Кленовый DOM,"Россия, Москва, Пречистенская набережная, 5",55.736584,37.600846,,,,,2026-09-04,https://www.cian.ru/sale/flat/332165421/,3plus,2026-09-05 11:28
330816115,sale,4,False,275806000,1783997.41,154.6,56.0,49.2,17,18,,monolith,Хамовники,,fz214,True,КОЛЛЕКЦИЯ ЛУЖНИКИ,"Москва, Лужнецкая набережная",55.7156081703927,37.5715492461217,,,,,2026-09-01,https://www.cian.ru/sale/flat/330816115/,3plus,2026-09-05 11:28
326296744,sale,3,False,250000000,2450980.39,102.0,72.5,24.5,6,15,,monolithBrick,Хамовники,,free,False,Садовые кварталы,гор. Москва ул. Усачева д. 15А,55.7256,37.570276,,,,,2026-09-03,https://www.cian.ru/sale/flat/326296744/,3plus,2026-09-05 11:28
332398061,sale,4,False,340000000,1658536.59,205.0,143.0,20.0,4,7,,monolithBrick,Хамовники,,free,False,,"Москва, пер. Обыденский 2-й, д. 3, стр. 1, кв. 10",55.741546,37.604421,,,,,2026-09-04,https://www.cian.ru/sale/flat/332398061/,3plus,2026-09-05 11:28
333537395,sale,4,False,1002870000,4111808.12,243.9,90.6,54.5,9,10,,monolith,Хамовники,,fz214,True,Клубный квартал «Фрунзенский»,"Москва, Фрунзенская набережная, 30",55.72428479191037,37.58470019519951,,,,,2026-09-05,https://www.cian.ru/sale/flat/333537395/,3plus,2026-09-05 11:28
331293250,sale,3,False,320000000,1904761.9,168.0,84.0,28.0,3,7,2014.0,monolith,Хамовники,,free,False,Литератор,"Москва, Льва Толстого 23к1",55.734917,37.58482,,,,,2026-09-04,https://www.cian.ru/sale/flat/331293250/,3plus,2026-09-05 11:28
322925416,sale,4,False,435000000,2636363.64,165.0,135.0,25.0,14,18,,,Хамовники,,dupt,False,КОЛЛЕКЦИЯ ЛУЖНИКИ,"Москва, набережная Лужнецкая, 2/4",55.71333692108894,37.570690939236,,,,,2026-09-04,https://www.cian.ru/sale/flat/322925416/,3plus,2026-09-05 11:28
331733881,sale,4,False,535000000,2500000.0,214.0,189.0,20.0,6,6,2021.0,monolith,Хамовники,,free,False,Magnum,"Россия, Москва, Усачёва улица, 9",55.728307,37.572414,,,,,2026-09-04,https://www.cian.ru/sale/flat/331733881/,3plus,2026-09-05 11:28
332467826,sale,3,False,349000000,1424489.8,245.0,85.0,40.0,2,8,2004.0,monolithBrick,Хамовники,,free,False,Новая Остоженка,"Москва, 1-й зачатьевский дом 5",55.739022,37.603819,,,,,2026-09-03,https://www.cian.ru/sale/flat/332467826/,3plus,2026-09-05 11:28
321436371,sale,4,False,295000000,2111667.86,139.7,100.0,35.8,4,13,2019.0,monolith,Хамовники,,free,False,Жизнь на Плющихе,"Россия, Москва, Погодинская улица, 2",55.735713,37.572351,,,,,2026-08-14,https://www.cian.ru/sale/flat/321436371/,3plus,2026-09-05 11:28
329099435,sale,5,False,65000000,728699.55,89.2,,8.0,1,5,1928.0,brick,Хамовники,,free,False,,"Россия, Москва, Малый Лёвшинский переулок, 12",55.74189,37.589913,,,,,2026-08-12,https://www.cian.ru/sale/flat/329099435/,3plus,2026-09-05 11:28
326240071,sale,4,False,127493100,1040760.0,122.5,,44.9,5,6,2022.0,brick,Хамовники,,free,False,,"Россия, Москва, Усачёва улица, 62",55.724865,37.562874,,,,,2026-09-04,https://www.cian.ru/sale/flat/326240071/,3plus,2026-09-05 11:28
332266968,sale,5,False,100000000,914076.78,109.4,83.5,15.0,2,3,1890.0,brick,Хамовники,,free,False,,"Россия, Москва, улица Остоженка, 42/2",55.737512,37.594881,,,,,2026-08-26,https://www.cian.ru/sale/flat/332266968/,3plus,2026-09-05 11:28
331124720,sale,4,False,1100000000,3618421.05,304.0,250.0,20.0,5,8,2004.0,monolithBrick,Хамовники,,free,False,Новая Остоженка,"Москва, ЦАО, р-н Хамовники, Молочный пер., 2",55.739352,37.602606,,,,,2026-09-04,https://www.cian.ru/sale/flat/331124720/,3plus,2026-09-05 11:28
329431700,sale,4,False,158000000,998104.86,158.3,,25.0,5,6,2000.0,brick,Хамовники,,free,False,Дом в Зубовском проезде,"Россия, Москва, Зубовский проезд, 1",55.736351,37.588503,,,,,2026-08-30,https://www.cian.ru/sale/flat/329431700/,3plus,2026-09-05 11:28
332125497,sale,3,False,534180000,2900000.0,184.2,66.9,56.5,17,17,,monolith,Хамовники,,fz214,True,КОЛЛЕКЦИЯ ЛУЖНИКИ,"Москва, жилой комплекс Коллекция Лужники",55.71523266481593,37.5705353711112,,,,,2026-08-19,https://www.cian.ru/sale/flat/332125497/,3plus,2026-09-05 11:28
331964702,sale,3,False,225000000,1618705.04,139.0,102.3,31.7,4,6,,brick,Хамовники,,free,False,,гор. Москва ул. 2 Обыденский переулок д. 11,55.742078,37.602957,,,,,2026-09-04,https://www.cian.ru/sale/flat/331964702/,3plus,2026-09-05 11:28
327334914,sale,3,False,130000000,738300.77,176.08,102.8,12.7,11,11,2000.0,brick,Хамовники,,free,False,,"Россия, Москва, Саввинская набережная, 7с3",55.736944,37.570483,,,,,2026-09-04,https://www.cian.ru/sale/flat/327334914/,3plus,2026-09-05 11:28
313392531,sale,4,False,126197696,1025997.53,123.0,79.8,15.0,4,6,1930.0,brick,Хамовники,,free,False,,"Россия, Москва, Усачёва улица, 62",55.724865,37.562874,,,,,2026-09-04,https://www.cian.ru/sale/flat/313392531/,3plus,2026-09-05 11:28
326287883,sale,6,False,330000000,1314741.04,251.0,,18.0,2,6,1905.0,brick,Хамовники,,free,False,,"Россия, Москва, улица Пречистенка, 28",55.741591,37.592743,,,,,2026-06-10,https://www.cian.ru/sale/flat/326287883/,3plus,2026-09-05 11:28
330701485,sale,4,False,452690999,2155671.42,210.0,100.0,20.0,5,6,2006.0,monolith,Хамовники,,free,False,Кристалл Хаус,"Россия, Москва, Коробейников переулок, 1",55.737314,37.6009,,,,,2026-09-04,https://www.cian.ru/sale/flat/330701485/,3plus,2026-09-05 11:28
332455830,sale,3,False,192500000,1254071.66,153.5,,20.0,3,13,2019.0,monolithBrick,Хамовники,,free,False,Жизнь на Плющихе,"Россия, Москва, Погодинская улица, 2",55.735713,37.572351,,,,,2026-09-04,https://www.cian.ru/sale/flat/332455830/,3plus,2026-09-05 11:28
328261269,sale,3,False,335000000,2005988.02,167.0,130.0,20.0,7,12,,monolith,Хамовники,,free,False,Barrin House,"Москва, Малая Пироговская, 8",55.72961,37.570474,,,,,2026-09-02,https://www.cian.ru/sale/flat/328261269/,3plus,2026-09-05 11:28
328805306,sale,6,False,1217948200,2085170.69,584.1,,20.0,5,5,2007.0,,Хамовники,,free,False,,"Москва, Молочный переулок, 7",55.738992,37.600666,,,,,2026-08-19,https://www.cian.ru/sale/flat/328805306/,3plus,2026-09-05 11:28
333257800,sale,3,False,320000000,1909307.88,167.6,100.0,28.0,3,7,2014.0,brick,Хамовники,,free,False,Литератор,"Москва, улица Льва Толстого, 23к1",55.734917,37.58482,,,,,2026-09-03,https://www.cian.ru/sale/flat/333257800/,3plus,2026-09-05 11:28
331079405,sale,4,False,250000000,1282051.28,195.0,90.0,20.0,5,15,,monolithBrick,Хамовники,,free,False,Ривер-Хаус,"Москва, Саввинская набережная, д. 9",55.736914,37.569396,,,,,2026-09-04,https://www.cian.ru/sale/flat/331079405/,3plus,2026-09-05 11:28
331229193,sale,4,False,453729149,2160615.0,210.0,187.0,18.0,5,6,,brick,Хамовники,,free,False,Кристалл Хаус,"Москва, переулок Коробейников, 1",55.737314,37.6009,,,,,2026-09-04,https://www.cian.ru/sale/flat/331229193/,3plus,2026-09-05 11:28
324759271,sale,4,False,336263000,1866054.38,180.2,75.2,52.0,11,17,,monolith,Хамовники,,fz214,True,КОЛЛЕКЦИЯ ЛУЖНИКИ,"Москва, Лужнецкая набережная",55.7145301007607,37.570851871778,,,,,2026-09-02,https://www.cian.ru/sale/flat/324759271/,3plus,2026-09-05 11:28
331150491,sale,3,False,199000000,2287356.32,87.0,36.0,15.0,2,13,,monolith,Хамовники,,dupt,False,Клубный квартал «Фрунзенский»,"Москва, Фрунзенская набережная, 30",55.7244588775083,37.5843810123283,,,,,2026-09-04,https://www.cian.ru/sale/flat/331150491/,3plus,2026-09-05 11:28
333324260,sale,4,False,120000000,807537.01,148.6,77.7,15.3,5,8,2000.0,monolith,Хамовники,,,False,,"Россия, Москва, улица Плющиха, 22",55.743031,37.577705,,,,,2026-08-26,https://www.cian.ru/sale/flat/333324260/,3plus,2026-09-05 11:28
333537431,sale,5,False,1247690000,4053573.75,307.8,123.3,39.7,9,10,,monolith,Хамовники,,fz214,True,Клубный квартал «Фрунзенский»,"Москва, Фрунзенская набережная, 30",55.72428479191037,37.58470019519951,,,,,2026-09-05,https://www.cian.ru/sale/flat/333537431/,3plus,2026-09-05 11:28
331513526,sale,3,False,42000000,600000.0,70.0,48.6,8.0,1,5,,brick,Хамовники,,free,False,,"Москва, Доватора 11 к 2",55.722786,37.568318,,,,,2026-09-04,https://www.cian.ru/sale/flat/331513526/,3plus,2026-09-05 11:28
331181711,sale,6,False,165000000,647058.82,255.0,170.0,30.0,5,5,,brick,Хамовники,,free,False,,"Москва, Нащокинский пер., 8",55.745833,37.598672,,,,,2026-09-04,https://www.cian.ru/sale/flat/331181711/,3plus,2026-09-05 11:28
330816134,sale,4,False,355132000,1966400.89,180.6,75.4,52.0,13,17,,monolith,Хамовники,,fz214,True,КОЛЛЕКЦИЯ ЛУЖНИКИ,"Москва, Лужнецкая набережная",55.7139668271363,37.5699238274583,,,,,2026-09-01,https://www.cian.ru/sale/flat/330816134/,3plus,2026-09-05 11:28
332299532,sale,4,False,595000000,3718750.0,160.0,,54.0,9,11,2022.0,,Хамовники,,,False,Садовые кварталы,"Россия, Москва, Усачёва улица, 15А",55.7256,37.570276,,,,,2026-09-02,https://www.cian.ru/sale/flat/332299532/,3plus,2026-09-05 11:28
333537151,sale,4,False,671840000,2453761.87,273.8,70.3,56.6,1,13,,monolith,Хамовники,,fz214,True,Клубный квартал «Фрунзенский»,"Москва, Фрунзенская набережная, 30",55.724679888165184,37.584960369475034,,,,,2026-09-05,https://www.cian.ru/sale/flat/333537151/,3plus,2026-09-05 11:28
332917757,sale,3,False,230000000,1586206.9,145.0,,20.0,5,7,2008.0,monolithBrick,Хамовники,,free,False,Фьюжн парк,"Россия, Москва, Усачёва улица, 2с3",55.730426,37.574067,,,,,2026-09-04,https://www.cian.ru/sale/flat/332917757/,3plus,2026-09-05 11:28
332990479,sale,4,False,175000000,1109701.97,157.7,,18.0,5,20,2002.0,monolithBrick,Хамовники,,free,False,,"Россия, Москва, Комсомольский проспект, 32",55.7249,37.57687,,,,,2026-08-27,https://www.cian.ru/sale/flat/332990479/,3plus,2026-09-05 11:28
332125495,sale,4,False,440880000,2400000.0,183.7,56.5,66.2,17,17,,monolith,Хамовники,,fz214,True,КОЛЛЕКЦИЯ ЛУЖНИКИ,"Москва, жилой комплекс Коллекция Лужники",55.71523266481593,37.5705353711112,,,,,2026-08-19,https://www.cian.ru/sale/flat/332125495/,3plus,2026-09-05 11:28
319459986,sale,4,False,270000000,1607142.86,168.0,105.0,14.5,6,12,,monolith,Хамовники,,free,False,Андреевский,"Москва, улица 2-я Фрунзенская 8",55.723699,37.583697,,,,,2026-09-03,https://www.cian.ru/sale/flat/319459986/,3plus,2026-09-05 11:28
305726543,sale,3,False,95000000,892857.14,106.4,,10.0,5,6,2013.0,monolith,Хамовники,,free,False,Николаевский дом,"Москва, Комсомольский проспект, д. 9А",55.730943,37.591189,,,,,2026-09-04,https://www.cian.ru/sale/flat/305726543/,3plus,2026-09-05 11:28
333537160,sale,3,False,445280000,2374826.67,187.5,53.6,55.2,5,13,,monolith,Хамовники,,fz214,True,Клубный квартал «Фрунзенский»,"Москва, Фрунзенская набережная, 30",55.724679888165184,37.584960369475034,,,,,2026-09-05,https://www.cian.ru/sale/flat/333537160/,3plus,2026-09-05 11:28
332942906,sale,4,False,380000000,1203674.37,315.7,,20.0,3,7,2004.0,monolith,Хамовники,,free,False,,"Москва, Пожарский переулок, д. 5А",55.74038,37.603765,,,,,2026-09-04,https://www.cian.ru/sale/flat/332942906/,3plus,2026-09-05 11:28
296106329,sale,4,False,782096737,2856452.66,273.8,245.6,21.0,7,7,2003.0,monolith,Хамовники,,free,False,Дворянское гнездо,"Москва, Левшинский Б. переулок, д. 11",55.742164,37.58835,,,,,2026-09-04,https://www.cian.ru/sale/flat/296106329/,3plus,2026-09-05 11:28
332125502,sale,3,False,599720000,2900000.0,206.8,57.4,75.4,18,18,,monolith,Хамовники,,fz214,True,КОЛЛЕКЦИЯ ЛУЖНИКИ,"Москва, Лужнецкая набережная",55.7147723668241,37.5721607897779,,,,,2026-08-19,https://www.cian.ru/sale/flat/332125502/,3plus,2026-09-05 11:28
329977726,sale,4,False,300000000,1346499.1,222.8,,18.0,3,6,2008.0,monolithBrick,Хамовники,,free,False,Фьюжн парк,"Россия, Москва, Усачёва улица, 2с3",55.730426,37.574067,,,,,2026-09-04,https://www.cian.ru/sale/flat/329977726/,3plus,2026-09-05 11:28
333528381,sale,5,False,260000000,1262135.92,206.0,120.0,30.0,5,9,2006.0,monolith,Хамовники,,free,False,,"Россия, Москва, 7-й Ростовский переулок, 15",55.741115,37.573151,,,,,2026-09-02,https://www.cian.ru/sale/flat/333528381/,3plus,2026-09-05 11:28
333537423,sale,5,False,630960000,2632290.36,239.7,117.9,53.3,1,10,,monolith,Хамовники,,fz214,True,Клубный квартал «Фрунзенский»,"Москва, Фрунзенская набережная, 30",55.72428479191037,37.58470019519951,,,,,2026-09-05,https://www.cian.ru/sale/flat/333537423/,3plus,2026-09-05 11:28
332800449,sale,3,False,320000000,1818181.82,176.0,,28.0,3,8,2014.0,brick,Хамовники,,free,False,Литератор,"Россия, Москва, улица Льва Толстого, 23к1",55.734917,37.58482,,,,,2026-09-04,https://www.cian.ru/sale/flat/332800449/,3plus,2026-09-05 11:28
321511668,sale,4,False,700000000,2745098.04,255.0,,28.0,2,5,2012.0,monolith,Хамовники,,free,False,Дом на Бурденко,"Россия, Москва, улица Бурденко, 3",55.738449,37.581236,,,,,2026-09-04,https://www.cian.ru/sale/flat/321511668/,3plus,2026-09-05 11:28
323773674,sale,4,False,739468550,1978246.52,373.8,,15.0,6,6,2008.0,monolith,Хамовники,,free,False,Особняк в Хилковом переулке,"Москва, Хилков переулок, д. 5",55.738368,37.597001,,,,,2026-09-04,https://www.cian.ru/sale/flat/323773674/,3plus,2026-09-05 11:28
328962606,sale,5,False,817765220,1872173.12,436.8,,15.0,1,6,2002.0,,Хамовники,,,False,,"Россия, Москва, 1-й Обыденский переулок, 12с1",55.743254,37.60293,,,,,2026-08-12,https://www.cian.ru/sale/flat/328962606/,3plus,2026-09-05 11:28
330856124,sale,4,False,490000000,1531250.0,320.0,175.0,30.0,2,7,,brick,Хамовники,,free,False,Парк Палас,Россия г Москва  г Москва р-н Хамовники  Хилков пер 1,55.736681,37.599319,,,,,2026-09-04,https://www.cian.ru/sale/flat/330856124/,3plus,2026-09-05 11:28
333537270,sale,4,False,891010000,2506357.24,355.5,74.6,102.6,1,13,,monolith,Хамовники,,fz214,True,Клубный квартал «Фрунзенский»,"Москва, Фрунзенская набережная, 30",55.724679888165184,37.584960369475034,,,,,2026-09-05,https://www.cian.ru/sale/flat/333537270/,3plus,2026-09-05 11:28
325712356,sale,4,False,790000000,2821428.57,280.0,112.2,24.7,4,8,2009.0,brick,Хамовники,,free,False,Парк Палас,"Россия, Москва, Хилков переулок, 1",55.736681,37.599319,,,,,2026-09-01,https://www.cian.ru/sale/flat/325712356/,3plus,2026-09-05 11:28
331108426,sale,4,False,370000000,2231604.34,165.8,110.0,14.0,3,6,2003.0,monolithBrick,Хамовники,,free,False,Бутиковский 5,"Россия, Москва, Бутиковский переулок, 5",55.738622,37.602813,,,,,2026-08-12,https://www.cian.ru/sale/flat/331108426/,3plus,2026-09-05 11:28
330721082,sale,5,False,1000000000,3108486.17,321.7,,,14,14,2014.0,monolithBrick,Хамовники,,free,False,Садовые кварталы,"Россия, Москва, улица Ефремова, 10к1",55.725154,37.574507,,,,,2026-09-04,https://www.cian.ru/sale/flat/330721082/,3plus,2026-09-05 11:28
333279722,sale,4,False,190000000,791666.67,240.0,100.0,35.0,15,16,,,Хамовники,,free,False,Смоленская Застава,"Ружейный переулок, 3",55.742955,37.580517,,,,,2026-09-04,https://www.cian.ru/sale/flat/333279722/,3plus,2026-09-05 11:28
324559154,sale,5,False,614246250,2375000.0,258.63,,54.0,14,14,,monolithBrick,Хамовники,,free,False,Садовые кварталы,"Москва, Усачева улица, 15А, квартал 2(2.9)",55.7256,37.570276,,,,,2026-09-04,https://www.cian.ru/sale/flat/324559154/,3plus,2026-09-05 11:28
329467639,sale,3,False,355000000,1802030.46,197.0,,42.4,5,6,2006.0,monolith,Хамовники,,free,False,Кристалл Хаус,"Россия, Москва, Коробейников переулок, 1",55.737314,37.6009,,,,,2026-09-01,https://www.cian.ru/sale/flat/329467639/,3plus,2026-09-05 11:28
333537232,sale,3,False,850260000,4886551.72,174.0,56.4,40.7,12,12,,monolith,Хамовники,,fz214,True,Клубный квартал «Фрунзенский»,"Москва, Фрунзенская набережная, 30",55.724679888165184,37.584960369475034,,,,,2026-09-05,https://www.cian.ru/sale/flat/333537232/,3plus,2026-09-05 11:28
333478948,sale,3,False,115000000,1395631.07,82.4,,30.9,8,18,,monolith,Хамовники,,dupt,False,КОЛЛЕКЦИЯ ЛУЖНИКИ,"Москва, Коллекция Лужники ЖК",55.7143864764713,37.5721614788484,,,,,2026-09-04,https://www.cian.ru/sale/flat/333478948/,3plus,2026-09-05 11:28
333537064,sale,5,False,637500000,2649625.94,240.6,123.3,48.0,1,10,,monolith,Хамовники,,fz214,True,Клубный квартал «Фрунзенский»,"Москва, Фрунзенская набережная, 30",55.7244588775083,37.5843810123283,,,,,2026-09-05,https://www.cian.ru/sale/flat/333537064/,3plus,2026-09-05 11:28
323003289,sale,4,False,235000000,1620689.66,145.0,,,2,14,,monolithBrick,Хамовники,,free,False,Садовые кварталы,"Москва, Усачева улица, 15А, квартал 2(2.9)",55.7256,37.570276,,,,,2026-09-04,https://www.cian.ru/sale/flat/323003289/,3plus,2026-09-05 11:28
332182999,sale,3,False,240000000,1737871.11,138.1,,20.0,3,15,2015.0,monolith,Хамовники,,free,False,Barrin House,"Россия, Москва, Малая Пироговская улица, 8",55.72961,37.570474,,,,,2026-09-04,https://www.cian.ru/sale/flat/332182999/,3plus,2026-09-05 11:28
333538820,sale,3,False,195000000,1919102.45,101.61,47.8,21.8,8,8,,monolithBrick,Хамовники,,free,False,Садовые кварталы,"Москва, Усачева улица, 15А, квартал 2(2.6c1-2)",55.7256,37.570276,,,,,2026-09-04,https://www.cian.ru/sale/flat/333538820/,3plus,2026-09-05 11:28
319659663,sale,5,False,340000000,1342812.01,253.2,127.6,20.0,6,6,2003.0,monolith,Хамовники,,free,False,,"Россия, Москва, улица Остоженка, 27к1",55.739058,37.596498,,,,,2026-08-30,https://www.cian.ru/sale/flat/319659663/,3plus,2026-09-05 11:28
321895784,sale,3,False,250000000,2450980.39,102.0,,20.6,6,14,,monolithBrick,Хамовники,,free,False,Садовые кварталы,"Москва, Усачева улица, 15А, квартал 2(2.10)",55.7256,37.570276,,,,,2026-09-04,https://www.cian.ru/sale/flat/321895784/,3plus,2026-09-05 11:28
325024309,sale,5,False,225000000,889328.06,253.0,146.0,27.2,3,14,1999.0,brick,Хамовники,,free,False,,"Москва, Несвижский пер., 12К1",55.729853,37.581972,,,,,2026-09-04,https://www.cian.ru/sale/flat/325024309/,3plus,2026-09-05 11:28
333537297,sale,3,False,395600000,2499052.43,158.3,52.3,43.4,2,10,,monolith,Хамовники,,fz214,True,Клубный квартал «Фрунзенский»,"Москва, Фрунзенская набережная, 30",55.72428479191037,37.58470019519951,,,,,2026-09-05,https://www.cian.ru/sale/flat/333537297/,3plus,2026-09-05 11:28
331524050,sale,4,False,245000000,1947535.77,125.8,,10.0,3,9,,,Хамовники,,free,False,SAVVIN RIVER RESIDENCE,"Москва, Саввинская набережная, 13",55.73554,37.567267,,,,,2026-09-05,https://www.cian.ru/sale/flat/331524050/,3plus,2026-09-05 11:28
332613309,sale,3,False,115000000,1142005.96,100.7,63.4,12.0,3,4,1912.0,brick,Хамовники,,free,False,,"Россия, Москва, Олсуфьевский переулок, 6с1",55.732818,37.580517,,,,,2026-08-28,https://www.cian.ru/sale/flat/332613309/,3plus,2026-09-05 11:28
333537049,sale,3,False,467200000,3016139.44,154.9,54.4,42.5,2,10,,monolith,Хамовники,,fz214,True,Клубный квартал «Фрунзенский»,"Москва, Фрунзенская набережная, 30",55.7244588775083,37.5843810123283,,,,,2026-09-05,https://www.cian.ru/sale/flat/333537049/,3plus,2026-09-05 11:28
322269655,sale,5,False,1095787200,1876347.95,584.0,,,5,5,,,Хамовники,,free,False,,"Москва, Молочный переулок, 7",55.738992,37.600666,,,,,2026-09-04,https://www.cian.ru/sale/flat/322269655/,3plus,2026-09-05 11:28
329912583,sale,3,False,42000000,561497.33,74.8,55.2,8.9,1,5,1928.0,brick,Хамовники,,,False,,"Россия, Москва, улица Доватора, 14",55.722233,37.564769,,,,,2026-08-10,https://www.cian.ru/sale/flat/329912583/,3plus,2026-09-05 11:28
333537201,sale,3,False,319950000,2559600.0,125.0,42.5,35.3,4,12,,monolith,Хамовники,,fz214,True,Клубный квартал «Фрунзенский»,"Москва, Фрунзенская набережная, 30",55.724679888165184,37.584960369475034,,,,,2026-09-05,https://www.cian.ru/sale/flat/333537201/,3plus,2026-09-05 11:28
309297151,sale,5,False,379000000,1503371.68,252.1,,16.0,3,7,2003.0,monolith,Хамовники,,free,False,Дворянское гнездо,"Москва, Большой Левшинский переулок, 11",55.742164,37.58835,,,,,2026-09-04,https://www.cian.ru/sale/flat/309297151/,3plus,2026-09-05 11:28
331464094,sale,3,False,400000000,2389486.26,167.4,115.0,22.0,5,8,2015.0,monolith,Хамовники,,free,False,Knightsbridge Private Park,"Россия, Москва, улица Ефремова, 19к3",55.721255,37.570025,,,,,2026-08-27,https://www.cian.ru/sale/flat/331464094/,3plus,2026-09-05 11:28
333537136,sale,3,False,495260000,3312775.92,149.5,48.4,31.7,8,12,,monolith,Хамовники,,fz214,True,Клубный квартал «Фрунзенский»,"Москва, Фрунзенская набережная, 30",55.724679888165184,37.584960369475034,,,,,2026-09-05,https://www.cian.ru/sale/flat/333537136/,3plus,2026-09-05 11:28
328968399,sale,6,False,993000000,2900116.82,342.4,218.6,22.7,12,12,,monolithBrick,Хамовники,,free,False,Садовые кварталы,"Москва, Усачева улица, 11И, квартал 3(3.8)",55.727445,37.570617,,,,,2026-09-04,https://www.cian.ru/sale/flat/328968399/,3plus,2026-09-05 11:28
331745114,sale,4,False,156000000,1200000.0,130.0,70.0,10.0,3,8,2008.0,panel,Хамовники,,free,False,Лужники Хаус,"Россия, Москва, улица Хамовнический Вал, 36",55.722588,37.558391,,,,,2026-08-24,https://www.cian.ru/sale/flat/331745114/,3plus,2026-09-05 11:28
333537167,sale,3,False,430090000,2576932.29,166.9,51.9,35.8,6,13,,monolith,Хамовники,,fz214,True,Клубный квартал «Фрунзенский»,"Москва, Фрунзенская набережная, 30",55.724679888165184,37.584960369475034,,,,,2026-09-05,https://www.cian.ru/sale/flat/333537167/,3plus,2026-09-05 11:28
328741815,sale,3,False,36000000,590163.93,61.0,45.0,7.0,1,5,1934.0,brick,Хамовники,,free,False,,"Россия, Москва, 1-й Неопалимовский переулок, 11/22",55.740198,37.581658,,,,,2026-08-25,https://www.cian.ru/sale/flat/328741815/,3plus,2026-09-05 11:28
328607880,sale,3,False,149000000,1079710.14,138.0,,17.0,3,8,1911.0,brick,Хамовники,,free,False,,"Россия, Москва, улица Знаменка, 13с1",55.74979,37.605706,,,,,2026-07-21,https://www.cian.ru/sale/flat/328607880/,3plus,2026-09-05 11:28
333537116,sale,3,False,395690000,2652077.75,149.2,52.3,36.2,6,12,,monolith,Хамовники,,fz214,True,Клубный квартал «Фрунзенский»,"Москва, Фрунзенская набережная, 30",55.724679888165184,37.584960369475034,,,,,2026-09-05,https://www.cian.ru/sale/flat/333537116/,3plus,2026-09-05 11:28
330885626,sale,5,False,500000000,2202643.17,227.0,112.1,40.0,6,12,,monolithBrick,Хамовники,,free,False,Садовые кварталы,"Москва, Усачева улица, 13, квартал 2(2.3)",55.726157,37.57201,,,,,2026-09-04,https://www.cian.ru/sale/flat/330885626/,3plus,2026-09-05 11:28
324891354,sale,3,False,335000000,2447041.64,136.9,73.0,20.3,5,12,,monolithBrick,Хамовники,,free,False,Садовые кварталы,"Москва, Усачева улица, 13, квартал 2(2.4)",55.726157,37.57201,,,,,2026-09-04,https://www.cian.ru/sale/flat/324891354/,3plus,2026-09-05 11:28
327103315,sale,3,False,283825428,1957416.74,145.0,,11.0,8,8,1998.0,brick,Хамовники,,free,False,,"Россия, Москва, улица Остоженка, 25",55.739706,37.597549,,,,,2026-08-27,https://www.cian.ru/sale/flat/327103315/,3plus,2026-09-05 11:28
333537536,sale,4,False,1120170000,4385943.62,255.4,69.9,71.8,9,10,,monolith,Хамовники,,fz214,True,Клубный квартал «Фрунзенский»,"Москва, Фрунзенская набережная, 30",55.72437864670762,37.58455535591348,,,,,2026-09-05,https://www.cian.ru/sale/flat/333537536/,3plus,2026-09-05 11:28
323944075,sale,3,False,206000000,1958174.9,105.2,65.0,9.0,5,14,,monolithBrick,Хамовники,,free,False,Садовые кварталы,"Москва, Усачева улица, 15А, квартал 2(2.10)",55.7256,37.570276,,,,,2026-09-04,https://www.cian.ru/sale/flat/323944075/,3plus,2026-09-05 11:28
328402232,sale,5,False,450000000,1750972.76,257.0,100.6,14.5,5,5,2013.0,monolith,Хамовники,,free,False,Академия,"Москва, Нащокинский переулок, 7",55.747201,37.597756,,,,,2026-09-04,https://www.cian.ru/sale/flat/328402232/,3plus,2026-09-05 11:28
333537210,sale,5,False,1850770000,5623731.39,329.1,91.9,78.4,12,12,,monolith,Хамовники,,fz214,True,Клубный квартал «Фрунзенский»,"Москва, Фрунзенская набережная, 30",55.724679888165184,37.584960369475034,,,,,2026-09-05,https://www.cian.ru/sale/flat/333537210/,3plus,2026-09-05 11:28
332802153,sale,3,False,74400000,1062857.14,70.0,,30.0,7,8,1932.0,brick,Хамовники,,free,False,,"Россия, Москва, переулок Сивцев Вражек, 15/25",55.747363,37.594486,,,,,2026-09-04,https://www.cian.ru/sale/flat/332802153/,3plus,2026-09-05 11:28
333085086,sale,3,False,377700000,3000000.0,125.9,,,3,12,,,Хамовники,,fz214,True,ДОМ XXII,"Москва, Новодевичий проезд, 6с2",55.7297699330094,37.5591669814725,,,,,2026-08-19,https://www.cian.ru/sale/flat/333085086/,3plus,2026-09-05 11:28
332688979,sale,4,False,210000000,1615384.62,130.0,77.0,20.0,2,5,1997.0,brick,Хамовники,,free,False,,"Россия, Москва, Гагаринский переулок, 7к1",55.744612,37.598034,,,,,2026-09-04,https://www.cian.ru/sale/flat/332688979/,3plus,2026-09-05 11:28
333570295,sale,4,False,650000000,2909579.23,223.4,170.0,20.0,5,7,2016.0,monolith,Хамовники,,free,False,Knightsbridge Private Park,"Москва, Москва, улица Ефремова, 19к3",55.721255,37.570025,,,,,2026-09-04,https://www.cian.ru/sale/flat/333570295/,3plus,2026-09-05 11:28
333085082,sale,4,False,417820000,2600000.0,160.7,,,3,12,,,Хамовники,,fz214,True,ДОМ XXII,"Москва, Новодевичий проезд, 6с2",55.7297699330094,37.5591669814725,,,,,2026-08-19,https://www.cian.ru/sale/flat/333085082/,3plus,2026-09-05 11:28
329668894,sale,4,False,305000000,1993464.05,153.0,,15.0,5,13,2019.0,monolith,Хамовники,,free,False,Жизнь на Плющихе,"Россия, Москва, Погодинская улица, д. 2",55.735713,37.572351,,,,,2026-09-04,https://www.cian.ru/sale/flat/329668894/,3plus,2026-09-05 11:28
332299233,sale,3,False,240000000,2033898.31,118.0,,9.0,5,9,2021.0,monolithBrick,Хамовники,,free,False,Пироговская 14,"Россия, Москва, Малая Пироговская улица, 12",55.728378,37.567509,,,,,2026-09-04,https://www.cian.ru/sale/flat/332299233/,3plus,2026-09-05 11:28
333206875,sale,4,False,220000000,1078431.37,204.0,118.0,16.0,7,7,1939.0,brick,Хамовники,,free,False,,"Россия, Москва, Фрунзенская набережная, 54",55.71628,37.578109,,,,,2026-08-25,https://www.cian.ru/sale/flat/333206875/,3plus,2026-09-05 11:28
332348916,sale,3,False,290000000,2443133.95,118.7,,20.0,5,15,2014.0,brick,Хамовники,,free,False,Садовые кварталы,"Россия, Москва, Трубецкая улица, 12",55.726568,37.575378,,,,,2026-08-26,https://www.cian.ru/sale/flat/332348916/,3plus,2026-09-05 11:28
322312205,sale,4,False,750000000,3138075.31,239.0,144.0,21.0,5,7,2011.0,monolithBrick,Хамовники,,free,False,,"Россия, Москва, 1-й Зачатьевский переулок, 8с1",55.740588,37.601295,,,,,2026-07-24,https://www.cian.ru/sale/flat/322312205/,3plus,2026-09-05 11:28
332159618,sale,4,False,460000000,3006535.95,153.0,80.0,20.0,3,13,2019.0,monolithBrick,Хамовники,,free,False,Жизнь на Плющихе,"Россия, Москва, Погодинская улица, 2",55.735713,37.572351,,,,,2026-09-04,https://www.cian.ru/sale/flat/332159618/,3plus,2026-09-05 11:28
332816905,sale,3,False,62000000,657476.14,94.3,,11.0,2,5,1928.0,brick,Хамовники,,alternative,False,,"Россия, Москва, улица Доватора, 14",55.722233,37.564769,,,,,2026-08-28,https://www.cian.ru/sale/flat/332816905/,3plus,2026-09-05 11:28
332368701,sale,3,False,225000000,1875000.0,120.0,,12.0,13,14,2022.0,monolith,Хамовники,,free,False,Садовые кварталы,"Россия, Москва, Усачёва улица, 15",55.726836,37.570357,,,,,2026-09-04,https://www.cian.ru/sale/flat/332368701/,3plus,2026-09-05 11:28
315453056,sale,3,False,478479650,2364029.89,202.4,,10.0,2,8,2009.0,monolith,Хамовники,,free,False,Парк Палас,"Россия, Москва, Хилков переулок, 1",55.736681,37.599319,,,,,2026-08-27,https://www.cian.ru/sale/flat/315453056/,3plus,2026-09-05 11:28
327744171,sale,5,False,275000000,907590.76,303.0,242.0,,3,5,,monolith,Хамовники,,free,False,,"Москва, улица Остоженка, 7с1",55.742767,37.600792,,,,,2026-09-04,https://www.cian.ru/sale/flat/327744171/,3plus,2026-09-05 11:28
327707408,sale,4,False,125000000,844024.31,148.1,96.4,15.9,6,9,1912.0,brick,Хамовники,,free,False,,"Россия, Москва, улица Знаменка, 13с1",55.74979,37.605706,,,,,2026-08-27,https://www.cian.ru/sale/flat/327707408/,3plus,2026-09-05 11:28
322350021,sale,5,False,590000000,2599118.94,227.0,158.0,20.0,6,12,2016.0,monolith,Хамовники,,free,False,Садовые кварталы,"Россия, Москва, Усачёва улица, д. 13",55.726157,37.57201,,,,,2026-09-04,https://www.cian.ru/sale/flat/322350021/,3plus,2026-09-05 11:28
327991060,sale,3,False,235250000,1799923.49,130.7,,6.0,3,8,,,Хамовники,,,False,Roza Rossa,"Россия, Москва, Зубовская улица, 7",55.736934,37.583365,,,,,2026-08-19,https://www.cian.ru/sale/flat/327991060/,3plus,2026-09-05 11:28
331184049,sale,5,False,500000000,2500000.0,200.0,155.0,15.0,4,7,2008.0,monolithBrick,Хамовники,,free,False,Фьюжн парк,"Россия, Москва, Усачёва улица, 2с3",55.730426,37.574067,,,,,2026-09-02,https://www.cian.ru/sale/flat/331184049/,3plus,2026-09-05 11:28
332200767,sale,4,False,230000000,1189245.09,193.4,132.0,20.0,4,5,1997.0,brick,Хамовники,,free,False,,"Россия, Москва, Гагаринский переулок, 7к1",55.744612,37.598034,,,,,2026-08-26,https://www.cian.ru/sale/flat/332200767/,3plus,2026-09-05 11:28
331287066,sale,6,False,739468550,2127967.05,347.5,,12.0,6,6,2008.0,monolith,Хамовники,,free,False,Особняк в Хилковом переулке,"Россия, Москва, Хилков переулок, 5",55.738368,37.597001,,,,,2026-09-04,https://www.cian.ru/sale/flat/331287066/,3plus,2026-09-05 11:28
332369359,sale,5,False,480000000,2000000.0,240.0,,12.0,6,6,2022.0,,Хамовники,,free,False,Садовые кварталы,"Россия, Москва, Усачёва улица, 15А",55.7256,37.570276,,,,,2026-09-04,https://www.cian.ru/sale/flat/332369359/,3plus,2026-09-05 11:28
329290318,sale,3,False,170000000,1317829.46,129.0,,10.0,4,5,1939.0,brick,Хамовники,,free,False,,"Россия, Москва, Малый Лёвшинский переулок, 14/9с1",55.742514,37.589536,,,,,2026-08-23,https://www.cian.ru/sale/flat/329290318/,3plus,2026-09-05 11:28
309680694,sale,3,False,350000000,2592592.59,135.0,,20.0,5,12,2016.0,monolith,Хамовники,,free,False,Садовые кварталы,"Россия, Москва, Усачёва улица, д. 13",55.726157,37.57201,,,,,2026-09-04,https://www.cian.ru/sale/flat/309680694/,3plus,2026-09-05 11:28
331493950,sale,3,False,6500000,82382.76,78.9,53.0,9.1,7,8,,brick,Хамовники,,free,False,,"Россия, Москва, улица Хамовнический Вал, 32",55.72127,37.564778,,,,,2026-09-03,https://www.cian.ru/sale/flat/331493950/,3plus,2026-09-05 11:28
332299819,sale,3,False,370000000,2661870.5,139.0,,9.0,6,9,2021.0,monolithBrick,Хамовники,,free,False,Пироговская 14,"Россия, Москва, Малая Пироговская улица, 12",55.728378,37.567509,,,,,2026-08-23,https://www.cian.ru/sale/flat/332299819/,3plus,2026-09-05 11:28
331374655,sale,3,False,155000000,1240000.0,125.0,66.0,21.0,2,5,1905.0,brick,Хамовники,,free,False,,"Россия, Москва, улица Пречистенка, 33/19с1",55.73963,37.589868,,,,,2026-09-01,https://www.cian.ru/sale/flat/331374655/,3plus,2026-09-05 11:28
330531950,sale,5,False,164990000,647019.61,255.0,206.0,20.0,5,5,1910.0,monolithBrick,Хамовники,,free,False,,"Москва, Нащокинский пер., 8",55.745833,37.598672,,,,,2026-09-04,https://www.cian.ru/sale/flat/330531950/,3plus,2026-09-05 11:28
326318968,sale,5,False,913461150,3383189.44,270.0,,,5,7,2010.0,monolithBrick,Хамовники,,free,False,Еропкинский 16,"Москва, Еропкинский переулок, 16",55.740451,37.592716,,,,,2026-09-03,https://www.cian.ru/sale/flat/326318968/,3plus,2026-09-05 11:28
332175684,sale,4,False,298000000,1655555.56,180.0,120.0,20.0,4,6,,,Хамовники,,free,False,Новая Остоженка,"Москва, переулок 1-й Зачатьевский, д.5",55.739022,37.603819,,,,,2026-09-04,https://www.cian.ru/sale/flat/332175684/,3plus,2026-09-05 11:28
330989343,sale,4,False,380000000,1849148.42,205.5,,20.0,3,6,2021.0,monolith,Хамовники,,free,False,Magnum,"Россия, Москва, Усачёва улица, 9",55.728307,37.572414,,,,,2026-08-25,https://www.cian.ru/sale/flat/330989343/,3plus,2026-09-05 11:28
332700293,sale,6,False,530000000,2236286.92,237.0,126.0,20.0,1,6,2014.0,monolithBrick,Хамовники,,free,False,Литератор,"Россия, Москва, улица Льва Толстого, 23к1",55.734917,37.58482,,,,,2026-09-04,https://www.cian.ru/sale/flat/332700293/,3plus,2026-09-05 11:28
331956041,sale,3,False,269000000,2831578.95,95.0,,10.3,11,13,,,Хамовники,,free,False,Садовые кварталы,"Москва Усачева , 15",55.726836,37.570357,,,,,2026-09-04,https://www.cian.ru/sale/flat/331956041/,3plus,2026-09-05 11:28
332181069,sale,4,False,500000000,1953125.0,256.0,,30.0,2,8,2009.0,brick,Хамовники,,free,False,Парк Палас,"Москва, Хилков переулок, 1",55.736681,37.599319,,,,,2026-09-04,https://www.cian.ru/sale/flat/332181069/,3plus,2026-09-05 11:28
315657117,sale,5,False,464125260,2168809.63,214.0,,20.0,3,7,2004.0,monolithBrick,Хамовники,,free,False,Кристалл Хаус,"Россия, Москва, Коробейников переулок, 1",55.737314,37.6009,,,,,2026-08-26,https://www.cian.ru/sale/flat/315657117/,3plus,2026-09-05 11:28
325302854,sale,5,False,295000000,1376574.9,214.3,88.0,,15,15,,monolith,Хамовники,,free,False,,"Москва, набережная Саввинская, 9",55.736914,37.569396,,,,,2026-09-04,https://www.cian.ru/sale/flat/325302854/,3plus,2026-09-05 11:28
329819774,sale,4,False,85000000,711892.8,119.4,,9.0,4,4,1906.0,brick,Хамовники,,free,False,,"Москва, Зубовский проезд, 2к2",55.73625,37.589464,,,,,2026-09-04,https://www.cian.ru/sale/flat/329819774/,3plus,2026-09-05 11:28
332308916,sale,4,False,215000000,1531339.03,140.4,120.0,20.4,2,6,2014.0,monolith,Хамовники,,free,False,Clerkenwell House,"Россия, Москва, Комсомольский проспект, 42с2",55.721731,37.572899,,,,,2026-09-04,https://www.cian.ru/sale/flat/332308916/,3plus,2026-09-05 11:28
319855834,sale,4,False,1600000000,3404979.78,469.9,20.0,,5,8,1910.0,monolith,Хамовники,,free,False,Пречистенка 13,"Москва, Пречистенка ул., 13",55.742514,37.596264,,,,,2026-09-03,https://www.cian.ru/sale/flat/319855834/,3plus,2026-09-05 11:28
330968518,sale,5,False,590000000,2599118.94,227.0,160.0,25.0,6,12,2021.0,monolith,Хамовники,,free,False,Садовые кварталы,"город Москва, Хамовники район, улица Усачёва, дом 13",55.726157,37.57201,,,,,2026-09-04,https://www.cian.ru/sale/flat/330968518/,3plus,2026-09-05 11:28
333617699,sale,3,False,149000000,1079710.14,138.0,60.0,15.0,3,9,1912.0,brick,Хамовники,,free,False,,"Москва, Знаменка ул., 13с1",55.74979,37.605706,,,,,2026-09-04,https://www.cian.ru/sale/flat/333617699/,3plus,2026-09-05 11:28
269368880,sale,4,False,452380760,2174907.5,208.0,,12.0,3,6,,,Хамовники,,free,False,Кристалл Хаус,"Москва, Коробейников переулок, 1",55.737314,37.6009,,,,,2026-08-19,https://www.cian.ru/sale/flat/269368880/,3plus,2026-09-05 11:28
330244227,sale,5,False,430000000,1184573.0,363.0,,15.0,9,16,2003.0,block,Хамовники,,free,False,Венский дом,"Россия, Москва, 1-й Неопалимовский переулок, 8",55.74076,37.581047,,,,,2026-09-02,https://www.cian.ru/sale/flat/330244227/,3plus,2026-09-05 11:28
324109123,sale,3,False,245000000,2266419.98,108.1,,30.0,3,10,2012.0,,Хамовники,,free,False,Дом на Бурденко,"Россия, Москва, улица Бурденко, 3",55.738449,37.581236,,,,,2026-08-18,https://www.cian.ru/sale/flat/324109123/,3plus,2026-09-05 11:28
332867884,sale,3,False,350000000,3500000.0,100.0,66.0,15.0,4,13,2019.0,monolithBrick,Хамовники,,free,False,Жизнь на Плющихе,"Россия, Москва, Погодинская улица, 2",55.735713,37.572351,,,,,2026-08-27,https://www.cian.ru/sale/flat/332867884/,3plus,2026-09-05 11:28
330914006,sale,3,False,249850000,2205207.41,113.3,,14.5,2,5,2022.0,monolithBrick,Хамовники,,free,False,Садовые кварталы,"Россия, Москва, Усачёва улица, 15А",55.7256,37.570276,,,,,2026-09-05,https://www.cian.ru/sale/flat/330914006/,3plus,2026-09-05 11:28
326127197,sale,6,False,275000000,907590.76,303.0,,25.0,3,9,1910.0,brick,Хамовники,,free,False,,"Россия, Москва, улица Остоженка, 7с1",55.742767,37.600792,,,,,2026-08-19,https://www.cian.ru/sale/flat/326127197/,3plus,2026-09-05 11:28
330922821,sale,3,False,380000000,1933842.24,196.5,,20.0,2,5,1913.0,brick,Хамовники,,free,False,,"Россия, Москва, Староконюшенный переулок, 15",55.745899,37.594162,,,,,2026-06-09,https://www.cian.ru/sale/flat/330922821/,3plus,2026-09-05 11:28
332724429,sale,3,False,350000000,3500000.0,100.0,,12.0,4,13,2019.0,monolithBrick,Хамовники,,free,False,Жизнь на Плющихе,"Россия, Москва, Погодинская улица, 2",55.735713,37.572351,,,,,2026-08-27,https://www.cian.ru/sale/flat/332724429/,3plus,2026-09-05 11:28
331577471,sale,4,False,290000000,1835443.04,158.0,90.0,20.0,2,12,2012.0,,Хамовники,,free,False,Андреевский,"Москва 2-я Фрунзенская , 8",55.723699,37.583697,,,,,2026-09-04,https://www.cian.ru/sale/flat/331577471/,3plus,2026-09-05 11:28
329466126,sale,5,False,500000000,2500000.0,200.0,,12.0,4,11,2008.0,monolithBrick,Хамовники,,,False,Фьюжн парк,"Россия, Москва, Усачёва улица, 2с3",55.730426,37.574067,,,,,2026-08-26,https://www.cian.ru/sale/flat/329466126/,3plus,2026-09-05 11:28
329647593,sale,3,False,390000000,2511268.51,155.3,65.0,20.0,12,14,2014.0,monolith,Хамовники,,free,False,Садовые кварталы,"Россия, Москва, улица Ефремова, 10к1",55.725154,37.574507,,,,,2026-09-02,https://www.cian.ru/sale/flat/329647593/,3plus,2026-09-05 11:28
330527261,sale,4,False,210000000,1193181.82,176.0,90.0,,5,8,1914.0,brick,Хамовники,,free,False,,"Москва, Обыденский 1-й пер., 9/12",55.743005,37.602256,,,,,2026-09-04,https://www.cian.ru/sale/flat/330527261/,3plus,2026-09-05 11:28
333546497,sale,3,False,145000000,1602209.94,90.5,41.0,21.0,2,9,2022.0,,Хамовники,,free,False,Садовые кварталы,"Россия, Москва, Усачёва улица, 15А",55.7256,37.570276,,,,,2026-09-04,https://www.cian.ru/sale/flat/333546497/,3plus,2026-09-05 11:28
332297994,sale,4,False,557200000,3500000.0,159.2,,,7,11,,,Хамовники,,dupt,False,ДОМ XXII,"Россия, Москва, Новодевичий проезд, 6с2",55.7297699330094,37.5591669814725,,,,,2026-08-23,https://www.cian.ru/sale/flat/332297994/,3plus,2026-09-05 11:28
331291576,sale,5,False,485000000,1515625.0,320.0,,25.0,2,8,2009.0,brick,Хамовники,,free,False,Парк Палас,"Россия, Москва, Хилков переулок, 1",55.736681,37.599319,,,,,2026-09-04,https://www.cian.ru/sale/flat/331291576/,3plus,2026-09-05 11:28
332214647,sale,3,False,460000000,3006535.95,153.0,,40.0,3,13,2019.0,monolithBrick,Хамовники,,free,False,Жизнь на Плющихе,"Россия, Москва, Погодинская улица, 2",55.735713,37.572351,,,,,2026-09-04,https://www.cian.ru/sale/flat/332214647/,3plus,2026-09-05 11:28
330007268,sale,4,False,219500000,1662878.79,132.0,,20.0,10,13,2022.0,monolith,Хамовники,,free,False,Садовые кварталы,"Россия, Москва, Усачёва улица, 15А",55.7256,37.570276,,,,,2026-09-04,https://www.cian.ru/sale/flat/330007268/,3plus,2026-09-05 11:28
328680846,sale,4,False,415000000,1976190.48,210.0,,20.0,2,8,2005.0,monolithBrick,Хамовники,,free,False,Новая Остоженка,"Россия, Москва, 1-й Зачатьевский переулок, 5",55.739022,37.603819,,,,,2026-09-04,https://www.cian.ru/sale/flat/328680846/,3plus,2026-09-05 11:28
332734989,sale,5,False,500000000,2500000.0,200.0,,58.3,4,7,2008.0,monolithBrick,Хамовники,,free,False,Фьюжн парк,"Россия, Москва город, улица Усачева, дом 2, строение 3",55.730426,37.574067,,,,,2026-09-01,https://www.cian.ru/sale/flat/332734989/,3plus,2026-09-05 11:28
332798670,sale,3,False,71800000,732653.06,98.0,58.0,24.0,5,5,1958.0,brick,Хамовники,,free,False,,"Россия, Москва, улица Плющиха, 43-47",55.739478,37.576717,,,,,2026-09-03,https://www.cian.ru/sale/flat/332798670/,3plus,2026-09-05 11:28
329049863,sale,6,False,435000000,966666.67,450.0,,40.0,4,7,2004.0,monolith,Хамовники,,free,False,,"Россия, Москва, Земледельческий переулок, 11",55.740902,37.578154,,,,,2026-09-04,https://www.cian.ru/sale/flat/329049863/,3plus,2026-09-05 11:28
332474437,sale,4,False,500000000,2506265.66,199.5,164.7,20.0,4,11,2008.0,monolithBrick,Хамовники,,free,False,Фьюжн парк,"Москва, Усачёва улица, 2с3",55.730426,37.574067,,,,,2026-09-04,https://www.cian.ru/sale/flat/332474437/,3plus,2026-09-05 11:28
332992588,sale,3,False,192438190,1253668.99,153.5,,30.0,3,13,2019.0,monolithBrick,Хамовники,,free,False,Жизнь на Плющихе,"Россия, Москва, Погодинская улица, 2",55.735713,37.572351,,,,,2026-09-04,https://www.cian.ru/sale/flat/332992588/,3plus,2026-09-05 11:28
332784732,sale,4,False,535000000,2491849.09,214.7,140.0,20.0,6,6,2021.0,monolithBrick,Хамовники,,free,False,Magnum,Москва ул. Усачева 9,55.728307,37.572414,,,,,2026-08-31,https://www.cian.ru/sale/flat/332784732/,3plus,2026-09-05 11:28
330046532,sale,3,False,155000000,2337858.22,66.3,28.3,33.0,2,4,,,Хамовники,,free,False,Саввинская 17,"Москва, Саввинская набережная, д. 17",55.734567,37.565767,,,,,2026-09-04,https://www.cian.ru/sale/flat/330046532/,3plus,2026-09-05 11:28
318859684,sale,5,False,379000000,1503371.68,252.1,,12.0,3,7,,,Хамовники,,free,False,Дворянское гнездо,"Москва, Большой Лёвшинский переулок, 11",55.742164,37.58835,,,,,2026-09-04,https://www.cian.ru/sale/flat/318859684/,3plus,2026-09-05 11:28
332411894,sale,6,False,450000000,1027397.26,438.0,300.0,31.2,13,14,1999.0,monolithBrick,Хамовники,,free,False,,"Москва, Несвижский пер., 12к1",55.729853,37.581972,,,,,2026-09-03,https://www.cian.ru/sale/flat/332411894/,3plus,2026-09-05 11:28
332693651,sale,5,False,165000000,647058.82,255.0,,,5,5,1910.0,,Хамовники,,free,False,,"Москва, Нащокинский переулок, 8",55.745833,37.598672,,,,,2026-08-19,https://www.cian.ru/sale/flat/332693651/,3plus,2026-09-05 11:28
333312106,sale,3,False,220000000,1693610.47,129.9,100.0,20.0,10,13,2022.0,monolith,Хамовники,,free,False,Садовые кварталы,"Москва, Усачёва улица, 15А",55.7256,37.570276,,,,,2026-08-31,https://www.cian.ru/sale/flat/333312106/,3plus,2026-09-05 11:28
324878171,sale,6,False,993000000,2903508.77,342.0,273.0,,11,11,,monolith,Хамовники,,free,False,Садовые кварталы,"Москва, улица Усачёва, 11И",55.72746,37.570698,,,,,2026-09-04,https://www.cian.ru/sale/flat/324878171/,3plus,2026-09-05 11:28
328057122,sale,3,False,300000000,1843884.45,162.7,,11.0,5,9,1912.0,monolithBrick,Хамовники,,free,False,Барыковские палаты,"Россия, Москва, Барыковский переулок, 6",55.741784,37.596633,,,,,2026-08-22,https://www.cian.ru/sale/flat/328057122/,3plus,2026-09-05 11:28
330171080,sale,5,False,84900000,673809.52,126.0,,,4,4,1906.0,,Хамовники,,free,False,,"Россия, г. Москва, Зубовский пр-д, д. 2, корп. 2",55.73625,37.589464,,,,,2026-09-05,https://www.cian.ru/sale/flat/330171080/,3plus,2026-09-05 11:28
332036039,sale,4,False,500000000,1945525.29,257.0,175.0,30.0,2,8,2009.0,brick,Хамовники,,free,False,Парк Палас,"Россия, Москва, Хилков переулок, 1",55.736681,37.599319,,,,,2026-08-26,https://www.cian.ru/sale/flat/332036039/,3plus,2026-09-05 11:28
333168389,sale,5,False,630000000,1798458.46,350.3,,20.0,7,7,2009.0,monolith,Хамовники,,free,False,Еропкинский 16,"Москва, Еропкинский переулок, д. 16/23",55.740451,37.592716,,,,,2026-09-04,https://www.cian.ru/sale/flat/333168389/,3plus,2026-09-05 11:28
328562061,sale,5,False,164900000,646666.67,255.0,150.0,20.0,5,5,2005.0,brick,Хамовники,,free,False,,"Москва, Нащокинский переулок, 8",55.745833,37.598672,,,,,2026-09-04,https://www.cian.ru/sale/flat/328562061/,3plus,2026-09-05 11:28
326318972,sale,6,False,1217948200,2085170.69,584.1,142.0,58.0,5,5,2008.0,,Хамовники,,free,False,,"Москва, Молочный переулок, 7",55.738992,37.600666,,,,,2026-09-04,https://www.cian.ru/sale/flat/326318972/,3plus,2026-09-05 11:28
332178081,sale,4,False,349000000,1424489.8,245.0,169.0,20.0,2,8,2005.0,monolithBrick,Хамовники,,free,False,Новая Остоженка,"Москва, 1-й Зачатьевский переулок, 5",55.739022,37.603819,,,,,2026-09-01,https://www.cian.ru/sale/flat/332178081/,3plus,2026-09-05 11:28
325832304,sale,6,False,207000000,900000.0,230.0,150.0,70.0,3,3,1879.0,brick,Хамовники,,free,False,,"Москва, Москва, улица Волхонка,, 9с1",55.747089,37.607628,,,,,2026-09-03,https://www.cian.ru/sale/flat/325832304/,3plus,2026-09-05 11:28
331180788,sale,4,False,500000000,2000000.0,250.0,,20.0,2,8,,,Хамовники,,free,False,Парк Палас,"Москва, Хилков переулок, 1",55.736681,37.599319,,,,,2026-09-03,https://www.cian.ru/sale/flat/331180788/,3plus,2026-09-05 11:28
325421928,sale,4,False,430000000,2408963.59,178.5,,17.7,6,9,2015.0,monolith,Хамовники,,free,False,Barrin House,"Россия, Москва, Малая Пироговская улица, 8",55.72961,37.570474,,,,,2026-08-25,https://www.cian.ru/sale/flat/325421928/,3plus,2026-09-05 11:28
309297148,sale,5,False,439000000,1739992.07,252.3,,16.0,4,7,2003.0,monolith,Хамовники,,free,False,Дворянское гнездо,"Москва, Большой Левшинский переулок, 11",55.742164,37.58835,,,,,2026-09-01,https://www.cian.ru/sale/flat/309297148/,3plus,2026-09-05 11:28
330531951,sale,4,False,1000000000,3490401.4,286.5,233.0,40.0,5,8,,monolith,Хамовники,,free,False,Пречистенка 13,"Москва, Пречистенка ул., 13",55.742514,37.596264,,,,,2026-09-03,https://www.cian.ru/sale/flat/330531951/,3plus,2026-09-05 11:28
331899574,sale,4,False,500000000,1953125.0,256.0,200.0,25.0,2,7,2009.0,monolith,Хамовники,,free,False,Парк Палас,"Москва, Хилков переулок, дом 1",55.736681,37.599319,,,,,2026-08-31,https://www.cian.ru/sale/flat/331899574/,3plus,2026-09-05 11:28
332907885,sale,5,False,1000000000,3108486.17,321.7,160.0,32.0,14,14,2014.0,monolith,Хамовники,,free,False,Садовые кварталы,"Москва, улица Ефремова, 10к1",55.725154,37.574507,,,,,2026-09-04,https://www.cian.ru/sale/flat/332907885/,3plus,2026-09-05 11:28
332441307,sale,3,False,130000000,1452513.97,89.5,,,15,18,,monolith,Хамовники,,dupt,False,КОЛЛЕКЦИЯ ЛУЖНИКИ,"Россия, Москва, ЖК Коллекция Лужники",55.714344080273975,37.57406048283202,,,,,2026-07-29,https://www.cian.ru/sale/flat/332441307/,3plus,2026-09-05 11:28
327039322,sale,3,False,138580000,1300000.0,106.6,85.0,,2,2,,,Хамовники,,free,False,,"Москва, улица Пречистенка, 33/19с2",55.739493,37.589428,,,,,2026-09-04,https://www.cian.ru/sale/flat/327039322/,3plus,2026-09-05 11:28
329856436,sale,4,False,490000000,2051926.3,238.8,,30.0,11,11,2019.0,monolithBrick,Хамовники,,free,False,Садовые кварталы,"Россия, Москва, Усачёва улица, 11И",55.727445,37.570617,,,,,2026-08-08,https://www.cian.ru/sale/flat/329856436/,3plus,2026-09-05 11:28
327985311,sale,3,False,380000000,2231356.43,170.3,,18.0,7,13,2019.0,monolithBrick,Хамовники,,,False,Жизнь на Плющихе,"Россия, Москва, Погодинская улица, 2",55.735713,37.572351,,,,,2026-08-19,https://www.cian.ru/sale/flat/327985311/,3plus,2026-09-05 11:28
322602341,sale,5,False,590000000,2599118.94,227.0,,12.0,6,12,2021.0,monolithBrick,Хамовники,,free,False,Садовые кварталы,"Россия, Москва, Усачёва улица, 13",55.726157,37.57201,,,,,2026-08-11,https://www.cian.ru/sale/flat/322602341/,3plus,2026-09-05 11:28
323108766,sale,5,False,270000000,931034.48,290.0,139.0,12.0,2,14,2005.0,monolithBrick,Хамовники,,free,False,Пять Звезд,"Россия, Москва, 2-я Фрунзенская улица, 12",55.724069,37.580436,,,,,2026-09-02,https://www.cian.ru/sale/flat/323108766/,3plus,2026-09-05 11:28
325835879,sale,6,False,230400000,900000.0,256.0,181.0,70.0,3,3,1879.0,brick,Хамовники,,free,False,,"Москва, Москва, улица Волхонка, 9с1",55.747089,37.607628,,,,,2026-09-03,https://www.cian.ru/sale/flat/325835879/,3plus,2026-09-05 11:28
330193362,sale,3,False,199000000,1745614.04,114.0,,,12,18,,monolith,Хамовники,,dupt,False,КОЛЛЕКЦИЯ ЛУЖНИКИ,"Россия, Москва, ЖК Коллекция Лужники",55.7140296087072,37.57321002756597,,,,,2026-07-19,https://www.cian.ru/sale/flat/330193362/,3plus,2026-09-05 11:28
329440646,sale,4,False,490000000,2617521.37,187.2,120.0,10.0,3,14,2019.0,monolithBrick,Хамовники,,free,False,,"Россия, Москва, Усачёва улица, 11Г",55.727273,37.57254,,,,,2026-08-25,https://www.cian.ru/sale/flat/329440646/,3plus,2026-09-05 11:28
332467181,sale,5,False,730000000,3007828.59,242.7,124.8,20.0,2,6,,monolithBrick,Хамовники,,dupt,False,Клубный дом Обыденский №1,"Россия, Москва, 3-й Обыденский переулок, 1",55.742005340258,37.6042283644176,,,,,2026-08-17,https://www.cian.ru/sale/flat/332467181/,3plus,2026-09-05 11:28
318017044,sale,5,False,739468550,2149617.88,344.0,,16.0,6,6,,,Хамовники,,free,False,Особняк в Хилковом переулке,"Москва, Хилков переулок, 5",55.738368,37.597001,,,,,2026-09-04,https://www.cian.ru/sale/flat/318017044/,3plus,2026-09-05 11:28
332393149,sale,3,False,374000000,2458908.61,152.1,,40.9,7,12,,,Хамовники,,dupt,False,ДОМ XXII,"Россия, Москва, Новодевичий проезд, 6с2",55.7297699330094,37.5591669814725,,,,,2026-09-01,https://www.cian.ru/sale/flat/332393149/,3plus,2026-09-05 11:28
331403669,sale,5,False,500000000,1470588.24,340.0,180.0,25.0,3,8,2009.0,monolith,Хамовники,,free,False,Парк Палас,"Россия, Москва город, переулок Хилков, дом 1",55.736681,37.599319,,,,,2026-09-03,https://www.cian.ru/sale/flat/331403669/,3plus,2026-09-05 11:28
329978266,sale,4,False,300000000,1346499.1,222.8,,18.0,3,6,,monolithBrick,Хамовники,,free,False,Фьюжн парк,"Москва, Усачёва улица, 2с3",55.730426,37.574067,,,,,2026-09-03,https://www.cian.ru/sale/flat/329978266/,3plus,2026-09-05 11:28
331813338,sale,3,False,225000000,2427184.47,92.7,,10.0,6,12,,,Хамовники,,free,False,Садовые кварталы,"Москва Усачева , 15А",55.7256,37.570276,,,,,2026-09-04,https://www.cian.ru/sale/flat/331813338/,3plus,2026-09-05 11:28
325863235,sale,4,False,250000000,1282051.28,195.0,,,5,15,2007.0,monolith,Хамовники,,free,False,,"Россия, г. Москва, Саввинская наб., д. 9",55.736914,37.569396,,,,,2026-09-05,https://www.cian.ru/sale/flat/325863235/,3plus,2026-09-05 11:28
330531908,sale,3,False,108000000,1080000.0,100.0,64.0,14.0,4,6,1910.0,brick,Хамовники,,free,False,,"Москва, Пречистенка ул., 25",55.740522,37.591674,,,,,2026-09-03,https://www.cian.ru/sale/flat/330531908/,3plus,2026-09-05 11:28
326198545,sale,5,False,657000000,2406593.41,273.0,98.0,20.0,7,7,2003.0,monolith,Хамовники,,free,False,Дворянское гнездо,"Москва, Левшинский Б. пер., 11",55.742164,37.58835,,,,,2026-09-03,https://www.cian.ru/sale/flat/326198545/,3plus,2026-09-05 11:28
332365226,sale,4,False,399900000,1983630.95,201.6,,,3,8,2014.0,monolith,Хамовники,,free,False,GRAND DELUXE на Плющихе,"Россия, Москва, Погодинская улица, 4",55.734973,37.571013,,,,,2026-08-31,https://www.cian.ru/sale/flat/332365226/,3plus,2026-09-05 11:28
285546660,sale,4,False,304487050,1791100.29,170.0,118.0,18.0,2,6,,,Хамовники,,free,False,Дом в Зубовском проезде,"Москва, проезд Зубовский, 1",55.736351,37.588503,,,,,2026-09-04,https://www.cian.ru/sale/flat/285546660/,3plus,2026-09-05 11:28
332453814,sale,6,False,993000000,2903508.77,342.0,,30.0,12,12,2018.0,monolithBrick,Хамовники,,free,False,Садовые кварталы,"Москва, Усачёва улица  , 11",55.72746,37.570698,,,,,2026-09-04,https://www.cian.ru/sale/flat/332453814/,3plus,2026-09-05 11:28
332734992,sale,3,False,350000000,3500000.0,100.0,,20.0,4,13,2019.0,monolithBrick,Хамовники,,free,False,Жизнь на Плющихе,"Россия, Москва город, улица Погодинская, дом 2",55.735713,37.572351,,,,,2026-09-01,https://www.cian.ru/sale/flat/332734992/,3plus,2026-09-05 11:28
329643968,sale,3,False,370000000,2661870.5,139.0,,,5,9,2023.0,,Хамовники,,free,False,Пироговская 14,"Москва, Малая Пироговская улица, д.12",55.728378,37.567509,,,,,2026-09-04,https://www.cian.ru/sale/flat/329643968/,3plus,2026-09-05 11:28
333463615,sale,4,False,500000000,1562500.0,320.0,200.0,30.0,2,8,2009.0,brick,Хамовники,,free,False,Парк Палас,"Россия, Москва город, переулок Хилков, дом 1",55.736681,37.599319,,,,,2026-09-01,https://www.cian.ru/sale/flat/333463615/,3plus,2026-09-05 11:28
332119272,sale,6,False,365000000,1477732.79,247.0,150.0,25.0,4,5,1998.0,block,Хамовники,,free,False,,Россия г Москва  г Москва р-н Хамовники  Курсовой пер 8/2,55.740537,37.604807,,,,,2026-09-04,https://www.cian.ru/sale/flat/332119272/,3plus,2026-09-05 11:28
333048141,sale,3,False,200000000,1941747.57,103.0,,10.0,9,10,2022.0,monolith,Хамовники,,free,False,Садовые кварталы,"Россия, Москва, Усачёва улица, 15А",55.7256,37.570276,,,,,2026-08-31,https://www.cian.ru/sale/flat/333048141/,3plus,2026-09-05 11:28
331019898,sale,3,False,153440000,1394909.09,110.0,,30.0,2,2,,brick,Хамовники,,free,False,,"Россия, Москва, улица Пречистенка, 33/19с2",55.739493,37.589428,,,,,2026-09-01,https://www.cian.ru/sale/flat/331019898/,3plus,2026-09-05 11:28
329709139,sale,3,False,35000000,573770.49,61.0,45.0,7.0,1,5,,brick,Хамовники,,free,False,,"Москва, Хамовники район, Неопалимовский 1-й пер., д.11",55.740198,37.581658,,,,,2026-09-03,https://www.cian.ru/sale/flat/329709139/,3plus,2026-09-05 11:28
328493167,sale,4,False,210000000,1195899.77,175.6,158.6,12.0,5,7,1904.0,brick,Хамовники,,free,False,,"Россия, г. Москва, Обыденский 1-й пер., д. 9/12",55.743005,37.602256,,,,,2026-09-05,https://www.cian.ru/sale/flat/328493167/,3plus,2026-09-05 11:28
332401717,sale,3,False,474500000,2479101.36,191.4,,42.9,5,12,,,Хамовники,,dupt,False,ДОМ XXII,"Россия, Москва, Новодевичий проезд, 6с2",55.7297699330094,37.5591669814725,,,,,2026-09-03,https://www.cian.ru/sale/flat/332401717/,3plus,2026-09-05 11:28
322938111,sale,3,False,220920000,1400000.0,157.8,,,2,2,1916.0,,Хамовники,,free,False,,"Россия, г. Москва, Пречистенка ул., д. 33/19, стр. 2",55.739493,37.589428,,,,,2026-09-05,https://www.cian.ru/sale/flat/322938111/,3plus,2026-09-05 11:28
331282471,sale,4,False,235000000,1566666.67,150.0,100.0,20.0,2,14,2022.0,monolith,Хамовники,,free,False,Садовые кварталы,"Москва, Усачёва ул., 15а",55.7256,37.570276,,,,,2026-09-03,https://www.cian.ru/sale/flat/331282471/,3plus,2026-09-05 11:28
323955420,sale,4,False,335000000,2447041.64,136.9,,20.6,5,12,,,Хамовники,,free,False,Садовые кварталы,"Москва Усачева , 13кГ",55.726157,37.57201,,,,,2026-09-04,https://www.cian.ru/sale/flat/323955420/,3plus,2026-09-05 11:28
326364990,sale,3,False,165000000,1269230.77,130.0,80.0,15.0,3,8,,monolith,Хамовники,,alternative,False,Лужники Хаус,"Москва, Хамовнический Вал ул, 36",55.722588,37.558391,,,,,2026-09-03,https://www.cian.ru/sale/flat/326364990/,3plus,2026-09-05 11:28
313797065,sale,6,False,818000000,1621728.79,504.4,300.0,50.0,4,7,2003.0,brick,Хамовники,,free,False,Дворянское гнездо,"Россия, Москва, Большой Лёвшинский переулок, 11",55.742164,37.58835,,,,,2026-08-31,https://www.cian.ru/sale/flat/313797065/,3plus,2026-09-05 11:28
320259522,sale,4,False,455000000,2674897.12,170.1,51.6,51.6,9,12,,monolith,Хамовники,,dupt,False,Клубный квартал «Фрунзенский»,"Россия, Москва, Центральный административный округ, район Хамовники, 465-й квартал, ЖК Фрунзенская Набережная",55.7244588775083,37.5843810123283,,,,,2026-09-04,https://www.cian.ru/sale/flat/320259522/,3plus,2026-09-05 11:28
314942994,sale,3,False,219900000,1653383.46,133.0,,30.0,10,13,,monolith,Хамовники,,free,False,Садовые кварталы,"Россия, Москва, Усачёва улица, 15А",55.7256,37.570276,,,,,2026-09-02,https://www.cian.ru/sale/flat/314942994/,3plus,2026-09-05 11:28
332804532,sale,3,False,245000000,1670074.98,146.7,41.0,50.6,12,18,,monolith,Хамовники,,dupt,False,КОЛЛЕКЦИЯ ЛУЖНИКИ,"Москва, Лужнецкая",55.7152023823584,37.5729976389884,,,,,2026-09-03,https://www.cian.ru/sale/flat/332804532/,3plus,2026-09-05 11:28
329874094,sale,5,False,295000000,1372093.02,215.0,,20.0,15,15,,monolithBrick,Хамовники,,free,False,,"Москва, Саввинская набережная  , 9",55.736914,37.569396,,,,,2026-08-21,https://www.cian.ru/sale/flat/329874094/,3plus,2026-09-05 11:28
